"'10","'004","'00","'010","'0000","1","何淦銘","'999","'1","'0480711","59","臺灣省","碩士","Y","*"," "
"'10","'004","'00","'010","'0000","2","陳榮燦","'999","'1","'0450828","62","臺灣省","專科","N"," "," "
"'10","'004","'00","'010","'0000","3","楊敬賜","'1","'1","'0420525","65","臺灣省","碩士","N"," "," "
"'10","'004","'00","'020","'0000","1","吳勝松","'1","'1","'0461022","61","臺灣省","高中","N"," "," "
"'10","'004","'00","'020","'0000","2","羅吉祥","'1","'1","'0460820","61","臺灣省","專科","N","*"," "
"'10","'004","'00","'030","'0000","1","林保祿","'999","'1","'0460302","61","臺灣省","大學","Y","*"," "
"'10","'004","'00","'040","'0000","1","黃源慶","'999","'1","'0421016","65","臺灣省","高中","N"," "," "
"'10","'004","'00","'040","'0000","2","劉德樑","'1","'1","'0450902","62","臺灣省","專科","N","*"," "
"'10","'004","'00","'040","'0000","3","邱春桃","'999","'2","'0380812","69","臺灣省","大學","N"," "," "
"'10","'004","'00","'050","'0000","1","林志華","'1","'1","'0540317","53","新北市","碩士","Y","*"," "
"'10","'004","'00","'050","'0000","2","張春鳳","'999","'2","'0430223","64","高雄市","高中","N"," "," "
"'10","'004","'00","'060","'0000","1","徐煒傑","'999","'1","'0500329","57","臺灣省","專科","N"," "," "
"'10","'004","'00","'060","'0000","2","黃金樓","'999","'1","'0540831","53","臺灣省","大學","N"," "," "
"'10","'004","'00","'060","'0000","3","何寬森","'999","'1","'0500606","57","臺灣省","高中","N"," "," "
"'10","'004","'00","'060","'0000","4","羅春蘭","'999","'2","'0510201","56","臺灣省","高中","N"," "," "
"'10","'004","'00","'060","'0000","5","姜政焜","'999","'1","'0691119","38","臺灣省","高中","N"," "," "
"'10","'004","'00","'060","'0000","6","許秋澤","'1","'1","'0590103","48","臺灣省","專科","N","*"," "
"'10","'004","'00","'060","'0000","7","林祺鐵","'16","'1","'0620701","45","臺灣省","碩士","N"," "," "
"'10","'004","'00","'070","'0000","1","黃正彪","'1","'1","'0660324","41","臺灣省","碩士","N","*"," "
"'10","'004","'00","'070","'0000","2","楊秋賢","'1","'1","'0430809","64","臺灣省","碩士","N"," "," "
"'10","'004","'00","'080","'0000","1","張志弘","'1","'1","'0481010","59","臺灣省","碩士","N","*"," "
"'10","'004","'00","'080","'0000","2","彭裕文","'999","'1","'0500319","57","臺灣省","高中","N"," "," "
"'10","'004","'00","'090","'0000","1","陳權欣","'999","'1","'0440225","63","臺灣省","專科","N"," "," "
"'10","'004","'00","'090","'0000","2","楊葵琇","'999","'1","'0540310","53","臺灣省","專科","N"," "," "
"'10","'004","'00","'090","'0000","3","姜良明","'999","'1","'0430102","64","臺灣省","專科","Y"," "," "
"'10","'004","'00","'090","'0000","4","彭國榮","'999","'1","'0380207","69","臺灣省","高中","N"," "," "
"'10","'004","'00","'090","'0000","5","莊明增","'1","'1","'0620101","45","臺灣省","高中(職)以下","N","*"," "
"'10","'004","'00","'100","'0000","1","邱坤桶","'1","'1","'0500210","57","臺灣省","大學","Y","*"," "
"'10","'004","'00","'100","'0000","2","范玉燕","'999","'2","'0451226","61","臺灣省","大學","N"," "," "
"'10","'004","'00","'110","'0000","1","黃森昌","'999","'1","'0470201","60","臺灣省","高中","N"," "," "
"'10","'004","'00","'110","'0000","2","王增忠","'1","'1","'0560211","51","臺灣省","高中","N","*"," "
"'10","'004","'00","'120","'0000","1","曾國大","'1","'1","'0580705","49","臺灣省","碩士","N","*"," "
"'10","'004","'00","'120","'0000","2","范坤松","'999","'1","'0340507","73","臺灣省","高中","N"," "," "
"'10","'004","'00","'130","'0000","1","朱劍鳴","'999","'1","'0550318","52","臺灣省","碩士","N"," "," "
"'10","'004","'00","'130","'0000","2","張輝榮","'999","'1","'0560907","51","臺灣省","高中","N"," "," "
"'10","'004","'00","'130","'0000","3","葛忠義","'999","'1","'0471222","59","臺灣省","專科","N","*"," "
"'10","'004","'00","'130","'0000","4","曾榮貴","'1","'1","'0420410","65","臺灣省","大學","N"," "," "
"'10","'005","'00","'010","'0000","1","賴桂煖","'999","'1","'0471110","60","臺灣省","碩士","N"," "," "
"'10","'005","'00","'010","'0000","2","張喜慶","'999","'1","'0440205","63","臺灣省","大學","N"," "," "
"'10","'005","'00","'010","'0000","3","邱鎮軍","'1","'1","'0601207","46","臺灣省","碩士","N","*"," "
"'10","'005","'00","'020","'0000","1","陳薈茗","'999","'2","'0710813","36","臺灣省","大學","N"," "," "
"'10","'005","'00","'020","'0000","2","劉寶鈴","'999","'2","'0580102","49","臺灣省","高中","N"," "," "
"'10","'005","'00","'020","'0000","3","劉秋東","'999","'1","'0530520","54","臺灣省","專科","N","*"," "
"'10","'005","'00","'030","'0000","1","邱德宏","'999","'1","'0620106","45","臺灣省","碩士","N"," "," "
"'10","'005","'00","'030","'0000","2","陳漢志","'999","'1","'0550722","52","臺灣省","碩士","N","*"," "
"'10","'005","'00","'030","'0000","3","巫恒昭","'999","'1","'0520219","55","臺灣省","專科","N"," "," "
"'10","'005","'00","'030","'0000","4","杜文卿","'999","'1","'0431030","64","臺灣省","大學","N"," "," "
"'10","'005","'00","'030","'0000","5","周玉滿","'999","'2","'0511020","56","桃園市","專科","N"," "," "
"'10","'005","'00","'040","'0000","1","方進興","'1","'1","'0530304","54","臺灣省","大學","N","*"," "
"'10","'005","'00","'040","'0000","2","陳聖元","'16","'1","'0530815","54","臺灣省","碩士","N"," "," "
"'10","'005","'00","'040","'0000","3","謝端容","'1","'2","'0460710","61","臺灣省","碩士","N"," "," "
"'10","'005","'00","'040","'0000","4","連森裕","'999","'1","'0570415","50","臺灣省","碩士","N"," "," "
"'10","'005","'00","'040","'0000","5","康世儒","'999","'1","'0530116","54","臺灣省","專科","N"," "," "
"'10","'005","'00","'050","'0000","1","陳永賢","'1","'1","'0450726","62","臺灣省","高中","N"," "," "
"'10","'005","'00","'050","'0000","2","黃育烈","'999","'1","'0530616","54","臺灣省","碩士","N"," "," "
"'10","'005","'00","'050","'0000","3","羅雪珠","'999","'2","'0470208","60","臺灣省","專科","N","*"," "
"'10","'005","'00","'060","'0000","1","湯美雲","'999","'2","'0610525","46","臺灣省","專科","N"," "," "
"'10","'005","'00","'060","'0000","2","朱秋隆","'1","'1","'0490830","58","臺灣省","專科","Y","*"," "
"'10","'005","'00","'070","'0000","1","詹錦章","'999","'1","'0430423","64","臺灣省","高中","N","*"," "
"'10","'005","'00","'070","'0000","2","詹坤金","'999","'1","'0530516","54","臺灣省","專科","Y"," "," "
"'10","'005","'00","'080","'0000","1","陳永福","'999","'1","'0410219","66","臺灣省","高中","N"," "," "
"'10","'005","'00","'080","'0000","2","胡娘妹","'1","'2","'0450528","62","臺灣省","大學","Y","*"," "
"'10","'005","'00","'090","'0000","1","曾美露","'1","'2","'0440113","63","臺灣省","高中","Y","*"," "
"'10","'005","'00","'100","'0000","1","謝昌年","'999","'1","'0550102","52","臺灣省","大學","N"," "," "
"'10","'005","'00","'100","'0000","2","李瑞廷","'1","'1","'0450215","62","臺灣省","大學","N","*"," "
"'10","'005","'00","'110","'0000","1","劉月梅","'1","'2","'0461005","61","臺灣省","高中","N"," "," "
"'10","'005","'00","'110","'0000","2","邱梓增","'999","'1","'0470912","60","臺灣省","高中","N","*"," "
"'10","'005","'00","'120","'0000","1","徐月蘭","'999","'2","'0500616","57","臺灣省","高中","N"," "," "
"'10","'005","'00","'120","'0000","2","彭正榮","'999","'1","'0340430","73","臺灣省","高中(職)以下","N"," "," "
"'10","'005","'00","'120","'0000","3","徐鑫榮","'999","'1","'0480917","59","臺灣省","高中","N","*"," "
"'10","'005","'00","'130","'0000","1","鄭淑如","'999","'2","'0531205","53","臺灣省","大學","N"," "," "
"'10","'005","'00","'130","'0000","2","呂明忠","'1","'1","'0481017","59","臺灣省","高中","N","*"," "
"'10","'005","'00","'130","'0000","3","劉騏勝","'999","'1","'0480205","59","臺灣省","高中","N"," "," "
"'10","'005","'00","'140","'0000","1","高阿賜","'999","'1","'0460317","61","臺灣省","高中","N","*"," "
"'10","'005","'00","'150","'0000","1","黃天貴","'1","'1","'0411215","65","臺灣省","高中","N","*"," "
"'10","'005","'00","'160","'0000","1","温志強","'999","'1","'0590602","48","臺灣省","專科","Y","*"," "
"'10","'005","'00","'170","'0000","1","謝春梅","'1","'2","'0410202","66","臺灣省","高中","Y","*"," "
"'10","'005","'00","'170","'0000","2","李春貴","'999","'1","'0480708","59","臺灣省","專科","N"," "," "
"'10","'005","'00","'180","'0000","1","劉美蘭 Iwan．Sigiy","'1","'2","'0511023","56","臺灣省","專科","Y","*"," "
"'10","'005","'00","'180","'0000","2","盧光明","'16","'1","'0620209","45","臺灣省","碩士","N"," "," "
"'10","'005","'00","'180","'0000","3","陳吉基","'999","'1","'0591104","48","臺灣省","專科","N"," "," "
"'10","'007","'00","'010","'0000","1","張東正","'1","'1","'0580513","49","臺灣省","碩士","N"," "," "
"'10","'007","'00","'010","'0000","2","林世賢","'16","'1","'0480601","59","臺灣省","專科","N","*"," "
"'10","'007","'00","'010","'0000","3","黄玉芬","'999","'2","'0711110","36","臺灣省","碩士","N"," "," "
"'10","'007","'00","'020","'0000","1","黃敦義","'999","'1","'0511220","55","臺灣省","大學","N"," "," "
"'10","'007","'00","'020","'0000","2","施性鍾","'999","'1","'0410717","66","臺灣省","高中(職)以下","N"," "," "
"'10","'007","'00","'020","'0000","3","潘順良","'16","'1","'0540425","53","臺灣省","高中(職)以下","N"," "," "
"'10","'007","'00","'020","'0000","4","許志宏","'1","'1","'0620118","45","臺灣省","碩士","N","*"," "
"'10","'007","'00","'030","'0000","1","陳文彬","'16","'1","'0580310","49","臺灣省","碩士","N"," "," "
"'10","'007","'00","'030","'0000","2","阮厚爵","'1","'1","'0591106","48","臺灣省","碩士","Y","*"," "
"'10","'007","'00","'040","'0000","1","黃浚豪","'999","'1","'0491222","57","臺灣省","其他","Y"," "," "
"'10","'007","'00","'040","'0000","2","蘇韋峻","'999","'1","'0670426","40","臺灣省","高中","N","*"," "
"'10","'007","'00","'050","'0000","1","曾煥彰","'1","'1","'0450520","62","臺灣省","大學","Y","*"," "
"'10","'007","'00","'060","'0000","1","粘勝傑","'999","'1","'0530126","54","臺灣省","碩士","N"," "," "
"'10","'007","'00","'060","'0000","2","許誠龍","'1","'1","'0531118","54","臺灣省","高中","N"," "," "
"'10","'007","'00","'060","'0000","3","蔣煙燈","'16","'1","'0480213","59","臺灣省","專科","N","*"," "
"'10","'007","'00","'070","'0000","1","丁金山","'999","'1","'0500410","57","臺灣省","專科","N"," "," "
"'10","'007","'00","'070","'0000","2","梁禎祥","'16","'1","'0360106","71","臺灣省","高中","Y"," "," "
"'10","'007","'00","'070","'0000","3","陳文欣","'1","'1","'0460101","61","臺灣省","高中","N"," "," "
"'10","'007","'00","'070","'0000","4","林英嘉","'999","'1","'0580506","49","臺灣省","大學","N","*"," "
"'10","'007","'00","'080","'0000","1","顧勝敏","'1","'1","'0680513","39","臺灣省","碩士","N","*"," "
"'10","'007","'00","'080","'0000","2","陳振欽","'16","'1","'0570102","50","臺灣省","專科","N"," "," "
"'10","'007","'00","'080","'0000","3","李岳珉","'999","'1","'0511128","55","臺灣省","專科","N"," "," "
"'10","'007","'00","'080","'0000","4","賴世祥","'999","'1","'0570716","50","臺灣省","大學","N"," "," "
"'10","'007","'00","'090","'0000","1","曾世勇","'1","'1","'0490318","58","臺灣省","碩士","N"," "," "
"'10","'007","'00","'090","'0000","2","林世明","'16","'1","'0651031","42","臺灣省","碩士","N","*"," "
"'10","'007","'00","'100","'0000","1","游振雄","'1","'1","'0510208","56","臺灣省","大學","N","*"," "
"'10","'007","'00","'100","'0000","2","李金龍","'999","'1","'0540204","53","臺灣省","專科","N"," "," "
"'10","'007","'00","'100","'0000","3","張文和","'999","'1","'0370704","70","臺灣省","大學","N"," "," "
"'10","'007","'00","'100","'0000","4","林錦泉","'999","'1","'0390320","68","臺灣省","高中(職)以下","N"," "," "
"'10","'007","'00","'100","'0000","5","陳秋蓉","'16","'2","'0550717","52","臺灣省","碩士","N"," "," "
"'10","'007","'00","'110","'0000","1","楊福建","'16","'1","'0440404","63","臺灣省","其他","Y"," "," "
"'10","'007","'00","'110","'0000","2","黃瑞珠","'1","'2","'0530305","54","臺灣省","高中","N","*"," "
"'10","'007","'00","'120","'0000","1","謝秉儒","'1","'1","'0420107","65","臺灣省","大學","N"," "," "
"'10","'007","'00","'120","'0000","2","謝文賢","'999","'1","'0410110","66","臺灣省","其他","Y"," "," "
"'10","'007","'00","'120","'0000","3","洪麗娜","'999","'2","'0441016","63","臺灣省","專科","N","*"," "
"'10","'007","'00","'120","'0000","4","陳信國","'999","'1","'0441225","62","臺灣省","其他","N"," "," "
"'10","'007","'00","'130","'0000","1","賴錫卿","'16","'1","'0401029","67","臺灣省","大學","N"," "," "
"'10","'007","'00","'130","'0000","2","游盛","'1","'1","'0540208","53","臺灣省","大學","Y","*"," "
"'10","'007","'00","'140","'0000","1","黄素錦","'999","'2","'0530716","54","臺灣省","大學","N"," "," "
"'10","'007","'00","'140","'0000","2","許文萍","'999","'2","'0650709","42","臺灣省","高中","N","*"," "
"'10","'007","'00","'140","'0000","3","施燈源","'999","'1","'0540120","53","臺灣省","高中","N"," "," "
"'10","'007","'00","'140","'0000","4","陳東松","'999","'1","'0501010","57","臺灣省","碩士","N"," "," "
"'10","'007","'00","'140","'0000","5","謝采芳","'16","'2","'0690325","38","臺灣省","大學","N"," "," "
"'10","'007","'00","'140","'0000","6","施建樑","'1","'1","'0600429","47","臺灣省","大學","N"," "," "
"'10","'007","'00","'140","'0000","7","林斯明","'999","'1","'0390420","68","臺灣省","大學","N"," "," "
"'10","'007","'00","'150","'0000","1","張乘瑜","'16","'1","'0570327","50","臺灣省","碩士","Y","*"," "
"'10","'007","'00","'150","'0000","2","謝采純","'1","'2","'0531110","54","臺灣省","碩士","N"," "," "
"'10","'007","'00","'150","'0000","3","張佩瑩","'999","'2","'0630811","44","臺灣省","大學","N"," "," "
"'10","'007","'00","'150","'0000","4","黃金吉","'999","'1","'0590417","48","臺灣省","高中","N"," "," "
"'10","'007","'00","'150","'0000","5","葉俊傑","'999","'1","'0401213","66","臺灣省","其他","N"," "," "
"'10","'007","'00","'160","'0000","1","邱榮昌","'999","'1","'0350203","72","臺灣省","大學","N"," "," "
"'10","'007","'00","'160","'0000","2","詹木根","'999","'1","'0520303","55","臺灣省","專科","Y","*"," "
"'10","'007","'00","'160","'0000","3","陳丁進","'999","'1","'0550120","52","臺灣省","碩士","N"," "," "
"'10","'007","'00","'170","'0000","1","劉錦昌","'16","'1","'0480412","59","臺灣省","高中","Y","*"," "
"'10","'007","'00","'170","'0000","2","蘇芳蘭","'1","'2","'0480915","59","臺灣省","高中","N"," "," "
"'10","'007","'00","'180","'0000","1","蘇界欽","'999","'1","'0521030","55","臺中市","高中(職)以下","N","*"," "
"'10","'007","'00","'180","'0000","2","鄭蒼陽","'999","'1","'0470310","60","臺灣省","高中","Y"," "," "
"'10","'007","'00","'190","'0000","1","顏旭信","'999","'1","'0371010","70","臺灣省","高中","N"," "," "
"'10","'007","'00","'190","'0000","2","顏宏霖","'999","'1","'0561206","50","臺灣省","專科","N"," "," "
"'10","'007","'00","'190","'0000","3","李玄在","'1","'1","'0540110","53","臺灣省","高中","N","*"," "
"'10","'007","'00","'190","'0000","4","王東魚","'16","'1","'0610924","46","臺灣省","高中","N"," "," "
"'10","'007","'00","'200","'0000","1","曾萬火","'999","'1","'0390120","68","臺灣省","高中(職)以下","N"," "," "
"'10","'007","'00","'200","'0000","2","陳光輝","'999","'1","'0440516","63","臺灣省","高中","N"," "," "
"'10","'007","'00","'200","'0000","3","蔡詩傑","'999","'1","'0491202","57","臺灣省","博士","N","*"," "
"'10","'007","'00","'210","'0000","1","黃坤煌","'999","'1","'0591001","48","臺灣省","大學","N"," "," "
"'10","'007","'00","'210","'0000","2","許登旺","'999","'1","'0450914","62","臺灣省","專科","N"," "," "
"'10","'007","'00","'210","'0000","3","林守政","'999","'1","'0480405","59","臺灣省","大學","N","*"," "
"'10","'007","'00","'220","'0000","1","杜懿彩","'999","'2","'0530413","54","臺灣省","專科","N","*"," "
"'10","'007","'00","'220","'0000","2","謝志能","'16","'1","'0640102","43","臺灣省","大學","N"," "," "
"'10","'007","'00","'220","'0000","3","蕭秋龍","'999","'1","'0540201","53","臺灣省","高中","N"," "," "
"'10","'007","'00","'220","'0000","4","陳滄炅","'999","'1","'0510515","56","臺灣省","高中","N"," "," "
"'10","'007","'00","'230","'0000","1","洪和炉","'16","'1","'0461101","61","臺灣省","高中(職)以下","Y","*"," "
"'10","'007","'00","'230","'0000","2","林保玲","'1","'2","'0530218","54","臺灣省","碩士","N"," "," "
"'10","'007","'00","'230","'0000","3","林濟民","'999","'1","'0481110","59","臺灣省","高中","N"," "," "
"'10","'007","'00","'240","'0000","1","蔡鴻喜","'16","'1","'0491017","58","臺灣省","高中(職)以下","Y","*"," "
"'10","'007","'00","'240","'0000","2","陳楨宜","'1","'2","'0500503","57","臺灣省","專科","N"," "," "
"'10","'007","'00","'250","'0000","1","蔡碩任","'999","'1","'0640904","43","臺灣省","其他","N","*"," "
"'10","'007","'00","'250","'0000","2","林浚熙","'16","'1","'0551102","52","臺灣省","大學","N"," "," "
"'10","'007","'00","'260","'0000","1","李俊諭","'16","'1","'0470523","60","臺灣省","專科","N"," "," "
"'10","'007","'00","'260","'0000","2","江淑芬","'1","'2","'0500419","57","臺灣省","高中","N","*"," "
"'10","'007","'00","'260","'0000","3","黃學信","'999","'1","'0460417","61","臺灣省","專科","N"," "," "
"'10","'007","'00","'260","'0000","4","劉禮財","'999","'1","'0441130","62","臺灣省","高中","N"," "," "
"'10","'008","'00","'010","'0000","1","宋懷琳","'1","'2","'0441104","63","臺中市","碩士","Y","*"," "
"'10","'008","'00","'010","'0000","2","藍明浩","'999","'1","'0700810","37","臺灣省","碩士","N"," "," "
"'10","'008","'00","'010","'0000","3","張美蘭","'999","'2","'0480309","59","臺灣省","高中","N"," "," "
"'10","'008","'00","'020","'0000","1","蔡清輝","'999","'1","'0550815","52","臺灣省","博士","N"," "," "
"'10","'008","'00","'020","'0000","2","吳國昌","'1","'1","'0440129","63","臺灣省","高中","N"," "," "
"'10","'008","'00","'020","'0000","3","廖志城","'16","'1","'0511111","56","臺灣省","高中","N","*"," "
"'10","'008","'00","'030","'0000","1","周信利","'999","'1","'0441008","63","臺灣省","碩士","N"," "," "
"'10","'008","'00","'030","'0000","2","簡景賢","'1","'1","'0481223","58","臺灣省","碩士","N","*"," "
"'10","'008","'00","'030","'0000","3","林永鴻","'16","'1","'0590701","48","臺灣省","碩士","N"," "," "
"'10","'008","'00","'040","'0000","1","蔡宜助","'1","'1","'0680530","39","臺灣省","碩士","N"," "," "
"'10","'008","'00","'040","'0000","2","黃丹怡","'16","'2","'0560911","51","臺灣省","專科","Y"," "," "
"'10","'008","'00","'040","'0000","3","陳東睦","'999","'1","'0520228","55","臺灣省","專科","N","*"," "
"'10","'008","'00","'050","'0000","1","陳嬉旻","'999","'2","'0650622","42","臺灣省","碩士","N"," "," "
"'10","'008","'00","'050","'0000","2","吳正國","'999","'1","'0540301","53","臺灣省","高中","N"," "," "
"'10","'008","'00","'050","'0000","3","吳大村","'1","'1","'0520403","55","臺灣省","專科","N"," "," "
"'10","'008","'00","'050","'0000","4","陳紀衡","'999","'1","'0740913","33","臺灣省","大學","Y","*"," "
"'10","'008","'00","'060","'0000","1","陳文德","'999","'1","'0520201","55","臺灣省","大學","Y","*"," "
"'10","'008","'00","'060","'0000","2","陳聰鑑","'16","'1","'0521027","55","臺灣省","專科","N"," "," "
"'10","'008","'00","'070","'0000","1","許素霞","'1","'2","'0530310","54","臺灣省","專科","N"," "," "
"'10","'008","'00","'070","'0000","2","邱如平","'999","'1","'0511021","56","臺灣省","高中","N","*"," "
"'10","'008","'00","'080","'0000","1","蕭同宏","'999","'1","'0651109","42","臺灣省","專科","N"," "," "
"'10","'008","'00","'080","'0000","2","張裕發","'999","'1","'0540310","53","臺灣省","高中","N"," "," "
"'10","'008","'00","'080","'0000","3","陳坤星","'16","'1","'0431128","63","臺灣省","大學","N"," "," "
"'10","'008","'00","'080","'0000","4","廖宜賢","'1","'1","'0390822","68","臺灣省","大學","N","*"," "
"'10","'008","'00","'090","'0000","1","王聖中","'999","'1","'0550522","52","臺灣省","專科","N"," "," "
"'10","'008","'00","'090","'0000","2","劉啟帆","'16","'1","'0671113","40","臺灣省","博士","N","*"," "
"'10","'008","'00","'090","'0000","3","黃馨瑩","'1","'2","'0550219","52","臺灣省","專科","N"," "," "
"'10","'008","'00","'100","'0000","1","丘埔生","'999","'1","'0490226","58","新北市","碩士","Y","*"," "
"'10","'008","'00","'100","'0000","2","邱美玲","'1","'2","'0600301","47","臺灣省","專科","N"," "," "
"'10","'008","'00","'110","'0000","1","江龍漢","'999","'1","'0430728","64","臺灣省","專科","N"," "," "
"'10","'008","'00","'110","'0000","2","陳中明","'1","'1","'0420526","65","臺灣省","碩士","N"," "," "
"'10","'008","'00","'110","'0000","3","陳癸佑","'999","'1","'0570915","50","臺灣省","大學","Y","*"," "
"'10","'008","'00","'110","'0000","4","徐國賢","'999","'1","'0401005","67","臺中市","高中","N"," "," "
"'10","'008","'00","'120","'0000","1","全志堅","'1","'1","'0641219","42","臺灣省","高中","N","*"," "
"'10","'008","'00","'120","'0000","2","全正文 Lian Suqluman","'999","'1","'0451010","62","臺灣省","碩士","N"," "," "
"'10","'008","'00","'120","'0000","3","伍聰仁Paki．takistahai-ian","'1","'1","'0481129","58","臺灣省","碩士","N"," "," "
"'10","'008","'00","'130","'0000","1","江子信","'1","'1","'0570912","50","臺灣省","大學","Y"," "," "
"'10","'008","'00","'130","'0000","2","吳文忠","'999","'1","'0600628","47","臺灣省","大學","N","*"," "
"'10","'009","'00","'010","'0000","1","陳明章","'999","'1","'0510501","56","臺灣省","高中(職)以下","N"," "," "
"'10","'009","'00","'010","'0000","2","林慧如","'16","'2","'0510607","56","臺灣省","大學","N"," "," "
"'10","'009","'00","'010","'0000","3","林聖爵","'1","'1","'0651125","41","臺灣省","大學","N","*"," "
"'10","'009","'00","'010","'0000","4","黃劭偉","'999","'1","'0390515","68","臺灣省","大學","N"," "," "
"'10","'009","'00","'020","'0000","1","吳滄得","'16","'1","'0410920","66","臺灣省","高中","N"," "," "
"'10","'009","'00","'020","'0000","2","沈暉勛","'999","'1","'0590129","48","臺灣省","大學","N","*"," "
"'10","'009","'00","'020","'0000","3","簡慈坊","'999","'2","'0700712","37","臺灣省","碩士","N"," "," "
"'10","'009","'00","'020","'0000","4","張有擇","'1","'1","'0430515","64","臺灣省","高中","N"," "," "
"'10","'009","'00","'030","'0000","1","林新丁","'16","'1","'0410522","66","臺灣省","碩士","N"," "," "
"'10","'009","'00","'030","'0000","2","丁學忠","'999","'1","'0590628","48","臺灣省","高中","N","*"," "
"'10","'009","'00","'030","'0000","3","陳威成","'999","'1","'0550208","52","臺灣省","碩士","N"," "," "
"'10","'009","'00","'030","'0000","4","陳獻堂","'999","'1","'0620708","45","臺灣省","碩士","N"," "," "
"'10","'009","'00","'040","'0000","1","蕭澤梧","'999","'1","'0470217","60","臺灣省","大學","N"," "," "
"'10","'009","'00","'040","'0000","2","鍾美雲","'999","'2","'0530507","54","臺灣省","高中(職)以下","N"," "," "
"'10","'009","'00","'040","'0000","3","鍾任明","'1","'1","'0620925","45","臺灣省","碩士","N"," "," "
"'10","'009","'00","'040","'0000","4","鄭玲惠","'16","'2","'0501017","57","臺灣省","高中","Y","*"," "
"'10","'009","'00","'040","'0000","5","蔡德福","'1","'1","'0420104","65","臺灣省","高中","N"," "," "
"'10","'009","'00","'050","'0000","1","陳慶助","'999","'1","'0450115","62","臺灣省","高中","Y"," "," "
"'10","'009","'00","'050","'0000","2","張新榮","'999","'1","'0440121","63","臺灣省","高中(職)以下","N"," "," "
"'10","'009","'00","'050","'0000","3","張榮麗","'16","'2","'0530512","54","臺灣省","碩士","N","*"," "
"'10","'009","'00","'060","'0000","1","蕭永義","'999","'1","'0520305","55","臺灣省","大學","N","*"," "
"'10","'009","'00","'060","'0000","2","張勝智","'16","'1","'0551126","51","臺灣省","大學","Y"," "," "
"'10","'009","'00","'070","'0000","1","沈勝騰","'999","'1","'0470715","60","臺灣省","高中(職)以下","N","*"," "
"'10","'009","'00","'070","'0000","2","黃意玲","'16","'2","'0601122","47","臺灣省","碩士","Y"," "," "
"'10","'009","'00","'080","'0000","1","王豊吉","'999","'1","'0490205","58","臺灣省","高中","N"," "," "
"'10","'009","'00","'080","'0000","2","林森寳","'999","'1","'0521216","54","臺灣省","高中(職)以下","N","*"," "
"'10","'009","'00","'080","'0000","3","林朝寶","'999","'1","'0590517","48","臺灣省","大學","N"," "," "
"'10","'009","'00","'080","'0000","4","陳大松","'16","'1","'0430302","64","臺灣省","高中(職)以下","N"," "," "
"'10","'009","'00","'080","'0000","5","張啓學","'999","'1","'0631127","43","臺灣省","專科","N"," "," "
"'10","'009","'00","'090","'0000","1","林靖焜","'999","'1","'0531126","53","臺灣省","專科","N","*"," "
"'10","'009","'00","'090","'0000","2","廖秋蓉","'16","'2","'0540912","53","臺灣省","高中","Y"," "," "
"'10","'009","'00","'100","'0000","1","鄭麗疇","'999","'2","'0560305","51","臺灣省","高中","N"," "," "
"'10","'009","'00","'100","'0000","2","張維崢","'16","'1","'0570216","50","臺灣省","碩士","Y","*"," "
"'10","'009","'00","'110","'0000","1","鍾福助","'16","'1","'0450702","62","臺灣省","高中","Y","*"," "
"'10","'009","'00","'110","'0000","2","楊創民","'999","'1","'0531210","53","臺灣省","高中(職)以下","N"," "," "
"'10","'009","'00","'120","'0000","1","李合同","'1","'1","'0461220","60","臺灣省","大學","N"," "," "
"'10","'009","'00","'120","'0000","2","李慶隆","'999","'1","'0440320","63","臺灣省","高中","N"," "," "
"'10","'009","'00","'120","'0000","3","李泓儀","'16","'1","'0570323","50","臺灣省","高中(職)以下","N","*"," "
"'10","'009","'00","'130","'0000","1","蔡長昆","'999","'1","'0490302","58","臺灣省","高中(職)以下","N","*"," "
"'10","'009","'00","'140","'0000","1","林維戊","'999","'1","'0561101","51","臺灣省","高中","Y","*"," "
"'10","'009","'00","'140","'0000","2","張健福","'16","'1","'0590429","48","臺灣省","高中","N"," "," "
"'10","'009","'00","'150","'0000","1","陳建名","'16","'1","'0671005","40","臺灣省","專科","N","*"," "
"'10","'009","'00","'150","'0000","2","黃麗花","'1","'2","'0580925","49","臺灣省","高中","N"," "," "
"'10","'009","'00","'160","'0000","1","戴進隆","'999","'1","'0570115","50","臺灣省","碩士","N"," "," "
"'10","'009","'00","'160","'0000","2","林芬瑩","'999","'2","'0610126","46","臺灣省","高中(職)以下","N","*"," "
"'10","'009","'00","'170","'0000","1","李榮章","'999","'1","'0670729","40","新北市","高中","N"," "," "
"'10","'009","'00","'170","'0000","2","李明明","'16","'2","'0570912","50","臺灣省","大學","N","*"," "
"'10","'009","'00","'180","'0000","1","蘇國瓏","'999","'1","'0610812","46","臺灣省","大學","Y","*"," "
"'10","'009","'00","'180","'0000","2","鄭國川","'999","'1","'0430214","64","臺灣省","大學","N"," "," "
"'10","'009","'00","'190","'0000","1","李宗霖","'999","'1","'0700320","37","臺灣省","大學","N"," "," "
"'10","'009","'00","'190","'0000","2","林哲凌","'16","'1","'0521203","54","臺灣省","大學","Y","*"," "
"'10","'009","'00","'200","'0000","1","李明遠","'999","'1","'0620911","45","臺灣省","專科","N"," "," "
"'10","'009","'00","'200","'0000","2","許山埜","'16","'1","'0510228","56","臺灣省","高中","N","*"," "
"'10","'009","'00","'200","'0000","3","李漢卿","'999","'1","'0621123","45","臺灣省","高中(職)以下","N"," "," "
"'10","'010","'00","'010","'0000","1","黃榮利","'16","'1","'0440104","63","臺灣省","大學","Y","*"," "
"'10","'010","'00","'020","'0000","1","黃福卿","'999","'1","'0540102","53","臺灣省","高中(職)以下","N"," "," "
"'10","'010","'00","'020","'0000","2","吳品叡","'999","'2","'0750830","32","臺灣省","碩士","N","*"," "
"'10","'010","'00","'020","'0000","3","黃基全","'16","'1","'0440515","63","臺灣省","專科","N"," "," "
"'10","'010","'00","'030","'0000","1","陳鳯梅","'16","'2","'0500924","57","臺灣省","大學","Y","*"," "
"'10","'010","'00","'040","'0000","1","葉和平","'16","'1","'0371205","69","臺灣省","其他","Y"," "," "
"'10","'010","'00","'040","'0000","2","簡志偉","'999","'1","'0671017","40","新北市","碩士","N","*"," "
"'10","'010","'00","'040","'0000","3","曾明宗","'999","'1","'0390805","68","臺灣省","博士","N"," "," "
"'10","'010","'00","'040","'0000","4","陳春一","'999","'1","'0560215","51","臺灣省","高中","N"," "," "
"'10","'010","'00","'050","'0000","1","許能通","'999","'1","'0420320","65","臺灣省","碩士","N"," "," "
"'10","'010","'00","'050","'0000","2","何嘉恒","'16","'1","'0440816","63","臺灣省","高中","Y","*"," "
"'10","'010","'00","'060","'0000","1","陳世楓","'999","'1","'0660124","41","臺灣省","高中(職)以下","N"," "," "
"'10","'010","'00","'060","'0000","2","王梅蜂","'999","'2","'0410310","66","臺灣省","大學","N"," "," "
"'10","'010","'00","'060","'0000","3","孫維聰","'999","'1","'0700719","37","新北市","碩士","N","*"," "
"'10","'010","'00","'060","'0000","4","詹金繪","'999","'2","'0461105","61","臺灣省","高中","N"," "," "
"'10","'010","'00","'070","'0000","1","林茂盛","'16","'1","'0460209","61","臺灣省","高中","Y","*"," "
"'10","'010","'00","'070","'0000","2","馬瑞駿","'999","'1","'0510501","56","臺灣省","高中(職)以下","N"," "," "
"'10","'010","'00","'080","'0000","1","陳川崎","'16","'1","'0401010","67","臺灣省","大學","Y","*"," "
"'10","'010","'00","'090","'0000","1","林佳瑩","'999","'2","'0691216","37","臺中市","碩士","Y","*"," "
"'10","'010","'00","'100","'0000","1","顏蔡淑惠","'999","'2","'0430326","64","臺灣省","高中(職)以下","Y"," "," "
"'10","'010","'00","'100","'0000","2","黃阿家","'16","'2","'0491003","58","臺灣省","高中","N","*"," "
"'10","'010","'00","'110","'0000","1","楊秀玉","'16","'2","'0360410","71","臺灣省","大學","Y","*"," "
"'10","'010","'00","'120","'0000","1","劉敬祥","'16","'1","'0531001","54","臺灣省","大學","Y","*"," "
"'10","'010","'00","'120","'0000","2","陳德榮","'1","'1","'0460724","61","臺灣省","碩士","N"," "," "
"'10","'010","'00","'130","'0000","1","李碧菁","'16","'2","'0610828","46","臺灣省","大學","Y","*"," "
"'10","'010","'00","'130","'0000","2","蘇佳男","'999","'1","'0390508","68","臺南市","大學","N"," "," "
"'10","'010","'00","'140","'0000","1","吳金輝","'1","'1","'0480215","59","臺灣省","高中","N"," "," "
"'10","'010","'00","'140","'0000","2","曾亮哲","'16","'1","'0581030","49","臺灣省","專科","N","*"," "
"'10","'010","'00","'140","'0000","3","温良恭","'999","'1","'0470910","60","臺灣省","高中(職)以下","N"," "," "
"'10","'010","'00","'150","'0000","1","黃世裕","'16","'1","'0460208","61","臺灣省","大學","N"," "," "
"'10","'010","'00","'150","'0000","2","林俊謀","'999","'1","'0400130","67","臺中市","專科","N","*"," "
"'10","'010","'00","'160","'0000","1","林清根","'16","'1","'0550308","52","臺灣省","大學","Y","*"," "
"'10","'010","'00","'170","'0000","1","王國波","'999","'1","'0610905","46","臺灣省","高中","N"," "," "
"'10","'010","'00","'170","'0000","2","吳明勲","'999","'1","'0640524","43","臺灣省","大學","N","*"," "
"'10","'010","'00","'180","'0000","1","杜力泉","'999","'1","'0350823","72","臺灣省","專科","Y","*"," "
"'10","'013","'00","'010","'0000","1","林恊松","'1","'1","'0510128","56","臺灣省","大學","N","*"," "
"'10","'013","'00","'010","'0000","2","李清聖","'16","'1","'0541225","52","臺灣省","碩士","N"," "," "
"'10","'013","'00","'020","'0000","1","周品全","'1","'1","'0531111","54","臺灣省","專科","N","*"," "
"'10","'013","'00","'020","'0000","2","潘素霞","'999","'2","'0481009","59","臺灣省","高中","N"," "," "
"'10","'013","'00","'020","'0000","3","蔡恭泰","'16","'1","'0551027","52","臺灣省","大學","N"," "," "
"'10","'013","'00","'030","'0000","1","徐志雄","'16","'1","'0510604","56","臺灣省","高中(職)以下","Y","*"," "
"'10","'013","'00","'030","'0000","2","郭麗勤","'999","'2","'0490912","58","臺灣省","大學","N"," "," "
"'10","'013","'00","'040","'0000","1","盧玉棟","'999","'1","'0470224","60","臺灣省","高中(職)以下","Y","*"," "
"'10","'013","'00","'040","'0000","2","釋慧德","'278","'1","'0500401","57","臺灣省","高中(職)以下","N"," "," "
"'10","'013","'00","'040","'0000","3","張怡","'999","'2","'0650213","42","臺灣省","碩士","N"," "," "
"'10","'013","'00","'040","'0000","4","鄭文龍","'999","'1","'0560205","51","臺北市","大學","N"," "," "
"'10","'013","'00","'040","'0000","5","張榮志","'999","'1","'0480909","59","臺灣省","大學","N"," "," "
"'10","'013","'00","'050","'0000","1","劉昭相","'16","'1","'0411013","66","臺灣省","高中","Y","*"," "
"'10","'013","'00","'050","'0000","2","王金義","'999","'1","'0420102","65","臺灣省","高中","N"," "," "
"'10","'013","'00","'060","'0000","1","古佳川","'999","'1","'0690814","38","臺灣省","大學","N","*"," "
"'10","'013","'00","'060","'0000","2","邱炬峰","'999","'1","'0460923","61","臺灣省","高中","N"," "," "
"'10","'013","'00","'060","'0000","3","黃志仁","'999","'1","'0540130","53","臺灣省","大學","N"," "," "
"'10","'013","'00","'060","'0000","4","林潤錠","'999","'1","'0430829","64","臺灣省","高中","N"," "," "
"'10","'013","'00","'070","'0000","1","盧重彰","'16","'1","'0461025","61","臺灣省","高中","N"," "," "
"'10","'013","'00","'070","'0000","2","鍾慶平","'999","'1","'0571002","50","臺灣省","大學","N","*"," "
"'10","'013","'00","'080","'0000","1","張振亮","'16","'1","'0530421","54","臺灣省","專科","Y","*"," "
"'10","'013","'00","'080","'0000","2","林相君","'999","'2","'0640301","43","臺灣省","專科","N"," "," "
"'10","'013","'00","'090","'0000","1","林秀琴","'999","'2","'0550105","52","高雄市","高中","Y"," "," "
"'10","'013","'00","'090","'0000","2","徐國銘","'999","'1","'0711007","36","臺灣省","專科","N","*"," "
"'10","'013","'00","'100","'0000","1","葉明博","'999","'1","'0450909","62","臺灣省","高中","N"," "," "
"'10","'013","'00","'100","'0000","2","呂家萱","'16","'2","'0680912","39","臺灣省","碩士","N","*"," "
"'10","'013","'00","'110","'0000","1","王樹圍","'999","'1","'0441101","63","臺灣省","碩士","N","*"," "
"'10","'013","'00","'110","'0000","2","楊秀文","'16","'1","'0600817","47","臺灣省","專科","N"," "," "
"'10","'013","'00","'110","'0000","3","潘勝一","'999","'1","'0570912","50","臺灣省","高中","N"," "," "
"'10","'013","'00","'110","'0000","4","梁清旺","'999","'1","'0410620","66","臺灣省","專科","N"," "," "
"'10","'013","'00","'120","'0000","1","曾培書","'999","'1","'0530208","54","臺灣省","大學","N"," "," "
"'10","'013","'00","'120","'0000","2","林國順","'16","'1","'0570118","50","臺灣省","碩士","N","*"," "
"'10","'013","'00","'130","'0000","1","鍾慶鎮","'16","'1","'0570709","50","臺灣省","專科","N","*"," "
"'10","'013","'00","'140","'0000","1","吳振中","'16","'1","'0611204","45","臺灣省","碩士","N"," "," "
"'10","'013","'00","'140","'0000","2","傅民雄","'999","'1","'0500913","57","臺灣省","碩士","Y","*"," "
"'10","'013","'00","'150","'0000","1","林志成","'1","'1","'0550210","52","臺灣省","高中","Y","*"," "
"'10","'013","'00","'150","'0000","2","張美娜","'999","'2","'0471016","60","高雄市","高中","N"," "," "
"'10","'013","'00","'150","'0000","3","曾明輝","'16","'1","'0461020","61","臺灣省","專科","N"," "," "
"'10","'013","'00","'160","'0000","1","陳亞麟","'999","'1","'0751128","31","臺灣省","碩士","N","*"," "
"'10","'013","'00","'160","'0000","2","徐正男","'999","'1","'0620325","45","臺灣省","大學","N"," "," "
"'10","'013","'00","'160","'0000","3","丁勇智","'272","'1","'0590628","48","臺灣省","高中","N"," "," "
"'10","'013","'00","'170","'0000","1","方冠丁","'999","'1","'0541120","53","臺灣省","碩士","N","*"," "
"'10","'013","'00","'170","'0000","2","陳武守","'16","'1","'0490725","58","臺灣省","高中(職)以下","N"," "," "
"'10","'013","'00","'170","'0000","3","黃昭展","'999","'1","'0450320","62","臺灣省","碩士","N"," "," "
"'10","'013","'00","'180","'0000","1","蔡和順","'999","'1","'0491105","58","臺灣省","專科","N"," "," "
"'10","'013","'00","'180","'0000","2","林光華","'16","'1","'0431012","64","臺灣省","專科","Y","*"," "
"'10","'013","'00","'180","'0000","3","曾輝地","'999","'1","'0390428","68","臺灣省","其他","N"," "," "
"'10","'013","'00","'190","'0000","1","陳俊吉","'999","'1","'0510328","56","臺灣省","高中","Y","*"," "
"'10","'013","'00","'190","'0000","2","鄭慶堂","'999","'1","'0520911","55","臺灣省","碩士","N"," "," "
"'10","'013","'00","'200","'0000","1","周聖諭","'16","'1","'0540522","53","臺灣省","高中","N"," "," "
"'10","'013","'00","'200","'0000","2","戴秀金","'999","'2","'0430318","64","臺灣省","碩士","N"," "," "
"'10","'013","'00","'200","'0000","3","黃盈裕","'999","'1","'0670817","40","臺灣省","碩士","Y","*"," "
"'10","'013","'00","'210","'0000","1","林震國","'16","'1","'0450826","62","臺灣省","大學","N"," "," "
"'10","'013","'00","'210","'0000","2","龔日光","'999","'1","'0451219","61","臺灣省","高中(職)以下","Y","*"," "
"'10","'013","'00","'220","'0000","1","陳國在","'999","'1","'0711222","35","高雄市","碩士","N","*"," "
"'10","'013","'00","'220","'0000","2","林愛玲","'999","'2","'0450112","62","臺灣省","高中","N"," "," "
"'10","'013","'00","'230","'0000","1","林世立","'999","'1","'0491007","58","臺灣省","專科","N"," "," "
"'10","'013","'00","'230","'0000","2","林顯水","'1","'1","'0480524","59","臺灣省","碩士","N"," "," "
"'10","'013","'00","'230","'0000","3","董松山","'16","'1","'0520626","55","臺灣省","高中(職)以下","N"," "," "
"'10","'013","'00","'230","'0000","4","張春桂","'999","'2","'0551120","52","臺灣省","高中","Y","*"," "
"'10","'013","'00","'240","'0000","1","莊惠明","'999","'1","'0440601","63","臺灣省","大學","N"," "," "
"'10","'013","'00","'240","'0000","2","古榮福","'999","'1","'0531011","54","臺灣省","碩士","N"," "," "
"'10","'013","'00","'240","'0000","3","余增春","'999","'1","'0521027","55","臺灣省","大學","Y","*"," "
"'10","'013","'00","'250","'0000","1","溫士源","'999","'1","'0480412","59","臺灣省","高中(職)以下","N"," "," "
"'10","'013","'00","'250","'0000","2","羅金良","'16","'1","'0480507","59","臺灣省","高中","N"," "," "
"'10","'013","'00","'250","'0000","3","洪啟能","'999","'1","'0590822","48","臺灣省","專科","Y","*"," "
"'10","'013","'00","'250","'0000","4","陳德昌","'999","'1","'0540409","53","臺灣省","專科","N"," "," "
"'10","'013","'00","'260","'0000","1","鍾富來","'999","'1","'0500929","57","臺灣省","高中(職)以下","N"," "," "
"'10","'013","'00","'260","'0000","2","車牧勒薩以．拉勒格安Cemelesai Ljaljegan","'999","'1","'0601106","47","臺灣省","大學","N","*"," "
"'10","'013","'00","'270","'0000","1","杜國寶","'999","'1","'0420510","65","臺灣省","專科","N"," "," "
"'10","'013","'00","'270","'0000","2","杜正吉","'999","'1","'0460315","61","臺灣省","大學","Y","*"," "
"'10","'013","'00","'280","'0000","1","林永彬","'999","'1","'0440327","63","臺灣省","高中","N"," "," "
"'10","'013","'00","'280","'0000","2","梁明輝","'1","'1","'0450907","62","臺灣省","大學","Y","*"," "
"'10","'013","'00","'290","'0000","1","邱登星Adrucangalj．Drusaljiyan","'1","'1","'0560925","51","臺灣省","大學","Y","*"," "
"'10","'013","'00","'300","'0000","1","竇望義","'1","'1","'0460915","61","臺灣省","大學","Y","*"," "
"'10","'013","'00","'300","'0000","2","莊景星","'999","'1","'0471008","60","臺灣省","大學","N"," "," "
"'10","'013","'00","'310","'0000","1","柯自強Langalang．Palivulj","'999","'1","'0580722","49","臺灣省","碩士","Y","*"," "
"'10","'013","'00","'310","'0000","2","余國基Sawlu．Pakalingulje","'999","'1","'0460917","61","臺灣省","專科","N"," "," "
"'10","'013","'00","'320","'0000","1","柳宏忠","'999","'1","'0621016","45","臺灣省","碩士","N"," "," "
"'10","'013","'00","'320","'0000","2","周英傑","'1","'1","'0521208","54","臺灣省","碩士","N","*"," "
"'10","'013","'00","'320","'0000","3","侯金助 Kuljelje‧Gadugadu","'999","'1","'0451031","62","臺灣省","專科","N"," "," "
"'10","'013","'00","'320","'0000","4","田美惠","'999","'2","'0520103","55","臺灣省","大學","N"," "," "
"'10","'013","'00","'320","'0000","5","陳永恭","'999","'1","'0520125","55","臺灣省","大學","N"," "," "
"'10","'013","'00","'320","'0000","6","朱宏恩","'999","'1","'0600104","47","臺灣省","大學","N"," "," "
"'10","'013","'00","'320","'0000","7","方文振","'999","'1","'0460118","61","臺灣省","大學","N"," "," "
"'10","'013","'00","'320","'0000","8","林進丁 Uliu‧Ruperup","'1","'1","'0400712","67","臺灣省","專科","N"," "," "
"'10","'013","'00","'330","'0000","1","邵世光","'999","'1","'0510902","56","臺灣省","大學","N"," "," "
"'10","'013","'00","'330","'0000","2","潘壯志","'1","'1","'0470807","60","臺灣省","專科","N","*"," "
"'10","'013","'00","'330","'0000","3","潘啟仁","'999","'1","'0470929","60","臺灣省","大學","N"," "," "
"'10","'002","'00","'010","'0000","1","江聰淵","'16","'1","'0581023","49","臺灣省","碩士","Y","*"," "
"'10","'002","'00","'010","'0000","2","張森霖","'1","'1","'0511129","55","臺灣省","碩士","N"," "," "
"'10","'002","'00","'020","'0000","1","薛呈懿","'999","'2","'0781203","28","臺灣省","大學","N"," "," "
"'10","'002","'00","'020","'0000","2","黃素琴","'16","'2","'0530401","54","臺灣省","碩士","N"," "," "
"'10","'002","'00","'020","'0000","3","吳秋齡","'1","'2","'0460909","61","臺灣省","碩士","N","*"," "
"'10","'002","'00","'030","'0000","1","李明哲","'16","'1","'0551007","52","臺灣省","碩士","N","*"," "
"'10","'002","'00","'030","'0000","2","陳金麟","'1","'1","'0430908","64","其他","專科","Y"," "," "
"'10","'002","'00","'040","'0000","1","曹乾舜","'1","'1","'0460102","61","臺灣省","高中","Y","*"," "
"'10","'002","'00","'040","'0000","2","薛文進","'16","'1","'0431112","64","臺灣省","高中(職)以下","N"," "," "
"'10","'002","'00","'050","'0000","1","張永德","'1","'1","'0470910","60","臺灣省","專科","N","*"," "
"'10","'002","'00","'050","'0000","2","林成功","'999","'1","'0511212","55","臺灣省","碩士","N"," "," "
"'10","'002","'00","'050","'0000","3","林揚傑","'999","'1","'0461228","60","臺灣省","博士","N"," "," "
"'10","'002","'00","'050","'0000","4","吳秋玟","'16","'2","'0620821","45","臺灣省","大學","N"," "," "
"'10","'002","'00","'060","'0000","1","沈清山","'1","'1","'0480601","59","臺灣省","大學","N","*"," "
"'10","'002","'00","'060","'0000","2","邱耀祖","'999","'1","'0551022","52","臺灣省","專科","N"," "," "
"'10","'002","'00","'060","'0000","3","林水金","'16","'1","'0410712","66","臺灣省","高中(職)以下","N"," "," "
"'10","'002","'00","'070","'0000","1","張宜樺","'1","'1","'0641019","43","臺灣省","大學","N","*"," "
"'10","'002","'00","'070","'0000","2","楊正宏","'16","'1","'0570210","50","臺灣省","大學","N"," "," "
"'10","'002","'00","'080","'0000","1","林峻輔","'16","'1","'0580418","49","臺灣省","大學","N","*"," "
"'10","'002","'00","'080","'0000","2","游智慧","'1","'1","'0411211","65","臺灣省","大學","N"," "," "
"'10","'002","'00","'090","'0000","1","沈德茂","'999","'1","'0451006","62","臺灣省","碩士","N","*"," "
"'10","'002","'00","'090","'0000","2","陳春亮","'999","'1","'0591114","48","臺灣省","專科","N"," "," "
"'10","'002","'00","'090","'0000","3","張明華","'16","'1","'0500514","57","臺灣省","專科","N"," "," "
"'10","'002","'00","'090","'0000","4","林文彬","'999","'1","'0470829","60","臺灣省","大學","N"," "," "
"'10","'002","'00","'100","'0000","1","陳文新","'16","'1","'0550317","52","臺灣省","高中","N"," "," "
"'10","'002","'00","'100","'0000","2","李志鏞","'1","'1","'0550221","52","臺灣省","碩士","N","*"," "
"'10","'002","'00","'100","'0000","3","彭鈺","'999","'2","'0520328","55","臺灣省","高中","N"," "," "
"'10","'002","'00","'110","'0000","1","何勝立","'1","'1","'0521023","55","臺灣省","高中(職)以下","N","*"," "
"'10","'002","'00","'120","'0000","1","薛秋花","'999","'2","'0550920","52","臺灣省","碩士","Y"," "," "
"'10","'002","'00","'120","'0000","2","豊張述","'999","'1","'0531220","53","臺灣省","大學","N"," "," "
"'10","'002","'00","'120","'0000","3","李勝雄","'1","'1","'0550814","52","臺灣省","大學","N","*"," "
"'10","'002","'00","'120","'0000","4","嵬浪‧斗力Wilang.Toli","'999","'1","'0710806","36","臺灣省","大學","N"," "," "
"'10","'015","'00","'010","'0000","1","魏嘉賢","'1","'1","'0670713","40","臺灣省","碩士","Y","*"," "
"'10","'015","'00","'010","'0000","2","鄧姚文","'999","'2","'0561010","51","臺灣省","高中","N"," "," "
"'10","'015","'00","'010","'0000","3","張千駿","'16","'1","'0650103","42","臺灣省","碩士","N"," "," "
"'10","'015","'00","'020","'0000","1","林廷光","'999","'1","'0431203","63","臺灣省","專科","N"," "," "
"'10","'015","'00","'020","'0000","2","蕭文龍","'1","'1","'0410415","66","臺灣省","高中(職)以下","Y","*"," "
"'10","'015","'00","'030","'0000","1","龔文俊","'1","'1","'0510810","56","臺灣省","高中","Y"," "," "
"'10","'015","'00","'030","'0000","2","蔡秋龍","'999","'1","'0501118","57","臺灣省","大學","N","*"," "
"'10","'015","'00","'040","'0000","1","郭彩寶","'999","'2","'0530114","54","臺灣省","碩士","N"," "," "
"'10","'015","'00","'040","'0000","2","何禮臺","'1","'1","'0510421","56","臺灣省","大學","N","*"," "
"'10","'015","'00","'050","'0000","1","周明宗","'999","'1","'0570629","50","臺灣省","專科","N"," "," "
"'10","'015","'00","'050","'0000","2","游淑貞","'1","'2","'0561125","50","臺灣省","大學","N","*"," "
"'10","'015","'00","'050","'0000","3","鄭乾龍","'16","'1","'0531024","54","臺灣省","專科","N"," "," "
"'10","'015","'00","'050","'0000","4","邱展謙","'999","'1","'0530220","54","臺灣省","博士","N"," "," "
"'10","'015","'00","'060","'0000","1","曾淑懿","'1","'2","'0420928","65","臺灣省","高中","N","*"," "
"'10","'015","'00","'060","'0000","2","謝如哲","'999","'1","'0420227","65","臺灣省","碩士","N"," "," "
"'10","'015","'00","'060","'0000","3","沈昌輝","'999","'1","'0561211","50","臺灣省","碩士","N"," "," "
"'10","'015","'00","'070","'0000","1","林清水","'1","'1","'0450322","62","臺灣省","碩士","N","*"," "
"'10","'015","'00","'070","'0000","2","吳明修Kaniu‧Namoh","'999","'1","'0490112","58","臺灣省","專科","N"," "," "
"'10","'015","'00","'070","'0000","3","鄭桂鐘","'999","'1","'0450825","62","臺灣省","高中(職)以下","N"," "," "
"'10","'015","'00","'080","'0000","1","林慶龍","'1","'1","'0560904","51","臺灣省","專科","N"," "," "
"'10","'015","'00","'080","'0000","2","邱福順Kacaw．Folaw","'1","'1","'0560506","51","臺灣省","大學","N","*"," "
"'10","'015","'00","'090","'0000","1","許德志","'999","'1","'0660321","41","臺灣省","專科","N"," "," "
"'10","'015","'00","'090","'0000","2","陳進光","'1","'1","'0500815","57","臺灣省","專科","Y","*"," "
"'10","'015","'00","'100","'0000","1","張智冠","'1","'1","'0590308","48","臺灣省","大學","N"," "," "
"'10","'015","'00","'100","'0000","2","陳榮聰","'1","'1","'0460916","61","臺灣省","碩士","N","*"," "
"'10","'015","'00","'110","'0000","1","王玫瑰Sitang Yuci","'1","'2","'0570822","50","臺灣省","大學","N","*"," "
"'10","'015","'00","'110","'0000","2","蔡瑞光 Taki  Masang","'1","'1","'0530609","54","臺灣省","專科","N"," "," "
"'10","'015","'00","'110","'0000","3","田韻馨","'999","'2","'0650316","42","臺灣省","其他","N"," "," "
"'10","'015","'00","'120","'0000","1","陳添煌","'1","'1","'0490429","58","臺灣省","高中","N"," "," "
"'10","'015","'00","'120","'0000","2","古明光","'1","'1","'0550609","52","臺灣省","高中","N","*"," "
"'10","'015","'00","'130","'0000","1","呂必賢Biung．Istasipal","'1","'1","'0410102","66","臺灣省","碩士","Y","*"," "
"'10","'015","'00","'130","'0000","2","督溪．嗨岱","'999","'1","'0510401","56","臺灣省","高中(職)以下","N"," "," "
"'10","'014","'00","'010","'0000","1","洪宗楷","'16","'1","'0680915","39","高雄市","碩士","N"," "," "
"'10","'014","'00","'010","'0000","2","張國洲","'1","'1","'0460726","61","臺灣省","高中","Y","*"," "
"'10","'014","'00","'020","'0000","1","柳宏儒","'999","'1","'0640914","43","臺灣省","高中","N"," "," "
"'10","'014","'00","'020","'0000","2","黃博昌","'1","'1","'0500828","57","臺灣省","高中","Y","*"," "
"'10","'014","'00","'030","'0000","1","戴文達","'1","'1","'0520223","55","臺灣省","專科","Y","*"," "
"'10","'014","'00","'030","'0000","2","吳國堂","'999","'1","'0470725","60","臺灣省","高中(職)以下","N"," "," "
"'10","'014","'00","'040","'0000","1","許文獻","'16","'1","'0540925","53","臺灣省","高中","Y","*"," "
"'10","'014","'00","'050","'0000","1","郭清塗","'999","'1","'0460614","61","臺北市","高中(職)以下","N"," "," "
"'10","'014","'00","'050","'0000","2","李國強","'1","'1","'0501007","57","臺灣省","高中(職)以下","Y","*"," "
"'10","'014","'00","'060","'0000","1","張堯城","'999","'1","'0560518","51","臺北市","高中","Y","*"," "
"'10","'014","'00","'070","'0000","1","葉啟伸","'1","'1","'0590413","48","臺灣省","專科","N","*"," "
"'10","'014","'00","'070","'0000","2","魯美桂","'999","'2","'0610526","46","臺灣省","專科","N"," "," "
"'10","'014","'00","'070","'0000","3","劉純歌","'1","'2","'0450410","62","臺灣省","專科","N"," "," "
"'10","'014","'00","'080","'0000","1","潘淑芳","'1","'2","'0510710","56","臺灣省","專科","Y","*"," "
"'10","'014","'00","'080","'0000","2","陳德成 Fi Neg","'16","'1","'0501017","57","臺灣省","高中(職)以下","N"," "," "
"'10","'014","'00","'090","'0000","1","曾遠方","'999","'1","'0541114","53","臺灣省","專科","N"," "," "
"'10","'014","'00","'090","'0000","2","王重仁","'1","'1","'0630304","44","臺灣省","碩士","N","*"," "
"'10","'014","'00","'100","'0000","1","王福源","'999","'1","'0421105","65","臺灣省","專科","N"," "," "
"'10","'014","'00","'100","'0000","2","黃建賓","'1","'1","'0671225","39","臺灣省","碩士","N","*"," "
"'10","'014","'00","'110","'0000","1","鄭文仁","'999","'1","'0511027","56","臺灣省","高中","Y"," "," "
"'10","'014","'00","'110","'0000","2","謝賢裕","'1","'1","'0491119","58","臺灣省","大學","N","*"," "
"'10","'014","'00","'120","'0000","1","江聰明 Ishahavut﹒Salizan","'999","'1","'0510413","56","臺灣省","大學","N"," "," "
"'10","'014","'00","'120","'0000","2","胡金至","'999","'1","'0490613","58","臺灣省","大學","N","*"," "
"'10","'014","'00","'120","'0000","3","許耀光","'999","'1","'0481011","59","臺灣省","專科","N"," "," "
"'10","'014","'00","'120","'0000","4","邱萬山","'999","'1","'0460517","61","臺灣省","高中","N"," "," "
"'10","'014","'00","'130","'0000","1","胡黃廣文","'999","'1","'0580917","49","臺灣省","大學","N","*"," "
"'10","'014","'00","'130","'0000","2","余明峯","'16","'1","'0650816","42","臺灣省","大學","N"," "," "
"'10","'014","'00","'130","'0000","3","余光雄","'999","'1","'0550808","52","臺灣省","碩士","N"," "," "
"'10","'014","'00","'130","'0000","4","蔡清德","'999","'1","'0480223","59","臺灣省","專科","N"," "," "
"'10","'014","'00","'130","'0000","5","古建明","'999","'1","'0540713","53","臺灣省","碩士","N"," "," "
"'10","'014","'00","'130","'0000","6","胡秋金","'999","'1","'0470825","60","臺灣省","高中","N"," "," "
"'10","'014","'00","'140","'0000","1","宋賢一 Paramram Djalavak","'1","'1","'0440214","63","臺灣省","高中","Y"," "," "
"'10","'014","'00","'140","'0000","2","蔣爭光","'999","'1","'0500120","57","臺灣省","碩士","N","*"," "
"'10","'014","'00","'150","'0000","1","孫明森","'999","'1","'0470819","60","臺灣省","專科","N"," "," "
"'10","'014","'00","'150","'0000","2","包世晶","'1","'1","'0450118","62","臺灣省","高中","N"," "," "
"'10","'014","'00","'150","'0000","3","陳新輝","'999","'1","'0540721","53","臺灣省","專科","N","*"," "
"'10","'014","'00","'150","'0000","4","葛文政","'999","'1","'0570222","50","臺灣省","專科","N"," "," "
"'10","'014","'00","'150","'0000","5","吳清生 Tjamale","'999","'1","'0620403","45","臺灣省","碩士","N"," "," "
"'10","'014","'00","'150","'0000","6","張小雲","'999","'2","'0631115","44","臺灣省","專科","N"," "," "
"'10","'014","'00","'160","'0000","1","謝明輝","'999","'1","'0580410","49","臺灣省","高中","N"," "," "
"'10","'014","'00","'160","'0000","2","瑪拉歐斯","'999","'1","'0611104","46","臺灣省","高中","N"," "," "
"'10","'014","'00","'160","'0000","3","夏曼‧迦拉牧","'999","'1","'0570205","50","臺灣省","大學","Y","*"," "
"'10","'014","'00","'160","'0000","4","謝胡源","'1","'1","'0560312","51","臺灣省","高中","N"," "," "
"'10","'016","'00","'010","'0000","1","蘇崑雄","'999","'1","'0450407","62","臺灣省","碩士","N"," "," "
"'10","'016","'00","'010","'0000","2","黃健忠","'16","'1","'0651010","42","高雄市","大學","N"," "," "
"'10","'016","'00","'010","'0000","3","葉竹林","'1","'1","'0510106","56","臺灣省","碩士","Y","*"," "
"'10","'016","'00","'020","'0000","1","吳政杰","'1","'1","'0561129","50","臺灣省","碩士","Y","*"," "
"'10","'016","'00","'020","'0000","2","洪添英","'16","'1","'0421127","64","臺灣省","碩士","N"," "," "
"'10","'016","'00","'030","'0000","1","宋萬富","'999","'1","'0440827","63","臺灣省","高中(職)以下","N","*"," "
"'10","'016","'00","'030","'0000","2","莊美李","'999","'2","'0521210","54","高雄市","高中","Y"," "," "
"'10","'016","'00","'030","'0000","3","吳龍河","'999","'1","'0420906","65","臺灣省","碩士","N"," "," "
"'10","'016","'00","'040","'0000","1","許月里","'999","'2","'0421004","65","臺灣省","高中(職)以下","Y","*"," "
"'10","'016","'00","'050","'0000","1","彭亞湖","'999","'1","'0501101","57","臺灣省","高中","N","*"," "
"'10","'016","'00","'050","'0000","2","許賢德","'1","'1","'0630306","44","臺灣省","高中","Y"," "," "
"'10","'016","'00","'060","'0000","1","呂啓俊","'999","'1","'0550123","52","臺灣省","專科","N","*"," "
"'09","'020","'00","'010","'0000","1","吳伯揚","'999","'1","'0650926","42","金馬地區","碩士","N"," "," "
"'09","'020","'00","'010","'0000","2","歐陽彥木","'999","'1","'0500105","57","金馬地區","大學","N"," "," "
"'09","'020","'00","'010","'0000","3","李誠智","'1","'1","'0650617","42","金馬地區","碩士","N","*"," "
"'09","'020","'00","'010","'0000","4","許丕肯","'310","'1","'0540612","53","金馬地區","大學","N"," "," "
"'09","'020","'00","'010","'0000","5","許燕輝","'999","'1","'0670928","40","金馬地區","碩士","N"," "," "
"'09","'020","'00","'020","'0000","1","張翰林","'999","'1","'0550224","52","金馬地區","大學","N"," "," "
"'09","'020","'00","'020","'0000","2","吳有家","'999","'1","'0531209","53","金馬地區","高中","N","*"," "
"'09","'020","'00","'020","'0000","3","王國代","'999","'1","'0590102","48","金馬地區","專科","N"," "," "
"'09","'020","'00","'020","'0000","4","王石堆","'1","'1","'0540127","53","金馬地區","碩士","N"," "," "
"'09","'020","'00","'030","'0000","1","林長鴻","'1","'1","'0560330","51","金馬地區","大學","N"," "," "
"'09","'020","'00","'030","'0000","2","陳文顧","'999","'1","'0510401","56","金馬地區","大學","N","*"," "
"'09","'020","'00","'040","'0000","1","楊忠俊","'999","'1","'0570720","50","金馬地區","大學","N","*"," "
"'09","'020","'00","'040","'0000","2","翁文雅","'999","'1","'0440509","63","金馬地區","高中","N"," "," "
"'09","'020","'00","'040","'0000","3","許慧新","'999","'1","'0520818","55","金馬地區","高中","N"," "," "
"'09","'020","'00","'040","'0000","4","陳成泉","'1","'1","'0550212","52","金馬地區","高中","N"," "," "
"'09","'020","'00","'040","'0000","5","李正騰","'1","'1","'0570720","50","金馬地區","大學","N"," "," "
"'09","'020","'00","'050","'0000","1","洪燕玉","'1","'2","'0520807","55","金馬地區","高中","N"," "," "
"'09","'020","'00","'050","'0000","2","洪若珊","'1","'2","'0671120","40","金馬地區","碩士","N","*"," "
"'09","'020","'00","'050","'0000","3","林金量","'1","'1","'0431112","64","金馬地區","碩士","N"," "," "
"'09","'020","'00","'060","'0000","1","蔡永富","'1","'1","'0600917","47","金馬地區","高中","Y","*"," "
"'09","'007","'00","'010","'0000","1","陳振國","'1","'1","'0470701","60","金馬地區","高中","Y","*"," "
"'09","'007","'00","'020","'0000","1","陳如嵐","'1","'1","'0591201","47","金馬地區","專科","Y","*"," "
"'09","'007","'00","'030","'0000","1","陳順壽","'1","'1","'0480607","59","金馬地區","高中","N"," "," "
"'09","'007","'00","'030","'0000","2","謝春欗","'1","'2","'0491014","58","金馬地區","大學","Y","*"," "
"'09","'007","'00","'040","'0000","1","林德建","'1","'1","'0600504","47","金馬地區","高中","N","*"," "
