"'10","'004","'01","'000","'0000","1","葉芬英","'999","'2","'0520730","55","臺灣省","高中","Y"," "," "
"'10","'004","'01","'000","'0000","2","陳凱榮","'1","'1","'0511224","55","臺灣省","碩士","Y","*"," "
"'10","'004","'01","'000","'0000","3","林賢正","'999","'1","'0500101","57","臺灣省","碩士","N"," "," "
"'10","'004","'01","'000","'0000","4","林祺軒","'999","'1","'0720209","35","臺灣省","碩士","N"," "," "
"'10","'004","'01","'000","'0000","5","張珈源","'16","'1","'0651123","42","臺灣省","碩士","N","*"," "
"'10","'004","'01","'000","'0000","6","范光禮","'999","'1","'0580219","49","臺灣省","專科","N"," "," "
"'10","'004","'01","'000","'0000","7","劉炎添","'999","'1","'0460825","61","臺灣省","專科","N"," "," "
"'10","'004","'01","'000","'0000","8","許育綸","'259","'1","'0730503","34","臺灣省","大學","N"," "," "
"'10","'004","'01","'000","'0000","9","王誠緯","'16","'1","'0660928","41","臺灣省","大學","N"," "," "
"'10","'004","'01","'000","'0000","10","林燕聰","'999","'2","'0630308","44","臺灣省","大學","N"," "," "
"'10","'004","'01","'000","'0000","11","連郁婷","'267","'2","'0761110","31","臺灣省","大學","N","*"," "
"'10","'004","'01","'000","'0000","12","蔡志環","'1","'2","'0480801","59","臺灣省","碩士","N","*"," "
"'10","'004","'01","'000","'0000","13","王炳漢","'1","'1","'0570924","50","臺灣省","高中(職)以下","N","*"," "
"'10","'004","'01","'000","'0000","14","陳文得","'999","'1","'0550321","52","臺灣省","碩士","N"," "," "
"'10","'004","'01","'000","'0000","15","高芸婷","'999","'2","'0650711","42","臺灣省","碩士","N"," "," "
"'10","'004","'01","'000","'0000","16","吳旭智","'268","'1","'0650101","42","臺灣省","博士","N","*"," "
"'10","'004","'01","'000","'0000","17","杜文中","'1","'1","'0560505","51","臺灣省","碩士","N","*"," "
"'10","'004","'01","'000","'0000","18","邱靖雅","'268","'2","'0611212","45","新北市","碩士","Y","*"," "
"'10","'004","'01","'000","'0000","19","林禹佑","'999","'1","'0790727","28","臺灣省","大學","N","*"," "
"'10","'004","'01","'000","'0000","20","林增堂","'1","'1","'0521010","55","桃園市","碩士","N","*"," "
"'10","'004","'01","'000","'0000","21","范綱淼","'999","'1","'0560630","51","臺灣省","專科","N"," "," "
"'10","'004","'01","'000","'0000","22","陳信溢","'999","'1","'0600525","47","臺灣省","高中","N"," "," "
"'10","'004","'01","'000","'0000","23","陳榮昌","'999","'1","'0481023","59","臺灣省","專科","N"," "," "
"'10","'004","'01","'000","'0000","24","鄭美琴","'999","'2","'0430401","64","臺灣省","高中","Y","*"," "
"'10","'004","'01","'000","'0000","25","余政達","'999","'1","'0651226","41","臺灣省","碩士","N"," "," "
"'10","'004","'02","'000","'0000","1","吳菊花","'1","'2","'0491011","58","臺灣省","專科","N","*"," "
"'10","'004","'02","'000","'0000","2","甄克堅","'1","'1","'0591018","48","臺灣省","碩士","Y","*"," "
"'10","'004","'02","'000","'0000","3","羅美文","'15","'1","'0400905","67","臺灣省","高中","N","*"," "
"'10","'004","'02","'000","'0000","4","陳栢維","'999","'1","'0540908","53","臺灣省","碩士","Y","*"," "
"'10","'004","'02","'000","'0000","5","吳淑君","'1","'2","'0601207","46","臺灣省","大學","Y","*"," "
"'10","'004","'02","'000","'0000","6","張燦堂","'999","'1","'0500724","57","臺灣省","高中","N"," "," "
"'10","'004","'02","'000","'0000","7","何建樺","'16","'1","'0581227","48","臺灣省","高中","N"," "," "
"'10","'004","'02","'000","'0000","8","葉時優","'1","'1","'0520412","55","臺灣省","大學","N"," "," "
"'10","'004","'02","'000","'0000","9","范振龍","'1","'1","'0500308","57","臺灣省","大學","N"," "," "
"'10","'004","'02","'000","'0000","10","陳德木","'1","'1","'0470329","60","臺灣省","高中","N"," "," "
"'10","'004","'03","'000","'0000","1","何智達","'999","'1","'0431116","64","臺灣省","大學","N","*"," "
"'10","'004","'03","'000","'0000","2","張鎮榮","'1","'1","'0411230","65","桃園市","大學","Y","*"," "
"'10","'004","'03","'000","'0000","3","吳傳地","'16","'1","'0530516","54","臺灣省","大學","Y","*"," "
"'10","'004","'03","'000","'0000","4","鄭清漢","'1","'1","'0480221","59","臺灣省","高中","Y"," "," "
"'10","'004","'04","'000","'0000","1","嚴永秋","'999","'1","'0381006","69","臺灣省","高中","Y"," "," "
"'10","'004","'04","'000","'0000","2","羅仕琦","'1","'1","'0531216","53","臺灣省","碩士","N","*"," "
"'10","'004","'04","'000","'0000","3","吳發仁","'999","'1","'0450105","62","臺灣省","高中","N","*"," "
"'10","'004","'05","'000","'0000","1","劉正強","'999","'1","'0751228","31","臺灣省","大學","N"," "," "
"'10","'004","'05","'000","'0000","2","陳英樓","'1","'1","'0450908","62","臺灣省","大學","N"," "," "
"'10","'004","'05","'000","'0000","3","蔡錦堂","'999","'1","'0480702","59","臺灣省","大學","N"," "," "
"'10","'004","'05","'000","'0000","4","范曰富","'1","'1","'0491221","57","臺灣省","專科","Y","*"," "
"'10","'004","'05","'000","'0000","5","張碧冬","'999","'2","'0521115","55","臺灣省","大學","N"," "," "
"'10","'004","'05","'000","'0000","6","羅聰賢","'16","'1","'0461017","61","臺灣省","高中(職)以下","N"," "," "
"'10","'004","'05","'000","'0000","7","張玟源","'999","'1","'0510623","56","新北市","專科","N"," "," "
"'10","'004","'05","'000","'0000","8","陳新源","'15","'1","'0490420","58","臺灣省","大學","N","*"," "
"'10","'004","'06","'000","'0000","1","詹廷有","'999","'1","'0580729","49","臺灣省","碩士","N"," "," "
"'10","'004","'06","'000","'0000","2","張良印","'1","'1","'0620703","45","臺灣省","高中","N","*"," "
"'10","'004","'07","'000","'0000","1","劉展原","'1","'1","'0470104","60","臺灣省","碩士","N"," "," "
"'10","'004","'07","'000","'0000","2","鄭昱芸","'999","'2","'0670623","40","臺灣省","碩士","N","*"," "
"'10","'004","'08","'000","'0000","1","彭余美玲","'999","'2","'0520505","55","臺灣省","碩士","Y","*"," "
"'10","'004","'08","'000","'0000","2","楊昌德","'16","'1","'0500301","57","臺灣省","大學","N"," "," "
"'10","'004","'08","'000","'0000","3","黃豪杰","'1","'1","'0590513","48","臺灣省","高中","N","*"," "
"'10","'004","'08","'000","'0000","4","林昭錡","'999","'1","'0490222","58","臺灣省","碩士","N"," "," "
"'10","'004","'08","'000","'0000","5","上官秋燕","'1","'2","'0461028","61","新北市","高中(職)以下","N","*"," "
"'10","'004","'08","'000","'0000","6","余筱菁","'79","'2","'0691202","37","臺灣省","碩士","N","*"," "
"'10","'004","'08","'000","'0000","7","呂幸潤","'999","'1","'0750313","32","臺灣省","大學","N"," "," "
"'10","'004","'08","'000","'0000","8","曾駿樺","'999","'1","'0690126","38","臺灣省","大學","N"," "," "
"'10","'004","'08","'000","'0000","9","郭遠彰","'1","'1","'0481202","58","臺灣省","碩士","Y","*"," "
"'10","'004","'08","'000","'0000","10","林思銘","'1","'1","'0550316","52","臺灣省","大學","Y","*"," "
"'10","'004","'08","'000","'0000","11","劉興藻","'999","'1","'0630504","44","臺灣省","專科","N"," "," "
"'10","'004","'08","'000","'0000","12","范振港","'1","'1","'0401201","66","臺灣省","高中","N"," "," "
"'10","'004","'08","'000","'0000","13","黃秀龍","'999","'1","'0490602","58","臺灣省","高中","N"," "," "
"'10","'004","'09","'000","'0000","1","范正霖","'999","'1","'0420315","65","臺灣省","專科","N"," "," "
"'10","'004","'09","'000","'0000","2","鍾金霖","'999","'1","'0480208","59","臺灣省","專科","N"," "," "
"'10","'004","'09","'000","'0000","3","江紹義","'999","'1","'0640221","43","臺灣省","大學","N"," "," "
"'10","'004","'09","'000","'0000","4","邱振瑋","'999","'1","'0631226","43","臺灣省","碩士","Y","*"," "
"'10","'004","'10","'000","'0000","1","范文鴻","'16","'1","'0641207","42","臺灣省","大學","N"," "," "
"'10","'004","'10","'000","'0000","2","陳正順","'1","'1","'0431228","63","臺灣省","高中","Y","*"," "
"'10","'005","'01","'000","'0000","1","楊明燁","'1","'1","'0741013","33","臺灣省","大學","N","*"," "
"'10","'005","'01","'000","'0000","2","古文明","'999","'1","'0660408","41","臺灣省","高中","N"," "," "
"'10","'005","'01","'000","'0000","3","胡忠勇","'999","'1","'0321110","75","臺灣省","其他","Y"," "," "
"'10","'005","'01","'000","'0000","4","鄭碧玉","'1","'2","'0450315","62","臺灣省","專科","Y","*"," "
"'10","'005","'01","'000","'0000","5","謝文禓","'999","'1","'0641120","43","臺灣省","碩士","Y","*"," "
"'10","'005","'01","'000","'0000","6","余文忠","'999","'1","'0590624","48","臺灣省","高中","N","*"," "
"'10","'005","'01","'000","'0000","7","張志宇","'1","'1","'0650824","42","臺灣省","碩士","N","*"," "
"'10","'005","'01","'000","'0000","8","江村貴","'999","'1","'0520705","55","臺灣省","大學","N","*"," "
"'10","'005","'01","'000","'0000","9","孫素娥","'1","'2","'0430718","64","臺灣省","高中","Y","*"," "
"'10","'005","'01","'000","'0000","10","涂月華","'999","'2","'0580124","49","臺灣省","專科","N"," "," "
"'10","'005","'01","'000","'0000","11","徐筱菁","'16","'2","'0680519","39","臺灣省","大學","N"," "," "
"'10","'005","'01","'000","'0000","12","禹耀東","'999","'1","'0471205","59","臺灣省","碩士","Y","*"," "
"'10","'005","'01","'000","'0000","13","許櫻萍","'16","'2","'0650911","42","高雄市","大學","N"," "," "
"'10","'005","'01","'000","'0000","14","湯維岳","'999","'1","'0370212","70","臺灣省","高中","Y","*"," "
"'10","'005","'01","'000","'0000","15","謝庚霖","'999","'1","'0491010","58","臺灣省","碩士","N"," "," "
"'10","'005","'02","'000","'0000","1","黎旭欽","'1","'1","'0320817","75","臺灣省","高中","Y"," "," "
"'10","'005","'02","'000","'0000","2","黃芳椿","'1","'1","'0440705","63","臺灣省","高中","N","*"," "
"'10","'005","'02","'000","'0000","3","韓茂賢","'999","'1","'0420301","65","臺灣省","高中","Y","*"," "
"'10","'005","'02","'000","'0000","4","羅貴星","'16","'1","'0501215","56","臺灣省","碩士","N","*"," "
"'10","'005","'03","'000","'0000","1","林月鳳","'16","'2","'0541016","53","臺灣省","高中(職)以下","N"," "," "
"'10","'005","'03","'000","'0000","2","翁偉國","'999","'1","'0710204","36","臺灣省","高中","N"," "," "
"'10","'005","'03","'000","'0000","3","徐永煌","'999","'1","'0590502","48","臺灣省","碩士","N","*"," "
"'10","'005","'03","'000","'0000","4","邱紹俊","'999","'1","'0331216","73","臺灣省","高中","N"," "," "
"'10","'005","'03","'000","'0000","5","張顧礫","'999","'1","'0600127","47","臺灣省","大學","N","*"," "
"'10","'005","'03","'000","'0000","6","張可欣","'999","'2","'0840203","23","臺灣省","專科","N","*"," "
"'10","'005","'03","'000","'0000","7","陳品安","'999","'2","'0730920","34","臺北市","碩士","N","*"," "
"'10","'005","'03","'000","'0000","8","孟文源","'999","'1","'0640322","43","臺中市","高中","N"," "," "
"'10","'005","'03","'000","'0000","9","張琦享","'999","'1","'0570913","50","臺灣省","高中","N"," "," "
"'10","'005","'03","'000","'0000","10","鄭宗國","'16","'1","'0420516","65","臺灣省","高中","N","*"," "
"'10","'005","'04","'000","'0000","1","黃聲全","'999","'1","'0410711","66","臺灣省","大學","Y"," "," "
"'10","'005","'04","'000","'0000","2","林寶珠","'1","'2","'0400214","67","臺灣省","高中","Y","*"," "
"'10","'005","'04","'000","'0000","3","謝芳紋","'16","'2","'0640820","43","臺北市","大學","Y"," "," "
"'10","'005","'04","'000","'0000","4","陳碧華","'1","'2","'0430518","64","臺灣省","碩士","N","*"," "
"'10","'005","'04","'000","'0000","5","宋國鼎","'267","'1","'0700122","37","臺灣省","碩士","N","*"," "
"'10","'005","'04","'000","'0000","6","李文斌","'1","'1","'0620216","45","臺灣省","大學","Y","*"," "
"'10","'005","'04","'000","'0000","7","鄭秋風","'1","'1","'0471118","60","臺灣省","大學","Y","*"," "
"'10","'005","'04","'000","'0000","8","廖英利","'1","'2","'0420714","65","臺灣省","碩士","Y","*"," "
"'10","'005","'04","'000","'0000","9","徐曼珣","'999","'2","'0800621","27","臺灣省","高中","N"," "," "
"'10","'005","'04","'000","'0000","10","劉順松","'16","'1","'0411201","65","臺灣省","專科","Y","*"," "
"'10","'005","'04","'000","'0000","11","陳清鑫","'999","'1","'0470226","60","臺灣省","大學","N"," "," "
"'10","'005","'04","'000","'0000","12","張梅蘭","'113","'2","'0450510","62","臺灣省","高中","N"," "," "
"'10","'005","'04","'000","'0000","13","廖秀紅","'999","'2","'0440613","63","臺灣省","高中","N","*"," "
"'10","'005","'04","'000","'0000","14","李震華","'999","'1","'0500809","57","臺灣省","碩士","N"," "," "
"'10","'005","'04","'000","'0000","15","潘子嵉","'999","'2","'0721101","35","臺灣省","大學","N"," "," "
"'10","'005","'04","'000","'0000","16","張佳玲","'999","'2","'0730218","34","臺灣省","高中","N","*"," "
"'10","'005","'05","'000","'0000","1","陳光軒","'16","'1","'0741010","33","臺灣省","大學","Y","*"," "
"'10","'005","'05","'000","'0000","2","黃桂坤","'999","'1","'0520518","55","臺灣省","專科","N"," "," "
"'10","'005","'05","'000","'0000","3","徐維均","'999","'1","'0720423","35","臺灣省","大學","N"," "," "
"'10","'005","'05","'000","'0000","4","張愛炫","'999","'2","'0470929","60","臺灣省","高中","N"," "," "
"'10","'005","'05","'000","'0000","5","温宜靜","'999","'2","'0670420","40","新北市","高中","N","!"," "
"'10","'005","'05","'000","'0000","6","黎煥強","'999","'1","'0711010","36","臺灣省","碩士","N","*"," "
"'10","'005","'05","'000","'0000","7","鄭聚然","'1","'1","'0490803","58","臺北市","專科","N","*"," "
"'10","'005","'05","'000","'0000","8","張淑芬","'1","'2","'0601221","46","新北市","碩士","N","*"," "
"'10","'005","'05","'000","'0000","9","曾玟學","'267","'1","'0761219","30","臺北市","碩士","N","*"," "
"'10","'005","'05","'000","'0000","10","陳慧萍","'999","'2","'0610522","46","臺中市","高中","N"," "," "
"'10","'005","'05","'000","'0000","11","李貴富","'16","'1","'0590617","48","臺灣省","大學","N","-"," "
"'10","'005","'05","'000","'0000","12","曾正生","'113","'1","'0511030","56","臺灣省","高中","N"," "," "
"'10","'005","'05","'000","'0000","13","鍾東錦","'999","'1","'0520102","55","臺灣省","大學","Y","*"," "
"'10","'005","'05","'000","'0000","14","鍾褔貴","'1","'1","'0511006","56","臺中市","碩士","N"," "," "
"'10","'005","'05","'000","'0000","15","許綉春","'1","'2","'0570201","50","臺灣省","碩士","N"," "," "
"'10","'005","'05","'000","'0000","16","鍾道明","'999","'1","'0450401","62","臺灣省","博士","N"," "," "
"'10","'005","'05","'000","'0000","17","徐功凡","'1","'1","'0711202","35","臺灣省","碩士","N","*"," "
"'10","'005","'06","'000","'0000","1","陳春暖","'16","'2","'0530309","54","臺灣省","高中(職)以下","Y"," "," "
"'10","'005","'06","'000","'0000","2","楊恭林","'999","'1","'0500628","57","臺灣省","高中","Y","*"," "
"'10","'005","'06","'000","'0000","3","徐欽鴻","'999","'1","'0450606","62","臺灣省","高中","Y","*"," "
"'10","'007","'01","'000","'0000","1","白玉如","'1","'2","'0570630","50","臺灣省","大學","Y","*"," "
"'10","'007","'01","'000","'0000","2","許友瀚","'999","'1","'0580410","49","臺灣省","高中","N"," "," "
"'10","'007","'01","'000","'0000","3","黄建閎","'999","'1","'0681118","39","臺灣省","碩士","N"," "," "
"'10","'007","'01","'000","'0000","4","楊富鈞","'16","'1","'0680703","39","臺灣省","碩士","N"," "," "
"'10","'007","'01","'000","'0000","5","黃明忠","'999","'1","'0551120","52","臺灣省","高中","N"," "," "
"'10","'007","'01","'000","'0000","6","許原龍","'1","'1","'0510328","56","臺灣省","高中(職)以下","Y","*"," "
"'10","'007","'01","'000","'0000","7","劉玲惠","'16","'2","'0471019","60","臺中市","專科","N"," "," "
"'10","'007","'01","'000","'0000","8","陳清峰","'113","'1","'0570506","50","臺灣省","高中(職)以下","N"," "," "
"'10","'007","'01","'000","'0000","9","顧黃水花","'1","'2","'0420120","65","臺灣省","高中(職)以下","Y","*"," "
"'10","'007","'01","'000","'0000","10","吳韋達","'267","'1","'0730227","34","臺灣省","博士","N","*"," "
"'10","'007","'01","'000","'0000","11","黃千宴","'1","'2","'0611226","45","臺灣省","碩士","N","*"," "
"'10","'007","'01","'000","'0000","12","葉繼元","'999","'1","'0740203","33","臺灣省","碩士","N"," "," "
"'10","'007","'01","'000","'0000","13","洪柏葳","'999","'1","'0780723","29","臺灣省","高中","N","*"," "
"'10","'007","'01","'000","'0000","14","莊陞漢","'16","'1","'0670207","40","臺灣省","碩士","N","*"," "
"'10","'007","'01","'000","'0000","15","林維浩","'16","'1","'0580718","49","臺灣省","碩士","N"," "," "
"'10","'007","'01","'000","'0000","16","温芝樺","'1","'2","'0690528","38","臺灣省","大學","N","*"," "
"'10","'007","'01","'000","'0000","17","林茂明","'999","'1","'0470725","60","臺灣省","高中","Y","*"," "
"'10","'007","'01","'000","'0000","18","陳銌銌","'999","'2","'0550809","52","臺灣省","碩士","N","*"," "
"'10","'007","'01","'000","'0000","19","張瀚天","'999","'1","'0570905","50","臺灣省","碩士","Y","*"," "
"'10","'007","'01","'000","'0000","20","李成濟","'16","'1","'0580328","49","臺灣省","大學","N","*"," "
"'10","'007","'01","'000","'0000","21","葉孟家","'16","'1","'0661124","41","臺灣省","博士","N"," "," "
"'10","'007","'01","'000","'0000","22","李寶銀","'999","'2","'0670427","40","臺灣省","專科","N","*"," "
"'10","'007","'02","'000","'0000","1","黃俊源","'1","'1","'0591231","47","臺灣省","專科","N","*"," "
"'10","'007","'02","'000","'0000","2","楊竣程","'1","'1","'0641201","42","臺灣省","高中","Y","*"," "
"'10","'007","'02","'000","'0000","3","陳秀寳","'16","'2","'0611011","46","臺灣省","大學","Y","*"," "
"'10","'007","'02","'000","'0000","4","楊妙月","'16","'2","'0590105","48","臺灣省","高中","N","*"," "
"'10","'007","'02","'000","'0000","5","許振烓","'999","'1","'0490315","58","臺灣省","高中(職)以下","N"," "," "
"'10","'007","'02","'000","'0000","6","郭燕陵","'999","'2","'0830104","24","臺灣省","大學","N","*"," "
"'10","'007","'02","'000","'0000","7","葉國雄","'16","'1","'0550604","52","臺灣省","專科","Y","*"," "
"'10","'007","'02","'000","'0000","8","鄭敬議","'999","'1","'0631119","44","臺灣省","大學","N"," "," "
"'10","'007","'02","'000","'0000","9","凃淑媚","'1","'2","'0530405","54","臺灣省","專科","Y","*"," "
"'10","'007","'02","'000","'0000","10","林士堅","'16","'1","'0590929","48","臺灣省","大學","Y"," "," "
"'10","'007","'03","'000","'0000","1","尤瑞春","'16","'2","'0510505","56","臺灣省","碩士","Y","*"," "
"'10","'007","'03","'000","'0000","2","林庚壬","'1","'1","'0510613","56","臺灣省","大學","Y","*"," "
"'10","'007","'03","'000","'0000","3","柯振杯","'1","'1","'0490120","58","臺灣省","高中(職)以下","N","*"," "
"'10","'007","'03","'000","'0000","4","王國忠","'16","'1","'0510606","56","臺中市","高中","N"," "," "
"'10","'007","'03","'000","'0000","5","賴清美","'16","'2","'0501220","56","臺灣省","高中(職)以下","Y","*"," "
"'10","'007","'03","'000","'0000","6","施嘉華","'1","'1","'0740904","33","臺灣省","大學","N","*"," "
"'10","'007","'03","'000","'0000","7","蕭文雄","'999","'1","'0470925","60","臺灣省","高中(職)以下","Y"," "," "
"'10","'007","'03","'000","'0000","8","林宗翰","'999","'1","'0580322","49","臺灣省","高中","Y","*"," "
"'10","'007","'04","'000","'0000","1","曹嘉豪","'1","'1","'0701105","37","臺灣省","專科","Y","*"," "
"'10","'007","'04","'000","'0000","2","張雪如","'999","'2","'0550513","52","臺灣省","大學","Y","*"," "
"'10","'007","'04","'000","'0000","3","凃俊任","'1","'1","'0670801","40","臺灣省","碩士","N","*"," "
"'10","'007","'04","'000","'0000","4","張錦昆","'1","'1","'0540302","53","臺灣省","碩士","N","*"," "
"'10","'007","'04","'000","'0000","5","劉惠娟","'1","'2","'0610308","46","臺灣省","碩士","Y","*"," "
"'10","'007","'04","'000","'0000","6","江武飛","'16","'1","'0640812","43","臺灣省","碩士","N"," "," "
"'10","'007","'04","'000","'0000","7","張素芬","'16","'2","'0480715","59","臺灣省","高中","N"," "," "
"'10","'007","'04","'000","'0000","8","葉麗娟","'1","'2","'0431219","63","臺灣省","高中","Y"," "," "
"'10","'007","'04","'000","'0000","9","黃正盛","'1","'1","'0670919","40","臺灣省","高中","Y","*"," "
"'10","'007","'04","'000","'0000","10","賴澤民","'16","'1","'0731102","34","臺灣省","大學","Y","*"," "
"'10","'007","'04","'000","'0000","11","張欣倩","'16","'2","'0750530","32","臺灣省","專科","N","*"," "
"'10","'007","'04","'000","'0000","12","黃金堂","'16","'1","'0481205","58","高雄市","高中","N"," "," "
"'10","'007","'04","'000","'0000","13","江吉存","'999","'1","'0550810","52","臺灣省","碩士","N"," "," "
"'10","'007","'05","'000","'0000","1","張國閔","'16","'1","'0500101","57","臺灣省","高中","N"," "," "
"'10","'007","'05","'000","'0000","2","許晋揚","'1","'1","'0730625","34","臺灣省","大學","N","*"," "
"'10","'007","'05","'000","'0000","3","洪本成","'1","'1","'0531224","53","臺灣省","高中(職)以下","N","*"," "
"'10","'007","'05","'000","'0000","4","陳玉姬","'1","'2","'0521210","54","臺灣省","碩士","N","*"," "
"'10","'007","'05","'000","'0000","5","歐陽蓁珠","'16","'2","'0441210","62","臺灣省","高中","Y"," "," "
"'10","'007","'05","'000","'0000","6","張春洋","'999","'1","'0490626","58","臺灣省","高中","Y","*"," "
"'10","'007","'05","'000","'0000","7","李清木","'16","'1","'0610919","46","臺灣省","高中","Y"," "," "
"'10","'007","'05","'000","'0000","8","陳重嘉","'999","'1","'0700119","37","臺灣省","碩士","Y","*"," "
"'10","'007","'06","'000","'0000","1","鄭俊雄","'1","'1","'0500122","57","臺灣省","碩士","N","*"," "
"'10","'007","'06","'000","'0000","2","張源清","'999","'1","'0501004","57","臺灣省","碩士","N"," "," "
"'10","'007","'06","'000","'0000","3","許書維","'16","'1","'0620326","45","臺灣省","專科","Y","*"," "
"'10","'007","'06","'000","'0000","4","蕭如意","'1","'1","'0440610","63","臺灣省","高中","Y","*"," "
"'10","'007","'06","'000","'0000","5","陳正忠","'999","'1","'0600902","47","臺灣省","高中","N"," "," "
"'10","'007","'06","'000","'0000","6","蕭淑芬","'999","'2","'0570515","50","臺灣省","專科","Y","!"," "
"'10","'007","'06","'000","'0000","7","劉景滄","'999","'1","'0590225","48","臺灣省","大學","Y","-"," "
"'10","'007","'07","'000","'0000","1","黃盛祿","'16","'1","'0480219","59","臺灣省","專科","N","*"," "
"'10","'007","'07","'000","'0000","2","謝典霖","'1","'1","'0680816","39","臺灣省","大學","Y","*"," "
"'10","'007","'07","'000","'0000","3","莊燈堯","'999","'1","'0760406","31","臺灣省","大學","N"," "," "
"'10","'007","'07","'000","'0000","4","江熊一楓","'16","'2","'0410611","66","臺灣省","碩士","Y","*"," "
"'10","'007","'07","'000","'0000","5","李浩誠","'1","'1","'0620925","45","臺灣省","大學","Y","*"," "
"'10","'007","'07","'000","'0000","6","吳錦潭","'999","'1","'0460706","61","臺灣省","高中","N"," "," "
"'10","'007","'07","'000","'0000","7","劉淑芳","'1","'2","'0480802","59","臺灣省","碩士","Y","*"," "
"'10","'007","'08","'000","'0000","1","陳適當","'999","'1","'0460620","61","臺灣省","大學","N"," "," "
"'10","'007","'08","'000","'0000","2","洪于仗","'999","'1","'0620828","45","臺灣省","大學","N"," "," "
"'10","'007","'08","'000","'0000","3","張國棟","'1","'1","'0471210","59","臺灣省","高中","N","*"," "
"'10","'007","'08","'000","'0000","4","陳一惇","'1","'1","'0631130","43","臺灣省","大學","Y","*"," "
"'10","'007","'08","'000","'0000","5","謝彥慧","'1","'2","'0630325","44","臺灣省","碩士","Y","*"," "
"'10","'007","'08","'000","'0000","6","蔡家豪","'999","'1","'0750116","32","臺灣省","高中","N","*"," "
"'10","'007","'08","'000","'0000","7","吳淑娟","'999","'2","'0441110","63","臺灣省","高中","Y","*"," "
"'10","'007","'08","'000","'0000","8","洪騰明","'16","'1","'0640225","43","臺灣省","大學","N"," "," "
"'10","'007","'08","'000","'0000","9","蔡金蓮","'16","'2","'0441026","63","臺南市","高中","N"," "," "
"'10","'008","'01","'000","'0000","1","于秀英","'999","'2","'0540717","53","臺中市","高中(職)以下","Y","*"," "
"'10","'008","'01","'000","'0000","2","張嘉哲","'999","'1","'0701126","36","臺灣省","碩士","N","*"," "
"'10","'008","'01","'000","'0000","3","林威崴","'999","'2","'0510718","56","臺灣省","高中","N"," "," "
"'10","'008","'01","'000","'0000","4","洪明科","'999","'1","'0600827","47","臺灣省","專科","Y","*"," "
"'10","'008","'01","'000","'0000","5","史雪燕","'1","'2","'0650717","42","其他","其他","N"," "," "
"'10","'008","'01","'000","'0000","6","游宏達","'999","'1","'0580623","49","臺灣省","碩士","Y"," "," "
"'10","'008","'01","'000","'0000","7","蔡宗智","'999","'1","'0680823","39","臺灣省","專科","Y","*"," "
"'10","'008","'01","'000","'0000","8","陳翰立","'16","'1","'0680829","39","臺中市","其他","Y","*"," "
"'10","'008","'01","'000","'0000","9","江國彬","'999","'1","'0550310","52","臺灣省","專科","N"," "," "
"'10","'008","'01","'000","'0000","10","羅美玲","'16","'2","'0580501","49","其他","碩士","Y","*"," "
"'10","'008","'01","'000","'0000","11","張維華","'1","'1","'0600717","47","臺中市","碩士","Y","*"," "
"'10","'008","'01","'000","'0000","12","賴燕雪","'16","'2","'0530418","54","臺灣省","碩士","Y","*"," "
"'10","'008","'01","'000","'0000","13","王永慶","'999","'1","'0511024","56","臺灣省","高中","N"," "," "
"'10","'008","'01","'000","'0000","14","曾振炎","'1","'1","'0500401","57","臺灣省","高中","Y","*"," "
"'10","'008","'01","'000","'0000","15","莊文斌","'1","'1","'0450526","62","臺灣省","高中","Y","*"," "
"'10","'008","'01","'000","'0000","16","洪浩原","'999","'1","'0740607","33","臺中市","碩士","N"," "," "
"'10","'008","'02","'000","'0000","1","洪巧娟","'16","'2","'0800925","27","臺灣省","大學","N"," "," "
"'10","'008","'02","'000","'0000","2","李洲忠","'1","'1","'0511215","55","臺灣省","專科","Y","*"," "
"'10","'008","'02","'000","'0000","3","蔡銘軒","'16","'1","'0730827","34","臺灣省","大學","N","*"," "
"'10","'008","'02","'000","'0000","4","莊士傑","'999","'1","'0620205","45","臺灣省","專科","N","*"," "
"'10","'008","'02","'000","'0000","5","簡賜勝","'999","'1","'0560301","51","臺灣省","專科","Y","*"," "
"'10","'008","'02","'000","'0000","6","李幸花","'999","'2","'0541103","53","臺灣省","專科","N"," "," "
"'10","'008","'02","'000","'0000","7","莊惠惠","'999","'2","'0741121","33","臺灣省","碩士","N"," "," "
"'10","'008","'02","'000","'0000","8","張永輝","'999","'1","'0510215","56","臺灣省","專科","N","*"," "
"'10","'008","'02","'000","'0000","9","廖梓佑","'16","'2","'0471130","59","臺灣省","大學","Y","*"," "
"'10","'008","'02","'000","'0000","10","陳國大","'999","'1","'0430103","64","臺灣省","碩士","N"," "," "
"'10","'008","'02","'000","'0000","11","唐曉棻","'1","'2","'0570409","50","臺灣省","高中","N","*"," "
"'10","'008","'02","'000","'0000","12","簡峻庭","'999","'1","'0420201","65","臺灣省","專科","Y","*"," "
"'10","'008","'03","'000","'0000","1","王秋淑","'16","'2","'0620812","45","臺灣省","大學","N"," "," "
"'10","'008","'03","'000","'0000","2","李雲龍","'999","'1","'0440328","63","臺灣省","高中","N"," "," "
"'10","'008","'03","'000","'0000","3","謝明謀","'1","'1","'0390415","68","臺灣省","專科","Y","*"," "
"'10","'008","'03","'000","'0000","4","陳昭煜","'16","'1","'0511114","56","臺灣省","碩士","Y","*"," "
"'10","'008","'03","'000","'0000","5","蕭志全","'1","'1","'0520519","55","臺灣省","高中","Y","*"," "
"'10","'008","'03","'000","'0000","6","陳淑惠","'1","'2","'0461225","60","臺灣省","專科","Y","*"," "
"'10","'008","'04","'000","'0000","1","吳瑞芳","'999","'2","'0460108","61","臺灣省","高中","Y","*"," "
"'10","'008","'04","'000","'0000","2","張志銘","'16","'1","'0520415","55","臺灣省","碩士","Y"," "," "
"'10","'008","'04","'000","'0000","3","何勝豐","'1","'1","'0460312","61","臺灣省","碩士","Y","*"," "
"'10","'008","'04","'000","'0000","4","蔡孟娥","'999","'2","'0571029","50","臺灣省","專科","N","*"," "
"'10","'008","'04","'000","'0000","5","游顥","'1","'1","'0720911","35","臺灣省","碩士","N","*"," "
"'10","'008","'04","'000","'0000","6","陳玉鈴","'16","'2","'0560401","51","臺灣省","大學","N"," "," "
"'10","'008","'04","'000","'0000","7","黃東灝","'1","'1","'0490126","58","臺灣省","高中(職)以下","N","*"," "
"'10","'008","'04","'000","'0000","8","林本立","'999","'1","'0421113","65","臺灣省","高中","N"," "," "
"'10","'008","'04","'000","'0000","9","蔡易呈","'1","'1","'0711223","35","臺灣省","碩士","N"," "," "
"'10","'008","'05","'000","'0000","1","葉仁創","'16","'1","'0640924","43","臺灣省","碩士","N","*"," "
"'10","'008","'05","'000","'0000","2","戴世詮","'999","'1","'0570523","50","臺灣省","專科","N","*"," "
"'10","'008","'05","'000","'0000","3","潘一全","'1","'1","'0591126","47","臺灣省","大學","Y","*"," "
"'10","'008","'05","'000","'0000","4","陳宜君","'16","'2","'0551017","52","臺灣省","大學","N","*"," "
"'10","'008","'05","'000","'0000","5","王彩雲","'1","'2","'0510930","56","臺灣省","專科","Y","*"," "
"'10","'008","'05","'000","'0000","6","林芳伃","'1","'2","'0510528","56","臺灣省","碩士","Y","*"," "
"'10","'008","'05","'000","'0000","7","何惠娟","'16","'2","'0531216","53","臺灣省","高中","N"," "," "
"'10","'008","'05","'000","'0000","8","黃世芳","'1","'1","'0650109","42","臺灣省","碩士","N","*"," "
"'10","'008","'05","'000","'0000","9","楊淑芬","'999","'2","'0590215","48","臺灣省","高中","N"," "," "
"'10","'008","'05","'000","'0000","10","黃正男","'999","'1","'0560201","51","臺灣省","高中","N"," "," "
"'10","'009","'01","'000","'0000","1","陳俊傑","'999","'1","'0610807","46","臺灣省","高中","N"," "," "
"'10","'009","'01","'000","'0000","2","廖郁賢","'267","'2","'0800928","27","臺灣省","大學","N","*"," "
"'10","'009","'01","'000","'0000","3","江宗保","'16","'1","'0600803","47","臺灣省","大學","N"," "," "
"'10","'009","'01","'000","'0000","4","邱世文","'999","'1","'0550610","52","臺灣省","大學","N","*"," "
"'10","'009","'01","'000","'0000","5","蘇于珊","'1","'2","'0481109","59","臺南市","高中","N","*"," "
"'10","'009","'01","'000","'0000","6","李政達","'16","'1","'0610905","46","臺灣省","大學","N"," "," "
"'10","'009","'01","'000","'0000","7","李建昇","'16","'1","'0490219","58","臺灣省","碩士","Y","*"," "
"'10","'009","'01","'000","'0000","8","李建志","'999","'1","'0580526","49","臺灣省","碩士","Y","*"," "
"'10","'009","'01","'000","'0000","9","陳亮良","'1","'1","'0571202","49","臺灣省","碩士","N"," "," "
"'10","'009","'01","'000","'0000","10","林岳璋","'999","'1","'0600724","47","臺灣省","高中","Y","*"," "
"'10","'009","'01","'000","'0000","11","林武文","'999","'1","'0461014","61","臺灣省","碩士","N"," "," "
"'10","'009","'01","'000","'0000","12","周秀月","'16","'2","'0450915","62","臺灣省","碩士","Y"," "," "
"'10","'009","'01","'000","'0000","13","鍾明馨","'999","'1","'0550105","52","臺灣省","高中(職)以下","Y","*"," "
"'10","'009","'01","'000","'0000","14","鄭自勤","'999","'1","'0690408","38","臺灣省","大學","N"," "," "
"'10","'009","'01","'000","'0000","15","賴淑娞","'1","'2","'0510622","56","臺灣省","碩士","Y","*"," "
"'10","'009","'01","'000","'0000","16","王又民","'999","'1","'0630124","44","臺灣省","碩士","Y","*"," "
"'10","'009","'01","'000","'0000","17","江文登","'16","'1","'0600130","47","臺灣省","高中","Y","*"," "
"'10","'009","'02","'000","'0000","1","陳毅弘","'16","'1","'0590130","48","臺灣省","大學","N"," "," "
"'10","'009","'02","'000","'0000","2","陳樹吉","'999","'1","'0441210","62","臺灣省","高中","Y","*"," "
"'10","'009","'02","'000","'0000","3","黃忠興","'999","'1","'0450426","62","臺灣省","專科","N"," "," "
"'10","'009","'02","'000","'0000","4","張庭綺","'16","'2","'0690807","38","臺灣省","大學","N","*"," "
"'10","'009","'02","'000","'0000","5","蔡東富","'999","'1","'0480513","59","臺灣省","高中","Y","*"," "
"'10","'009","'02","'000","'0000","6","賴明源","'999","'1","'0530710","54","臺灣省","高中(職)以下","Y","*"," "
"'10","'009","'02","'000","'0000","7","黃高明","'999","'1","'0520818","55","臺灣省","大學","N"," "," "
"'10","'009","'02","'000","'0000","8","鐘泰荃","'16","'1","'0491012","58","臺灣省","高中(職)以下","N"," "," "
"'10","'009","'02","'000","'0000","9","顏忠義","'999","'1","'0610114","46","臺灣省","高中","N","*"," "
"'10","'009","'02","'000","'0000","10","王秋足","'1","'2","'0431023","64","臺灣省","高中","Y","*"," "
"'10","'009","'03","'000","'0000","1","陳乙辰","'999","'1","'0760310","31","臺灣省","大學","N"," "," "
"'10","'009","'03","'000","'0000","2","黃凱","'999","'1","'0630209","44","臺灣省","專科","Y","*"," "
"'10","'009","'03","'000","'0000","3","林富源","'999","'1","'0600810","47","臺灣省","高中","N"," "," "
"'10","'009","'03","'000","'0000","4","陳茂源","'999","'1","'0590531","48","臺灣省","高中(職)以下","Y"," "," "
"'10","'009","'03","'000","'0000","5","黃美瑤","'999","'2","'0570920","50","臺灣省","專科","N","*"," "
"'10","'009","'03","'000","'0000","6","王鈺齊","'95","'2","'0630402","44","臺灣省","大學","N","*"," "
"'10","'009","'03","'000","'0000","7","蔡明水","'16","'1","'0460908","61","臺灣省","專科","N","*"," "
"'10","'009","'03","'000","'0000","8","沈義隆","'999","'1","'0621204","44","臺灣省","專科","N"," "," "
"'10","'009","'03","'000","'0000","9","郭武男","'1","'1","'0531108","54","臺灣省","高中","N"," "," "
"'10","'009","'03","'000","'0000","10","蔣尹瑄","'999","'2","'0820131","25","高雄市","大學","N"," "," "
"'10","'009","'03","'000","'0000","11","林文彬","'16","'1","'0451214","61","臺灣省","碩士","N","*"," "
"'10","'009","'03","'000","'0000","12","許維修","'999","'1","'0650316","42","臺灣省","碩士","N"," "," "
"'10","'009","'03","'000","'0000","13","陳瑞雄","'1","'1","'0491208","57","臺灣省","高中","Y"," "," "
"'10","'009","'03","'000","'0000","14","蔡秋敏","'16","'2","'0500206","57","臺灣省","碩士","Y"," "," "
"'10","'009","'03","'000","'0000","15","陳俊龍","'999","'1","'0580704","49","臺灣省","碩士","Y","*"," "
"'10","'009","'03","'000","'0000","16","顏旭懋","'16","'1","'0640913","43","臺灣省","專科","Y","*"," "
"'10","'009","'03","'000","'0000","17","沈宗隆","'1","'1","'0480427","59","臺灣省","高中(職)以下","Y","*"," "
"'10","'009","'04","'000","'0000","1","廖錦珠","'16","'2","'0460110","61","臺灣省","高中","Y"," "," "
"'10","'009","'04","'000","'0000","2","廖秋萍","'16","'2","'0660530","41","臺灣省","大學","Y","*"," "
"'10","'009","'04","'000","'0000","3","詹㨗凱","'999","'1","'0430920","64","臺灣省","高中","N"," "," "
"'10","'009","'04","'000","'0000","4","游淑雲","'999","'2","'0651205","41","臺灣省","專科","N","*"," "
"'10","'009","'04","'000","'0000","5","鍾政翰","'267","'1","'0810127","26","臺灣省","大學","N"," "," "
"'10","'009","'04","'000","'0000","6","廖文彬","'999","'1","'0641125","42","臺灣省","高中","N"," "," "
"'10","'009","'04","'000","'0000","7","梁銘忠","'999","'1","'0550210","52","臺灣省","高中","Y","*"," "
"'10","'009","'04","'000","'0000","8","廖萬","'16","'1","'0380408","69","臺灣省","高中(職)以下","N","*"," "
"'10","'009","'04","'000","'0000","9","王鐵道","'999","'1","'0400208","67","臺灣省","碩士","Y"," "," "
"'10","'009","'04","'000","'0000","10","廖偉晴","'1","'1","'0640912","43","臺灣省","碩士","N","*"," "
"'10","'009","'04","'000","'0000","11","李明哲","'1","'1","'0571031","50","臺灣省","碩士","Y","*"," "
"'10","'009","'05","'000","'0000","1","丁慶錡","'290","'1","'0640726","43","臺灣省","高中","N"," "," "
"'10","'009","'05","'000","'0000","2","林深","'999","'1","'0470227","60","臺灣省","碩士","Y","*"," "
"'10","'009","'05","'000","'0000","3","丁春樹","'999","'1","'0450401","62","臺灣省","高中(職)以下","N"," "," "
"'10","'009","'05","'000","'0000","4","林建鴻","'1","'1","'0540318","53","臺灣省","專科","Y","*"," "
"'10","'009","'05","'000","'0000","5","蔡昌孟","'999","'1","'0550318","52","臺灣省","高中(職)以下","N"," "," "
"'10","'009","'05","'000","'0000","6","黃淑鈴","'16","'2","'0500720","57","臺灣省","高中","Y","*"," "
"'10","'009","'05","'000","'0000","7","吳蕙蘭","'999","'2","'0561019","51","臺灣省","高中","N","*"," "
"'10","'009","'05","'000","'0000","8","蘇俊豪","'16","'1","'0640523","43","臺灣省","碩士","Y","*"," "
"'10","'009","'05","'000","'0000","9","許志豪","'16","'1","'0620102","45","臺灣省","高中","Y","*"," "
"'10","'009","'05","'000","'0000","10","陳文益","'999","'1","'0530308","54","臺灣省","高中","N"," "," "
"'10","'009","'05","'000","'0000","11","許留賓","'999","'1","'0520929","55","臺灣省","專科","N","*"," "
"'10","'009","'06","'000","'0000","1","黃美蘭","'999","'2","'0580422","49","高雄市","高中","N","*"," "
"'10","'009","'06","'000","'0000","2","翁水上","'999","'1","'0440320","63","臺灣省","高中(職)以下","Y","*"," "
"'10","'009","'06","'000","'0000","3","蔡岳儒","'16","'1","'0640906","43","臺南市","碩士","Y","*"," "
"'10","'009","'06","'000","'0000","4","林昀蔚","'16","'1","'0740515","33","臺灣省","碩士","N"," "," "
"'10","'009","'06","'000","'0000","5","蕭慧敏","'999","'2","'0490415","58","臺灣省","專科","N","*"," "
"'10","'009","'06","'000","'0000","6","蕭惠娟","'999","'2","'0550702","52","臺灣省","大學","N"," "," "
"'10","'009","'06","'000","'0000","7","蔡孟真","'999","'2","'0660216","41","臺灣省","大學","Y","*"," "
"'10","'009","'06","'000","'0000","8","王新堯","'999","'1","'0600723","47","臺灣省","高中","N"," "," "
"'10","'009","'06","'000","'0000","9","黃文祥","'999","'1","'0511210","55","臺灣省","大學","Y","*"," "
"'10","'010","'01","'000","'0000","1","董國誠","'999","'1","'0500905","57","臺灣省","大學","Y"," "," "
"'10","'010","'01","'000","'0000","2","楊秀琴","'999","'2","'0531211","53","臺灣省","高中","N","*"," "
"'10","'010","'01","'000","'0000","3","吳建霖","'999","'1","'0541103","53","臺灣省","高中","N"," "," "
"'10","'010","'01","'000","'0000","4","黃榮俊","'16","'1","'0520815","55","臺灣省","高中","N","*"," "
"'10","'010","'01","'000","'0000","5","詹琬蓁","'1","'2","'0660322","41","新北市","碩士","Y","*"," "
"'10","'010","'01","'000","'0000","6","林緗亭","'16","'2","'0710813","36","臺灣省","碩士","Y","*"," "
"'10","'010","'01","'000","'0000","7","王啓澧","'1","'1","'0531104","54","臺灣省","大學","Y","*"," "
"'10","'010","'01","'000","'0000","8","賴瓊如","'999","'2","'0571114","50","臺灣省","高中","N","*"," "
"'10","'010","'01","'000","'0000","9","戴光宗","'16","'1","'0650520","42","臺灣省","高中","Y","*"," "
"'10","'010","'01","'000","'0000","10","林沐惠","'16","'1","'0461130","60","臺灣省","大學","Y"," "," "
"'10","'010","'01","'000","'0000","11","黃榮杰","'999","'1","'0500109","57","臺灣省","碩士","N"," "," "
"'10","'010","'02","'000","'0000","1","陳福成","'999","'1","'0470830","60","臺灣省","專科","Y","*"," "
"'10","'010","'02","'000","'0000","2","林于玲","'1","'2","'0520208","55","臺灣省","碩士","Y","*"," "
"'10","'010","'02","'000","'0000","3","黃芳蘭","'16","'2","'0510602","56","臺灣省","大學","Y","*"," "
"'10","'010","'02","'000","'0000","4","林淑完","'16","'2","'0480330","59","臺灣省","高中","N","*"," "
"'10","'010","'02","'000","'0000","5","林秀琴","'16","'2","'0421004","65","臺灣省","高中(職)以下","Y","*"," "
"'10","'010","'02","'000","'0000","6","陳文忠","'999","'1","'0531102","54","臺灣省","碩士","Y","*"," "
"'10","'010","'02","'000","'0000","7","黃嘉寬","'999","'1","'0440725","63","臺灣省","高中","N"," "," "
"'10","'010","'02","'000","'0000","8","葉孟龍","'16","'1","'0701102","37","臺灣省","大學","Y","*"," "
"'10","'010","'02","'000","'0000","9","賴朝崙","'999","'1","'0440213","63","臺灣省","高中","Y"," "," "
"'10","'010","'03","'000","'0000","1","吳思蓉","'1","'2","'0460824","61","臺灣省","大學","Y","*"," "
"'10","'010","'03","'000","'0000","2","陳信文","'1","'1","'0750923","32","臺中市","大學","N","*"," "
"'10","'010","'03","'000","'0000","3","陳志明","'999","'1","'0541004","53","臺灣省","高中","N"," "," "
"'10","'010","'03","'000","'0000","4","劉雅文","'16","'2","'0700529","37","臺灣省","大學","N","*"," "
"'10","'010","'03","'000","'0000","5","許有疆","'16","'1","'0620801","45","臺灣省","大學","N","*"," "
"'10","'010","'03","'000","'0000","6","劉宏文","'999","'1","'0411101","66","臺灣省","高中","N","*"," "
"'10","'010","'03","'000","'0000","7","郭芳宜","'16","'1","'0480216","59","臺灣省","高中","Y"," "," "
"'10","'010","'03","'000","'0000","8","趙麗娜","'999","'2","'0540424","53","臺南市","高中","N"," "," "
"'10","'010","'04","'000","'0000","1","呂文正","'999","'1","'0591009","48","臺灣省","碩士","N"," "," "
"'10","'010","'04","'000","'0000","2","陳怡岳","'16","'1","'0630921","44","臺灣省","碩士","Y","*"," "
"'10","'010","'04","'000","'0000","3","黃奕瑄","'999","'2","'0600128","47","臺灣省","大學","N"," "," "
"'10","'010","'04","'000","'0000","4","陳晉豪","'999","'1","'0621110","45","臺灣省","專科","N"," "," "
"'10","'010","'04","'000","'0000","5","蔡奇璋","'999","'1","'0490110","58","臺灣省","大學","Y","*"," "
"'10","'010","'04","'000","'0000","6","李國勝","'1","'1","'0531213","53","臺灣省","專科","Y","*"," "
"'10","'010","'04","'000","'0000","7","陳崇榮","'999","'1","'0550112","52","臺灣省","高中(職)以下","N"," "," "
"'10","'010","'04","'000","'0000","8","蔡鼎三","'16","'1","'0501012","57","臺灣省","碩士","Y","*"," "
"'10","'010","'04","'000","'0000","9","黃鉦凱","'16","'1","'0781202","28","臺灣省","碩士","N","*"," "
"'10","'010","'04","'000","'0000","10","姜梅紅","'999","'2","'0400520","67","臺南市","高中","Y","*"," "
"'10","'010","'04","'000","'0000","11","黃嫈珺","'16","'2","'0720405","35","臺灣省","碩士","Y","*"," "
"'10","'010","'05","'000","'0000","1","黃金茂","'999","'1","'0440524","63","臺灣省","高中","Y","*"," "
"'10","'010","'05","'000","'0000","2","蔡瑋傑","'16","'1","'0670607","40","臺南市","大學","Y","*"," "
"'10","'010","'05","'000","'0000","3","李志榮","'999","'1","'0510413","56","臺灣省","高中(職)以下","N"," "," "
"'10","'010","'05","'000","'0000","4","翁聰賢","'16","'1","'0601129","46","臺灣省","碩士","N"," "," "
"'10","'010","'05","'000","'0000","5","蔡信典","'1","'1","'0421203","64","臺灣省","大學","Y","*"," "
"'10","'010","'06","'000","'0000","1","林琨閔","'999","'1","'0711119","36","臺灣省","大學","N"," "," "
"'10","'010","'06","'000","'0000","2","張明達","'16","'1","'0490801","58","臺灣省","大學","Y","*"," "
"'10","'010","'06","'000","'0000","3","王清美","'999","'2","'0491210","57","臺灣省","專科","N"," "," "
"'10","'010","'06","'000","'0000","4","何子凡","'999","'1","'0700818","37","臺灣省","碩士","Y","*"," "
"'10","'010","'06","'000","'0000","5","王焜玄","'999","'1","'0590103","48","臺灣省","高中(職)以下","N","*"," "
"'10","'010","'06","'000","'0000","6","張貴忠","'16","'1","'0400205","67","臺灣省","高中(職)以下","Y"," "," "
"'10","'010","'06","'000","'0000","7","陳柏麟","'16","'1","'0581130","48","臺灣省","碩士","Y","*"," "
"'10","'010","'06","'000","'0000","8","邱銀海","'1","'1","'0621031","45","臺灣省","高中","N","*"," "
"'10","'010","'06","'000","'0000","9","莊竣傑","'999","'1","'0420927","65","臺灣省","大學","N"," "," "
"'10","'010","'06","'000","'0000","10","詹黃素蓮","'1","'2","'0420517","65","臺灣省","大學","Y","*"," "
"'10","'010","'06","'000","'0000","11","羅士洋","'16","'1","'0480725","59","臺灣省","高中","Y","*"," "
"'10","'010","'06","'000","'0000","12","龔良榮","'999","'1","'0420120","65","臺灣省","高中","N"," "," "
"'10","'010","'06","'000","'0000","13","凃文以","'999","'1","'0451120","62","臺灣省","其他","N"," "," "
"'10","'013","'01","'000","'0000","1","蔣月惠","'999","'2","'0480412","59","臺灣省","專科","Y","*"," "
"'10","'013","'01","'000","'0000","2","唐玉琴","'1","'2","'0441020","63","臺中市","大學","Y","*"," "
"'10","'013","'01","'000","'0000","4","蘇義峰","'16","'1","'0460130","61","臺灣省","高中","Y"," "," "
"'10","'013","'01","'000","'0000","5","李世斌","'16","'1","'0510505","56","臺灣省","碩士","Y","*"," "
"'10","'013","'01","'000","'0000","6","黃明賢","'1","'1","'0720525","35","臺灣省","碩士","N","*"," "
"'10","'013","'01","'000","'0000","7","鍾淑娟","'16","'2","'0541110","53","臺灣省","大學","N"," "," "
"'10","'013","'01","'000","'0000","8","曾義雄","'1","'1","'0500301","57","臺灣省","碩士","N","*"," "
"'10","'013","'01","'000","'0000","9","劉振隆","'999","'1","'0490526","58","臺灣省","專科","N"," "," "
"'10","'013","'01","'000","'0000","10","劉育豪","'16","'1","'0560826","51","臺灣省","碩士","Y"," "," "
"'10","'013","'01","'000","'0000","11","黃昌源","'1","'1","'0500518","57","臺灣省","碩士","N"," "," "
"'10","'013","'01","'000","'0000","12","陳揚","'1","'1","'0770718","30","臺灣省","碩士","N","*"," "
"'10","'013","'01","'000","'0000","13","鄭清原","'999","'1","'0551014","52","臺灣省","其他","N","*"," "
"'10","'013","'01","'000","'0000","14","方一祥","'16","'1","'0651222","41","臺灣省","大學","N","*"," "
"'10","'013","'01","'000","'0000","15","張金文","'999","'1","'0480901","59","高雄市","其他","Y","-"," "
"'10","'013","'01","'000","'0000","16","陳哲蕙","'999","'2","'0730522","34","高雄市","大學","N","!"," "
"'10","'013","'01","'000","'0000","17","蔣家煌","'999","'1","'0510106","56","臺灣省","高中","Y","*"," "
"'10","'013","'01","'000","'0000","18","林明順","'999","'1","'0430102","64","臺灣省","碩士","Y","*"," "
"'10","'013","'01","'000","'0000","19","鍾明輝","'16","'1","'0440706","63","臺灣省","大學","Y"," "," "
"'10","'013","'01","'000","'0000","20","張平原","'999","'1","'0540621","53","臺灣省","高中(職)以下","Y","*"," "
"'10","'013","'02","'000","'0000","1","江維屏","'16","'1","'0530330","54","臺灣省","高中","Y"," "," "
"'10","'013","'02","'000","'0000","2","吳政育","'16","'1","'0680228","39","臺灣省","高中","N"," "," "
"'10","'013","'02","'000","'0000","3","何春美","'1","'2","'0430208","64","臺灣省","大學","Y","*"," "
"'10","'013","'02","'000","'0000","4","鄭淑嫣","'999","'2","'0600811","47","臺灣省","大學","N"," "," "
"'10","'013","'02","'000","'0000","5","尤慶賀","'999","'1","'0490819","58","臺灣省","大學","Y","*"," "
"'10","'013","'02","'000","'0000","6","吳亮慶","'16","'1","'0430408","64","臺灣省","高中","Y","*"," "
"'10","'013","'02","'000","'0000","7","許玉秀","'16","'2","'0431010","64","臺灣省","大學","N"," "," "
"'10","'013","'02","'000","'0000","8","鄭雙銓","'1","'1","'0510611","56","臺灣省","碩士","Y","*"," "
"'10","'013","'02","'000","'0000","9","宋麗華","'1","'2","'0570413","50","臺北市","碩士","Y","*"," "
"'10","'013","'02","'000","'0000","10","盧文瑞","'999","'1","'0461225","60","臺灣省","大學","Y","*"," "
"'10","'013","'02","'000","'0000","11","潘采瑤","'999","'2","'0710724","36","桃園市","高中","N"," "," "
"'10","'013","'02","'000","'0000","12","陳明達","'16","'1","'0520208","55","臺灣省","碩士","Y","*"," "
"'10","'013","'02","'000","'0000","13","王景山","'999","'1","'0521014","55","臺灣省","大學","N","*"," "
"'10","'013","'03","'000","'0000","1","潘淑眞","'16","'2","'0540915","53","臺灣省","碩士","Y","*"," "
"'10","'013","'03","'000","'0000","2","黃建溢","'16","'1","'0700310","37","臺灣省","碩士","Y","*"," "
"'10","'013","'03","'000","'0000","3","李明宗","'16","'1","'0500119","57","臺灣省","專科","N"," "," "
"'10","'013","'03","'000","'0000","4","李世淦","'1","'1","'0641209","42","臺灣省","大學","N","*"," "
"'10","'013","'03","'000","'0000","5","利八魁","'16","'1","'0400801","67","臺灣省","高中","N"," "," "
"'10","'013","'03","'000","'0000","6","潘政治","'16","'1","'0470606","60","臺灣省","大學","N"," "," "
"'10","'013","'03","'000","'0000","7","林宗俉","'16","'1","'0440326","63","臺灣省","其他","Y"," "," "
"'10","'013","'03","'000","'0000","8","潘連周","'999","'1","'0530817","54","臺灣省","專科","N","*"," "
"'10","'013","'03","'000","'0000","9","徐榮耀","'1","'1","'0410126","66","高雄市","高中(職)以下","Y","*"," "
"'10","'013","'03","'000","'0000","11","潘長成","'95","'1","'0541008","53","臺灣省","大學","Y","*"," "
"'10","'013","'03","'000","'0000","12","林郁虹","'999","'2","'0510319","56","臺灣省","碩士","Y","*"," "
"'10","'013","'03","'000","'0000","13","洪明江","'16","'1","'0450906","62","臺灣省","高中","N"," "," "
"'10","'013","'03","'000","'0000","14","梁正金","'16","'1","'0540105","53","臺灣省","專科","N"," "," "
"'10","'013","'03","'000","'0000","15","陳志成","'999","'1","'0521007","55","臺灣省","專科","Y","*"," "
"'10","'013","'03","'000","'0000","16","許馨勻","'1","'2","'0680202","39","臺灣省","碩士","Y","*"," "
"'10","'013","'03","'000","'0000","17","劉淼松","'999","'1","'0550812","52","臺灣省","其他","Y","*"," "
"'10","'013","'04","'000","'0000","1","方文正","'16","'1","'0510603","56","臺灣省","專科","N","*"," "
"'10","'013","'04","'000","'0000","2","郭再添","'999","'1","'0620809","45","臺灣省","高中","Y"," "," "
"'10","'013","'04","'000","'0000","3","劉孟君","'16","'2","'0640512","43","臺灣省","大學","N","*"," "
"'10","'013","'04","'000","'0000","4","何輝能","'16","'1","'0380911","69","臺灣省","其他","Y","*"," "
"'10","'013","'04","'000","'0000","5","許展維","'16","'1","'0610317","46","臺灣省","大學","Y","*"," "
"'10","'013","'04","'000","'0000","6","周典論","'1","'1","'0440120","63","臺灣省","大學","Y","*"," "
"'10","'013","'04","'000","'0000","7","鄭張常敏","'999","'2","'0421217","64","高雄市","其他","N","*"," "
"'10","'013","'04","'000","'0000","8","李曜丞","'999","'1","'0721013","35","高雄市","碩士","N"," "," "
"'10","'013","'04","'000","'0000","9","林蔡鳯梅","'999","'2","'0480122","59","臺灣省","其他","Y","*"," "
"'10","'013","'04","'000","'0000","10","李香蘭","'1","'2","'0600715","47","臺灣省","碩士","Y","*"," "
"'10","'013","'05","'000","'0000","1","林韻濱","'999","'1","'0510607","56","臺灣省","高中(職)以下","N"," "," "
"'10","'013","'05","'000","'0000","2","王啟敏","'1","'1","'0441204","62","臺灣省","專科","Y","*"," "
"'10","'013","'05","'000","'0000","3","林玉花","'16","'2","'0530802","54","臺南市","專科","Y","*"," "
"'10","'013","'05","'000","'0000","4","周碧雲","'16","'2","'0610830","46","臺灣省","碩士","Y","*"," "
"'10","'013","'05","'000","'0000","5","羅平道","'16","'1","'0560123","51","臺灣省","大學","Y","*"," "
"'10","'013","'05","'000","'0000","6","何麗莉","'113","'2","'0551208","51","高雄市","高中","N"," "," "
"'10","'013","'06","'000","'0000","1","李志偉","'16","'1","'0551025","52","臺灣省","高中","Y","*"," "
"'10","'013","'06","'000","'0000","2","曾瓊慧","'1","'2","'0560308","51","臺灣省","大學","N"," "," "
"'10","'013","'06","'000","'0000","3","周志仲","'16","'1","'0520924","55","臺灣省","高中","N"," "," "
"'10","'013","'06","'000","'0000","4","郭麗玲","'999","'2","'0561222","50","臺灣省","專科","N"," "," "
"'10","'013","'06","'000","'0000","5","盧玟欣","'1","'2","'0760926","31","臺灣省","碩士","N","*"," "
"'10","'013","'06","'000","'0000","6","陳文弘","'16","'1","'0470310","60","臺灣省","高中","Y","*"," "
"'10","'013","'07","'000","'0000","1","洪慈綪","'999","'2","'0590719","48","臺灣省","大學","Y"," "," "
"'10","'013","'07","'000","'0000","2","王薇茗","'999","'2","'0730404","34","臺灣省","大學","N","*"," "
"'10","'002","'01","'000","'0000","1","游國良","'16","'1","'0680817","39","臺灣省","碩士","N"," "," "
"'10","'002","'01","'000","'0000","2","黃定和","'1","'1","'0470105","60","臺灣省","碩士","Y","*"," "
"'10","'002","'01","'000","'0000","3","徐坤炎","'999","'1","'0521022","55","臺灣省","高中(職)以下","N"," "," "
"'10","'002","'01","'000","'0000","4","林錫明","'999","'1","'0430915","64","臺灣省","高中(職)以下","Y","*"," "
"'10","'002","'01","'000","'0000","5","楊順木","'999","'1","'0390428","68","桃園市","高中(職)以下","Y","*"," "
"'10","'002","'01","'000","'0000","6","呂健吉","'999","'1","'0490604","58","臺灣省","博士","N"," "," "
"'10","'002","'01","'000","'0000","7","史國章","'999","'1","'0480808","59","臺灣省","大學","N"," "," "
"'10","'002","'01","'000","'0000","8","黃福生","'16","'1","'0580117","49","新北市","專科","N"," "," "
"'10","'002","'01","'000","'0000","9","莊淑如","'1","'2","'0671223","39","臺北市","碩士","N","*"," "
"'10","'002","'01","'000","'0000","10","康思源","'999","'1","'0630526","44","臺灣省","博士","N"," "," "
"'10","'002","'01","'000","'0000","11","林麗","'16","'2","'0591012","48","臺灣省","碩士","N","*"," "
"'10","'002","'01","'000","'0000","12","孫博萮","'999","'2","'0670304","40","臺北市","大學","N"," "," "
"'10","'002","'01","'000","'0000","13","吳福田","'16","'1","'0381203","68","臺灣省","高中","N"," "," "
"'10","'002","'01","'000","'0000","14","林正芳","'267","'1","'0521028","55","臺灣省","碩士","N"," "," "
"'10","'002","'01","'000","'0000","15","林岳賢","'1","'1","'0630614","44","臺灣省","碩士","Y","*"," "
"'10","'002","'01","'000","'0000","16","張建榮","'1","'1","'0360525","71","臺灣省","高中(職)以下","Y","*"," "
"'10","'002","'01","'000","'0000","17","林建地","'999","'1","'0570410","50","臺灣省","大學","N"," "," "
"'10","'002","'01","'000","'0000","18","林志鴻","'999","'1","'0661004","41","臺灣省","大學","Y"," "," "
"'10","'002","'02","'000","'0000","1","林瑞文","'267","'1","'0680210","39","臺灣省","碩士","N"," "," "
"'10","'002","'02","'000","'0000","2","劉秋展","'999","'1","'0461226","60","臺灣省","大學","N"," "," "
"'10","'002","'02","'000","'0000","3","蔡文益","'1","'1","'0610804","46","臺灣省","碩士","Y","*"," "
"'10","'002","'02","'000","'0000","4","林金龍","'16","'1","'0390114","68","臺灣省","高中(職)以下","Y"," "," "
"'10","'002","'02","'000","'0000","5","賴良洲","'999","'1","'0521005","55","臺灣省","高中","N","*"," "
"'10","'002","'03","'000","'0000","1","李清林","'1","'1","'0380820","69","臺灣省","高中(職)以下","N","*"," "
"'10","'002","'03","'000","'0000","2","李志文","'999","'1","'0540831","53","臺灣省","高中","N"," "," "
"'10","'002","'03","'000","'0000","3","吳宏謀","'16","'1","'0390815","68","臺灣省","高中","Y","*"," "
"'10","'002","'03","'000","'0000","4","林敏寬","'999","'2","'0390504","68","臺灣省","其他","N"," "," "
"'10","'002","'04","'000","'0000","1","陳俊宇","'16","'1","'0640314","43","臺灣省","碩士","Y","*"," "
"'10","'002","'04","'000","'0000","2","黃浴沂","'1","'1","'0410412","66","臺灣省","高中(職)以下","Y","*"," "
"'10","'002","'05","'000","'0000","1","黃建勇","'1","'1","'0470912","60","臺灣省","高中","Y","*"," "
"'10","'002","'05","'000","'0000","2","陳福山","'999","'1","'0461108","61","臺灣省","專科","Y","*"," "
"'10","'002","'05","'000","'0000","3","游萬坊","'999","'1","'0620918","45","臺灣省","高中","N"," "," "
"'10","'002","'06","'000","'0000","1","陳鴻禧","'1","'1","'0480113","59","臺灣省","碩士","Y","*"," "
"'10","'002","'06","'000","'0000","2","黃琤婷","'1","'2","'0671220","39","臺灣省","大學","N","*"," "
"'10","'002","'06","'000","'0000","3","謝志得","'999","'1","'0570506","50","臺灣省","碩士","N"," "," "
"'10","'002","'06","'000","'0000","4","劉添梧","'16","'1","'0370713","70","臺灣省","專科","Y","*"," "
"'10","'002","'06","'000","'0000","5","潘郁儒","'999","'2","'0740428","33","臺灣省","大學","N"," "," "
"'10","'002","'06","'000","'0000","6","謝家倫","'16","'1","'0740708","33","臺灣省","大學","N"," "," "
"'10","'002","'06","'000","'0000","7","陳漢鍾","'999","'1","'0600807","47","臺灣省","碩士","Y","*"," "
"'10","'002","'06","'000","'0000","8","歐志銘","'267","'1","'0541224","52","臺灣省","博士","N"," "," "
"'10","'002","'06","'000","'0000","9","呂惠卿","'16","'2","'0590711","48","臺灣省","碩士","N","*"," "
"'10","'002","'06","'000","'0000","10","黃義煌","'999","'1","'0550820","52","臺灣省","專科","N"," "," "
"'10","'002","'06","'000","'0000","11","許俊仁","'999","'1","'0660404","41","臺灣省","碩士","N"," "," "
"'10","'002","'07","'000","'0000","1","沈信雄","'999","'1","'0560830","51","臺灣省","專科","N"," "," "
"'10","'002","'07","'000","'0000","2","林朝旺","'1","'1","'0390520","68","臺灣省","高中(職)以下","N"," "," "
"'10","'002","'07","'000","'0000","3","陳啟生","'16","'1","'0590915","48","臺灣省","專科","N"," "," "
"'10","'002","'07","'000","'0000","4","簡松樹","'16","'1","'0541013","53","臺灣省","碩士","N","*"," "
"'10","'002","'07","'000","'0000","5","陳長義","'999","'1","'0520119","55","臺灣省","高中","N"," "," "
"'10","'002","'07","'000","'0000","6","林義剛","'1","'1","'0420205","65","臺灣省","大學","N","*"," "
"'10","'002","'07","'000","'0000","7","蔡金惠","'999","'2","'0580331","49","臺灣省","高中","N","*"," "
"'10","'002","'08","'000","'0000","1","楊弘旻","'1","'1","'0590505","48","臺灣省","碩士","N","*"," "
"'10","'002","'08","'000","'0000","2","張秋明","'16","'1","'0410130","66","臺灣省","碩士","Y","*"," "
"'10","'002","'08","'000","'0000","3","許美素","'16","'2","'0520101","55","臺灣省","高中","N"," "," "
"'10","'002","'08","'000","'0000","4","邱素梅","'999","'2","'0540217","53","臺灣省","碩士","N","*"," "
"'10","'002","'08","'000","'0000","5","吳明樺","'999","'1","'0601009","47","臺灣省","專科","N"," "," "
"'10","'002","'08","'000","'0000","6","張建成","'16","'1","'0561103","51","臺灣省","碩士","N"," "," "
"'10","'002","'08","'000","'0000","7","謝燦輝","'999","'1","'0470218","60","臺灣省","碩士","N","*"," "
"'10","'002","'08","'000","'0000","8","游宜恆","'999","'1","'0780617","29","臺灣省","大學","N"," "," "
"'10","'002","'09","'000","'0000","1","陳文昌","'16","'1","'0420901","65","臺灣省","高中","Y","*"," "
"'10","'002","'09","'000","'0000","2","黃錫墉","'999","'1","'0470403","60","臺灣省","高中","N"," "," "
"'10","'002","'10","'000","'0000","1","林棋山","'999","'1","'0400924","67","臺灣省","大學","Y","*"," "
"'10","'002","'10","'000","'0000","2","林騰煌","'1","'1","'0371101","70","臺灣省","高中","N","*"," "
"'10","'002","'10","'000","'0000","3","吳淑貞","'16","'2","'0581010","49","臺灣省","碩士","N"," "," "
"'10","'002","'10","'000","'0000","4","邱嘉進","'16","'1","'0660731","41","臺灣省","碩士","Y"," "," "
"'10","'002","'10","'000","'0000","5","陳玉萍","'999","'2","'0640623","43","臺灣省","專科","N","*"," "
"'10","'015","'01","'000","'0000","1","施金樹","'16","'1","'0470827","60","臺灣省","大學","Y","*"," "
"'10","'015","'01","'000","'0000","2","林宗昆","'1","'1","'0721014","35","臺灣省","碩士","Y","*"," "
"'10","'015","'01","'000","'0000","3","謝國榮","'1","'1","'0470720","60","臺灣省","高中","Y","*"," "
"'10","'015","'01","'000","'0000","4","楊華美","'999","'2","'0591202","47","臺灣省","碩士","N","*"," "
"'10","'015","'01","'000","'0000","5","郭應義","'16","'1","'0530710","54","臺灣省","碩士","N"," "," "
"'10","'015","'01","'000","'0000","6","謝金城","'999","'1","'0480527","59","臺灣省","大學","N"," "," "
"'10","'015","'01","'000","'0000","7","俞慧君","'1","'2","'0510325","56","臺灣省","專科","N"," "," "
"'10","'015","'01","'000","'0000","8","林文松","'999","'1","'0600626","47","臺灣省","專科","N"," "," "
"'10","'015","'01","'000","'0000","9","吳東昇","'1","'1","'0590601","48","臺灣省","專科","N","*"," "
"'10","'015","'01","'000","'0000","10","徐子芳","'1","'2","'0521024","55","臺灣省","碩士","N"," "," "
"'10","'015","'01","'000","'0000","11","李秋旺","'1","'1","'0441029","63","臺灣省","專科","Y","*"," "
"'10","'015","'01","'000","'0000","12","張美慧","'16","'2","'0591203","47","臺中市","碩士","N","*"," "
"'10","'015","'01","'000","'0000","13","洪士閔","'999","'1","'0690923","38","臺灣省","碩士","N"," "," "
"'10","'015","'01","'000","'0000","14","莊枝財","'16","'1","'0421006","65","臺灣省","高中","Y"," "," "
"'10","'015","'01","'000","'0000","15","蔡啟塔","'999","'1","'0471009","60","臺灣省","大學","N","*"," "
"'10","'015","'01","'000","'0000","16","魏嘉彥","'1","'1","'0740522","33","臺灣省","碩士","N","*"," "
"'10","'015","'01","'000","'0000","17","傅國淵","'16","'1","'0630430","44","臺灣省","大學","N"," "," "
"'10","'015","'02","'000","'0000","1","錢自立","'1","'1","'0391125","67","臺南市","碩士","N"," "," "
"'10","'015","'02","'000","'0000","2","游象蓁","'999","'1","'0390204","68","臺灣省","大學","N"," "," "
"'10","'015","'02","'000","'0000","3","邱光明","'1","'1","'0401010","67","臺灣省","高中","N","*"," "
"'10","'015","'02","'000","'0000","4","鄭寶秀","'999","'2","'0430316","64","臺灣省","高中","N","*"," "
"'10","'015","'03","'000","'0000","1","張正治","'1","'1","'0550317","52","臺灣省","專科","Y","*"," "
"'10","'015","'03","'000","'0000","2","游美雲","'16","'2","'0490131","58","臺灣省","專科","Y"," "," "
"'10","'015","'03","'000","'0000","3","張峻","'1","'1","'0630303","44","臺灣省","大學","Y","*"," "
"'10","'015","'03","'000","'0000","4","吳建志","'1","'1","'0691216","37","臺灣省","碩士","N","*"," "
"'10","'015","'03","'000","'0000","5","黃馨","'1","'2","'0430901","64","臺灣省","碩士","N","*"," "
"'10","'015","'03","'000","'0000","6","王能昌","'999","'1","'0560407","51","臺灣省","專科","N"," "," "
"'10","'015","'03","'000","'0000","7","沈君茹","'1","'2","'0510816","56","臺灣省","碩士","N"," "," "
"'10","'015","'03","'000","'0000","8","黃振富","'16","'1","'0560726","51","臺灣省","碩士","Y","*"," "
"'10","'015","'03","'000","'0000","9","張懷文","'1","'2","'0420529","65","臺灣省","高中","N","*"," "
"'10","'015","'03","'000","'0000","10","莊建威","'267","'1","'0690815","38","臺灣省","高中","N"," "," "
"'10","'015","'03","'000","'0000","11","葉鯤璟","'1","'1","'0430810","64","臺灣省","高中","Y","*"," "
"'10","'015","'03","'000","'0000","12","陳棟樑","'999","'1","'0560704","51","臺灣省","高中","N"," "," "
"'10","'015","'03","'000","'0000","13","林源富","'999","'1","'0630914","44","臺灣省","碩士","N","*"," "
"'10","'015","'03","'000","'0000","14","徐雪玉","'1","'2","'0500108","57","臺灣省","專科","Y","*"," "
"'10","'015","'04","'000","'0000","1","陳銘文","'999","'1","'0450509","62","新北市","高中","N"," "," "
"'10","'015","'04","'000","'0000","2","黃文成","'1","'1","'0581118","49","臺灣省","專科","N"," "," "
"'10","'015","'04","'000","'0000","3","蘇金勝","'1","'1","'0530829","54","臺灣省","專科","N"," "," "
"'10","'015","'04","'000","'0000","4","黃玲蘭","'1","'2","'0520624","55","臺灣省","高中","N","*"," "
"'10","'015","'04","'000","'0000","5","潘月霞","'1","'2","'0530901","54","臺灣省","大學","N","*"," "
"'10","'015","'04","'000","'0000","6","王燕美","'999","'2","'0441126","62","臺灣省","碩士","N","*"," "
"'10","'014","'01","'000","'0000","1","李建智","'1","'1","'0480115","59","臺南市","大學","Y","*"," "
"'10","'014","'01","'000","'0000","2","陳嘉章","'999","'1","'0600204","47","臺灣省","高中","N"," "," "
"'10","'014","'01","'000","'0000","3","林參天","'999","'1","'0471120","60","臺灣省","高中","Y","*"," "
"'10","'014","'01","'000","'0000","4","林文隆","'999","'1","'0341027","73","臺北市","大學","N"," "," "
"'10","'014","'01","'000","'0000","5","謝明珠","'999","'2","'0380701","69","臺灣省","高中","N"," "," "
"'10","'014","'01","'000","'0000","6","林威志","'999","'1","'0640527","43","臺灣省","大學","N","*"," "
"'10","'014","'01","'000","'0000","7","吳景槐","'1","'1","'0510212","56","臺灣省","大學","Y","*"," "
"'10","'014","'01","'000","'0000","8","劉秋美","'999","'2","'0501027","57","臺灣省","高中(職)以下","N"," "," "
"'10","'014","'01","'000","'0000","9","陳銘風","'1","'1","'0530110","54","臺灣省","碩士","N","*"," "
"'10","'014","'01","'000","'0000","10","林献堯","'16","'1","'0510816","56","臺灣省","高中","N"," "," "
"'10","'014","'01","'000","'0000","11","張震宇","'999","'1","'0551124","52","臺灣省","高中","N"," "," "
"'10","'014","'01","'000","'0000","12","張裴㻙","'16","'2","'0620730","45","臺灣省","大學","N"," "," "
"'10","'014","'01","'000","'0000","13","姜駿傑","'1","'1","'0640128","43","臺灣省","碩士","N"," "," "
"'10","'014","'01","'000","'0000","14","陳志峰","'1","'1","'0540728","53","臺灣省","高中","Y","*"," "
"'10","'014","'01","'000","'0000","15","吳秀華","'1","'2","'0620501","45","臺灣省","大學","Y","*"," "
"'10","'014","'01","'000","'0000","16","周達三","'1","'1","'0550310","52","臺灣省","高中","Y","*"," "
"'10","'014","'01","'000","'0000","17","黃治維","'16","'1","'0710329","36","臺灣省","碩士","N","*"," "
"'10","'014","'01","'000","'0000","18","林忠志","'999","'1","'0600324","47","臺灣省","大學","N"," "," "
"'10","'014","'01","'000","'0000","19","鄭銘顯","'1","'1","'0580309","49","臺灣省","大學","N"," "," "
"'10","'014","'01","'000","'0000","20","徐悛騰","'999","'1","'0720103","35","臺灣省","高中","N"," "," "
"'10","'014","'01","'000","'0000","21","王文怡","'999","'2","'0660214","41","臺灣省","碩士","N","*"," "
"'10","'014","'01","'000","'0000","22","陳允萍","'999","'1","'0580512","49","臺灣省","碩士","N"," "," "
"'10","'014","'02","'000","'0000","1","郭宗益","'1","'1","'0530624","54","臺灣省","大學","N","*"," "
"'10","'014","'02","'000","'0000","2","張卓然","'1","'1","'0360926","71","其他","高中","Y"," "," "
"'10","'014","'03","'000","'0000","1","李杰","'999","'1","'0740813","33","臺北市","高中","N"," "," "
"'10","'014","'03","'000","'0000","2","許進榮","'999","'1","'0551218","51","臺灣省","高中(職)以下","Y","*"," "
"'10","'014","'03","'000","'0000","3","鄭惠文","'16","'2","'0530823","54","臺中市","博士","N"," "," "
"'10","'014","'03","'000","'0000","4","林東滿","'1","'1","'0381015","69","高雄市","高中","Y","*"," "
"'10","'014","'04","'000","'0000","1","陳宏宗","'1","'1","'0471101","60","臺灣省","大學","Y","*"," "
"'10","'014","'04","'000","'0000","2","林金樺","'999","'1","'0590916","48","臺灣省","大學","N"," "," "
"'10","'014","'04","'000","'0000","3","黃瑞華","'1","'1","'0410710","66","臺灣省","高中","N","*"," "
"'10","'014","'05","'000","'0000","1","程正俊","'999","'1","'0550817","52","臺灣省","高中","N"," "," "
"'10","'014","'05","'000","'0000","2","翁麗吟","'1","'2","'0460702","61","臺灣省","大學","Y","*"," "
"'10","'014","'06","'000","'0000","1","李數奼","'1","'2","'0441231","62","臺灣省","高中","N","*"," "
"'10","'014","'06","'000","'0000","2","林為德","'999","'1","'0550531","52","臺灣省","專科","N"," "," "
"'10","'016","'01","'000","'0000","1","蘇陳綉色","'999","'2","'0460404","61","臺灣省","高中(職)以下","Y","*"," "
"'10","'016","'01","'000","'0000","2","胡松榮","'106","'1","'0351001","72","臺灣省","高中","Y","*"," "
"'10","'016","'01","'000","'0000","3","林瑞添","'999","'1","'0621028","45","臺灣省","專科","N"," "," "
"'10","'016","'01","'000","'0000","4","冼義哲","'259","'1","'0810923","26","臺灣省","高中","N"," "," "
"'10","'016","'01","'000","'0000","5","陳永和","'16","'1","'0440916","63","臺灣省","高中","N"," "," "
"'10","'016","'01","'000","'0000","6","呂光宇","'1","'1","'0400619","67","臺灣省","碩士","N","*"," "
"'10","'016","'01","'000","'0000","7","陳海山","'999","'1","'0391110","68","臺灣省","高中(職)以下","Y","*"," "
"'10","'016","'01","'000","'0000","8","陳慧玲","'16","'2","'0510616","56","臺灣省","專科","Y","*"," "
"'10","'016","'01","'000","'0000","9","蔡尚至","'267","'1","'0790208","28","臺灣省","大學","N"," "," "
"'10","'016","'01","'000","'0000","10","張再興","'999","'1","'0410330","66","臺灣省","高中","Y","*"," "
"'10","'016","'01","'000","'0000","11","蔡見利","'999","'1","'0520228","55","臺灣省","高中","N"," "," "
"'10","'016","'01","'000","'0000","12","許麗音","'999","'2","'0370801","70","臺灣省","大學","N"," "," "
"'10","'016","'01","'000","'0000","13","陳雙全","'1","'1","'0501115","57","臺灣省","大學","Y","*"," "
"'10","'016","'01","'000","'0000","14","藍凱元","'999","'1","'0650823","42","臺灣省","高中","N","*"," "
"'10","'016","'01","'000","'0000","15","陳慧娟","'999","'2","'0520104","55","臺灣省","大學","N"," "," "
"'10","'016","'01","'000","'0000","16","劉陳昭玲","'1","'2","'0450618","62","臺灣省","碩士","Y","*"," "
"'10","'016","'01","'000","'0000","17","呂黃春金","'16","'2","'0490711","58","臺灣省","高中(職)以下","Y","*"," "
"'10","'016","'01","'000","'0000","18","鄭美珠","'106","'2","'0550721","52","臺灣省","碩士","N"," "," "
"'10","'016","'01","'000","'0000","19","顏嘉弘","'999","'1","'0630221","44","臺灣省","大學","N"," "," "
"'10","'016","'01","'000","'0000","20","鄭雋孜","'999","'1","'0680216","39","臺灣省","碩士","N"," "," "
"'10","'016","'01","'000","'0000","21","傅靜凡","'999","'1","'0570127","50","高雄市","碩士","N"," "," "
"'10","'016","'01","'000","'0000","22","歐中慨","'999","'1","'0471010","60","臺灣省","專科","N","*"," "
"'10","'016","'02","'000","'0000","1","陳振中","'1","'1","'0520111","55","臺灣省","大學","Y","*"," "
"'10","'016","'02","'000","'0000","2","成萬貫","'106","'1","'0500225","57","臺灣省","大學","Y"," "," "
"'10","'016","'02","'000","'0000","3","蔡清續","'16","'1","'0460920","61","臺灣省","專科","Y","*"," "
"'10","'016","'02","'000","'0000","4","許育愷","'999","'1","'0540526","53","臺灣省","專科","N","*"," "
"'10","'016","'02","'000","'0000","5","陳進兩","'999","'1","'0421116","65","臺灣省","高中","N"," "," "
"'10","'016","'03","'000","'0000","1","陳定國","'999","'1","'0690810","38","臺灣省","高中","N"," "," "
"'10","'016","'03","'000","'0000","2","魏長源","'999","'1","'0400120","67","臺灣省","高中","Y","*"," "
"'10","'016","'03","'000","'0000","3","吳凱旋","'999","'1","'0471114","60","臺灣省","大學","N"," "," "
"'10","'016","'03","'000","'0000","4","宋國進","'999","'1","'0421031","65","臺灣省","高中","Y","*"," "
"'10","'016","'04","'000","'0000","1","林玄立","'999","'1","'0501219","56","臺灣省","專科","N"," "," "
"'10","'016","'04","'000","'0000","2","李添進","'999","'1","'0550917","52","臺灣省","高中(職)以下","N","*"," "
"'10","'016","'05","'000","'0000","1","蔡國欽","'999","'1","'0600720","47","臺灣省","高中","N"," "," "
"'10","'016","'05","'000","'0000","2","鐘順祥","'999","'1","'0450112","62","臺灣省","碩士","N"," "," "
"'10","'016","'05","'000","'0000","3","陳佩真","'999","'2","'0720524","35","臺灣省","大學","Y","*"," "
"'10","'016","'06","'000","'0000","1","夏晨榮","'999","'1","'0490106","58","高雄市","高中","N","*"," "
"'10","'016","'06","'000","'0000","2","張仁和","'999","'1","'0531011","54","臺灣省","高中","N"," "," "
"'10","'017","'01","'000","'0000","1","張顥瀚","'16","'1","'0790723","28","臺灣省","大學","N","*"," "
"'10","'017","'01","'000","'0000","2","張淵翔","'1","'1","'0660831","41","臺灣省","碩士","N","*"," "
"'10","'017","'01","'000","'0000","3","江志強","'16","'1","'0600321","47","臺灣省","碩士","N"," "," "
"'10","'017","'01","'000","'0000","4","呂美玲","'1","'2","'0530620","54","臺南市","碩士","Y","*"," "
"'10","'017","'01","'000","'0000","5","藍敏煌","'1","'1","'0560224","51","臺灣省","碩士","Y","*"," "
"'10","'017","'01","'000","'0000","6","徐莉莉","'90","'2","'0531213","53","高雄市","大學","Y"," "," "
"'10","'017","'01","'000","'0000","7","王慧童","'999","'2","'0591103","48","臺灣省","大學","N"," "," "
"'10","'017","'02","'000","'0000","1","江鑒育","'1","'1","'0490311","58","其他","專科","N","*"," "
"'10","'017","'02","'000","'0000","2","陳東財","'16","'1","'0401205","66","臺灣省","高中(職)以下","Y"," "," "
"'10","'017","'02","'000","'0000","3","林月琴","'999","'2","'0530624","54","臺灣省","高中","N"," "," "
"'10","'017","'02","'000","'0000","4","陳宜","'16","'2","'0751112","32","臺灣省","碩士","N","*"," "
"'10","'017","'02","'000","'0000","5","何淑萍","'1","'2","'0600726","47","臺灣省","碩士","Y","*"," "
"'10","'017","'02","'000","'0000","6","韓世昱","'1","'1","'0770607","30","臺灣省","大學","N","*"," "
"'10","'017","'02","'000","'0000","7","黃元良","'999","'1","'0540502","53","臺灣省","專科","N"," "," "
"'10","'017","'03","'000","'0000","1","曾紀嚴","'1","'1","'0650708","42","臺灣省","專科","Y"," "," "
"'10","'017","'03","'000","'0000","2","鄭文婷","'16","'2","'0570928","50","臺北市","碩士","N","*"," "
"'10","'017","'03","'000","'0000","3","游祥耀","'16","'1","'0411018","66","臺灣省","大學","Y"," "," "
"'10","'017","'03","'000","'0000","4","莊榮欽","'1","'1","'0460202","61","臺灣省","高中","Y","*"," "
"'10","'017","'03","'000","'0000","5","童子瑋","'999","'1","'0751205","31","臺灣省","碩士","N","*"," "
"'10","'017","'03","'000","'0000","6","蘇勇綸","'999","'1","'0590404","48","新北市","高中","N"," "," "
"'10","'017","'03","'000","'0000","7","林華生","'999","'1","'0520226","55","臺灣省","其他","N"," "," "
"'10","'017","'03","'000","'0000","8","張芳麗","'1","'2","'0410307","66","新北市","碩士","Y","*"," "
"'10","'017","'03","'000","'0000","9","林淑姣","'999","'2","'0530406","54","臺灣省","碩士","N"," "," "
"'10","'017","'04","'000","'0000","1","張秉鈞","'16","'1","'0700416","37","臺灣省","碩士","N","*"," "
"'10","'017","'04","'000","'0000","2","張哲源","'999","'1","'0730311","34","臺灣省","碩士","N"," "," "
"'10","'017","'04","'000","'0000","3","楊石城","'268","'1","'0510802","56","臺灣省","大學","Y","*"," "
"'10","'017","'04","'000","'0000","4","莊敬聖","'1","'1","'0630323","44","臺灣省","碩士","N","*"," "
"'10","'017","'04","'000","'0000","5","凃慧玲","'90","'2","'0560623","51","臺灣省","高中","N"," "," "
"'10","'017","'04","'000","'0000","6","宋瑋莉","'1","'2","'0460729","61","臺灣省","碩士","Y","*"," "
"'10","'017","'04","'000","'0000","7","施偉政","'16","'1","'0700616","37","臺灣省","大學","N"," "," "
"'10","'017","'05","'000","'0000","1","李玉蘭","'999","'2","'0610915","46","新北市","高中","N"," "," "
"'10","'017","'05","'000","'0000","2","林沛祥","'1","'1","'0660514","41","臺灣省","碩士","N","*"," "
"'10","'017","'05","'000","'0000","3","李偉華","'999","'1","'0480908","59","臺中市","大學","N"," "," "
"'10","'017","'05","'000","'0000","4","羅維新","'999","'1","'0570117","50","臺灣省","專科","N"," "," "
"'10","'017","'05","'000","'0000","5","秦鉦","'1","'1","'0420812","65","臺灣省","大學","Y","*"," "
"'10","'017","'05","'000","'0000","6","鄭愷玲","'1","'2","'0590204","48","臺灣省","碩士","N","*"," "
"'10","'017","'05","'000","'0000","7","俞叁發","'1","'1","'0540304","53","臺灣省","高中","Y","*"," "
"'10","'017","'05","'000","'0000","8","莊錦田","'90","'1","'0420513","65","新北市","大學","Y","*"," "
"'10","'017","'05","'000","'0000","9","洪森永","'16","'1","'0541108","53","臺灣省","專科","Y"," "," "
"'10","'017","'05","'000","'0000","10","張之豪","'16","'1","'0700225","37","臺北市","碩士","N","*"," "
"'10","'017","'05","'000","'0000","11","陳志成","'16","'1","'0390825","68","臺灣省","碩士","Y"," "," "
"'10","'017","'05","'000","'0000","12","游正義","'999","'1","'0610308","46","臺灣省","專科","N"," "," "
"'10","'017","'05","'000","'0000","13","連淑慧","'16","'2","'0540107","53","臺灣省","專科","N"," "," "
"'10","'017","'05","'000","'0000","14","陳薇仲","'267","'2","'0791007","28","臺灣省","大學","N","*"," "
"'10","'017","'06","'000","'0000","1","余冠龍","'1","'1","'0550108","52","臺灣省","高中","N"," "," "
"'10","'017","'06","'000","'0000","2","周懷湘","'166","'1","'0501016","57","臺灣省","專科","N"," "," "
"'10","'017","'06","'000","'0000","3","連恩典","'1","'1","'0471104","60","臺灣省","專科","Y","*"," "
"'10","'017","'06","'000","'0000","4","王醒之","'999","'1","'0610216","46","新北市","博士","N","*"," "
"'10","'017","'06","'000","'0000","5","蔡長宏","'1","'1","'0591010","48","新北市","高中","N"," "," "
"'10","'017","'06","'000","'0000","6","林旻勳","'999","'1","'0791031","28","臺灣省","大學","N","*"," "
"'10","'017","'06","'000","'0000","7","林明智","'16","'1","'0621117","45","臺灣省","大學","Y"," "," "
"'10","'017","'06","'000","'0000","8","張志維","'90","'1","'0670409","40","高雄市","大學","N"," "," "
"'10","'017","'07","'000","'0000","1","蔡旺璉","'1","'1","'0430301","64","臺灣省","專科","Y","*"," "
"'10","'017","'07","'000","'0000","2","吳桐茂","'999","'1","'0540212","53","臺灣省","專科","N"," "," "
"'10","'017","'07","'000","'0000","3","蘇仁和","'16","'1","'0431005","64","臺灣省","專科","Y","*"," "
"'10","'017","'07","'000","'0000","4","楊秀玉","'90","'2","'0560917","51","新北市","大學","Y","*"," "
"'10","'017","'07","'000","'0000","5","張美瓊","'16","'2","'0500510","57","新北市","大學","N"," "," "
"'10","'017","'07","'000","'0000","6","張耿輝","'999","'1","'0500624","57","臺灣省","高中","Y","*"," "
"'10","'018","'01","'000","'0000","1","嚴翊琦","'1","'1","'0660831","41","臺灣省","碩士","N"," "," "
"'10","'018","'01","'000","'0000","2","曾文濤","'16","'1","'0690216","38","臺北市","大學","N"," "," "
"'10","'018","'01","'000","'0000","3","陳珍裕","'999","'1","'0680323","39","臺灣省","專科","N"," "," "
"'10","'018","'01","'000","'0000","4","余邦彥","'999","'1","'0601225","46","臺灣省","大學","Y","*"," "
"'10","'018","'01","'000","'0000","5","蔡惠婷","'267","'2","'0710103","36","臺南市","大學","N","*"," "
"'10","'018","'01","'000","'0000","6","陳錫文","'1","'1","'0731006","34","臺灣省","大學","N"," "," "
"'10","'018","'01","'000","'0000","7","鄭美娟","'16","'2","'0720531","35","臺灣省","大學","N","*"," "
"'10","'018","'01","'000","'0000","8","曾資程","'16","'1","'0551231","51","臺灣省","碩士","Y","*"," "
"'10","'018","'01","'000","'0000","9","劉聲正","'16","'1","'0480402","59","臺灣省","高中","Y"," "," "
"'10","'018","'01","'000","'0000","10","劉崇顯","'79","'1","'0790820","28","臺灣省","碩士","N","*"," "
"'10","'018","'01","'000","'0000","11","李國璋","'1","'1","'0590928","48","臺灣省","碩士","Y","*"," "
"'10","'018","'01","'000","'0000","12","鄭正鈐","'1","'1","'0580531","49","臺灣省","博士","Y","*"," "
"'10","'018","'01","'000","'0000","13","方俊評","'999","'1","'0641101","43","臺南市","大學","N"," "," "
"'10","'018","'01","'000","'0000","14","鍾淑英","'1","'2","'0451012","62","臺灣省","大學","Y","*"," "
"'10","'018","'01","'000","'0000","15","林孝怡","'999","'2","'0610408","46","臺灣省","碩士","N"," "," "
"'10","'018","'01","'000","'0000","16","戴朝琴","'999","'1","'0531201","53","臺灣省","高中","N"," "," "
"'10","'018","'01","'000","'0000","17","黃文政","'1","'1","'0590904","48","臺灣省","碩士","N","*"," "
"'10","'018","'01","'000","'0000","18","段孝芳","'1","'2","'0490922","58","臺灣省","高中","Y","*"," "
"'10","'018","'01","'000","'0000","19","羅文熾","'999","'1","'0430930","64","臺灣省","大學","Y","*"," "
"'10","'018","'01","'000","'0000","20","曹永明","'90","'1","'0600221","47","臺灣省","碩士","N"," "," "
"'10","'018","'01","'000","'0000","21","張祖琰","'1","'2","'0401103","67","臺灣省","博士","Y","*"," "
"'10","'018","'01","'000","'0000","22","鄭貴元","'16","'1","'0411004","66","臺灣省","碩士","Y"," "," "
"'10","'018","'02","'000","'0000","1","黃瑞誠","'267","'1","'0560926","51","桃園市","碩士","N"," "," "
"'10","'018","'02","'000","'0000","2","施乃如","'16","'2","'0661115","41","臺灣省","大學","Y","*"," "
"'10","'018","'02","'000","'0000","3","徐信芳","'1","'1","'0371124","70","臺灣省","專科","Y","*"," "
"'10","'018","'02","'000","'0000","4","許修睿","'999","'1","'0550711","52","臺灣省","碩士","Y","*"," "
"'10","'018","'02","'000","'0000","5","田雅芳","'999","'2","'0740126","33","臺灣省","大學","N","*"," "
"'10","'018","'02","'000","'0000","6","張志偉","'79","'1","'0730314","34","臺北市","大學","N"," "," "
"'10","'018","'02","'000","'0000","7","許文棟","'999","'1","'0440204","63","臺灣省","高中(職)以下","Y"," "," "
"'10","'018","'02","'000","'0000","8","黃國文","'999","'1","'0570323","50","臺灣省","高中(職)以下","N"," "," "
"'10","'018","'02","'000","'0000","9","何佳樺","'1","'2","'0530517","54","臺灣省","大學","N"," "," "
"'10","'018","'03","'000","'0000","1","熊哲良","'999","'1","'0640128","43","臺灣省","碩士","N"," "," "
"'10","'018","'03","'000","'0000","2","易俊廷","'79","'1","'0840327","23","臺中市","大學","N"," "," "
"'10","'018","'03","'000","'0000","3","陳治雄","'1","'1","'0480423","59","臺灣省","專科","Y","*"," "
"'10","'018","'03","'000","'0000","4","杜德弘","'999","'1","'0600130","47","臺灣省","大學","N"," "," "
"'10","'018","'03","'000","'0000","5","鄭正宗","'999","'1","'0370110","70","臺灣省","大學","Y"," "," "
"'10","'018","'03","'000","'0000","6","陳建名","'16","'1","'0740720","33","臺南市","大學","N","*"," "
"'10","'018","'04","'000","'0000","1","賴稟豐","'16","'1","'0640413","43","新北市","大學","N"," "," "
"'10","'018","'04","'000","'0000","2","顏政德","'1","'1","'0541111","53","臺灣省","碩士","Y","*"," "
"'10","'018","'04","'000","'0000","3","林建賢","'999","'1","'0590420","48","臺北市","大學","N"," "," "
"'10","'018","'04","'000","'0000","4","黃世禮","'999","'1","'0520108","55","臺灣省","碩士","N"," "," "
"'10","'018","'04","'000","'0000","5","彭昆耀","'999","'1","'0400909","67","臺灣省","高中","N","*"," "
"'10","'018","'04","'000","'0000","6","蕭志潔","'1","'2","'0490730","58","臺北市","專科","Y","*"," "
"'10","'018","'04","'000","'0000","7","吳青山","'1","'1","'0450312","62","臺灣省","大學","Y","*"," "
"'10","'018","'04","'000","'0000","8","方國華","'999","'1","'0621013","45","臺灣省","高中","N"," "," "
"'10","'018","'04","'000","'0000","9","鄭宗銘","'999","'1","'0510816","56","臺灣省","高中","N"," "," "
"'10","'018","'04","'000","'0000","10","孫鍚洲","'999","'1","'0450819","62","臺灣省","碩士","Y","*"," "
"'10","'018","'04","'000","'0000","11","劉康彥","'16","'1","'0770225","30","桃園市","碩士","N","*"," "
"'10","'018","'04","'000","'0000","12","陳清全","'999","'1","'0380128","69","臺灣省","高中(職)以下","Y"," "," "
"'10","'018","'04","'000","'0000","13","林彥甫","'267","'1","'0781128","28","臺北市","碩士","N","*"," "
"'10","'018","'04","'000","'0000","14","李姸慧","'16","'2","'0650710","42","臺北市","碩士","Y","*"," "
"'10","'018","'04","'000","'0000","15","𡍼夢龍","'1","'1","'0530726","54","臺灣省","專科","N"," "," "
"'10","'018","'04","'000","'0000","16","王岢鈺","'999","'2","'0680306","39","臺灣省","高中","N"," "," "
"'10","'018","'04","'000","'0000","17","易俊宏","'79","'1","'0730306","34","臺中市","碩士","N"," "," "
"'10","'018","'04","'000","'0000","18","黃美慧","'999","'2","'0570315","50","臺灣省","專科","Y","*"," "
"'10","'018","'05","'000","'0000","1","鄭成光","'1","'1","'0380405","69","臺灣省","高中(職)以下","Y","*"," "
"'10","'018","'05","'000","'0000","2","陳雪慧","'16","'2","'0601018","47","臺中市","碩士","N"," "," "
"'10","'018","'05","'000","'0000","3","林梅華","'999","'2","'0550101","52","臺灣省","高中","N"," "," "
"'10","'018","'05","'000","'0000","4","陳慶齡","'1","'1","'0610828","46","臺灣省","碩士","N","*"," "
"'10","'018","'05","'000","'0000","5","吳國寶","'999","'1","'0590206","48","臺灣省","碩士","Y","*"," "
"'10","'018","'05","'000","'0000","6","王寶文","'1","'2","'0571020","50","臺灣省","大學","N"," "," "
"'10","'018","'05","'000","'0000","7","林耕仁","'1","'1","'0491130","57","臺灣省","碩士","Y","*"," "
"'10","'018","'05","'000","'0000","8","張巧玲","'999","'2","'0650729","42","高雄市","大學","N"," "," "
"'10","'018","'05","'000","'0000","9","廖子齊","'267","'2","'0740716","33","臺灣省","大學","N","*"," "
"'10","'018","'05","'000","'0000","10","陳啓源","'999","'1","'0550826","52","臺灣省","碩士","Y","*"," "
"'10","'018","'05","'000","'0000","11","葉國文","'999","'1","'0611112","46","臺灣省","碩士","N"," "," "
"'10","'018","'05","'000","'0000","12","林盈徹","'16","'1","'0691017","38","臺灣省","大學","Y"," "," "
"'10","'018","'05","'000","'0000","13","王彥涵","'79","'2","'0781030","29","臺北市","大學","N"," "," "
"'10","'018","'05","'000","'0000","14","歐大正","'999","'1","'0600220","47","臺灣省","碩士","N"," "," "
"'10","'020","'01","'000","'0000","1","吳俊達","'999","'1","'0600625","47","臺灣省","大學","N"," "," "
"'10","'020","'01","'000","'0000","2","黃露慧","'16","'2","'0560113","51","臺灣省","碩士","Y","*"," "
"'10","'020","'01","'000","'0000","3","陳家平","'1","'1","'0570102","50","臺灣省","專科","N","*"," "
"'10","'020","'01","'000","'0000","4","林瑞霞","'999","'2","'0430505","64","臺灣省","碩士","N"," "," "
"'10","'020","'01","'000","'0000","5","傅大偉","'1","'1","'0520429","55","臺灣省","碩士","Y","*"," "
"'10","'020","'01","'000","'0000","6","蔡永泉","'95","'1","'0410121","66","臺灣省","大學","Y","*"," "
"'10","'020","'01","'000","'0000","7","林耿瑋","'16","'1","'0780103","29","臺灣省","大學","N"," "," "
"'10","'020","'01","'000","'0000","8","黃盈智","'16","'1","'0610125","46","臺灣省","博士","Y"," "," "
"'10","'020","'01","'000","'0000","9","張榮藏","'999","'1","'0310705","76","臺灣省","大學","Y","*"," "
"'10","'020","'01","'000","'0000","10","李奕德","'999","'1","'0720311","35","臺灣省","碩士","N"," "," "
"'10","'020","'01","'000","'0000","11","周秉駿","'999","'1","'0780718","29","臺灣省","高中","N"," "," "
"'10","'020","'01","'000","'0000","12","凌子楚","'999","'1","'0540919","53","臺灣省","碩士","N","*"," "
"'10","'020","'01","'000","'0000","13","鄭智仁","'999","'1","'0510705","56","臺灣省","高中(職)以下","N"," "," "
"'10","'020","'01","'000","'0000","14","張敏琪","'1","'2","'0620427","45","高雄市","高中","Y","*"," "
"'10","'020","'01","'000","'0000","15","藍力凱","'1","'1","'0700828","37","臺灣省","專科","N"," "," "
"'10","'020","'01","'000","'0000","16","張志翔","'267","'1","'0761201","30","臺灣省","大學","N"," "," "
"'10","'020","'01","'000","'0000","17","徐國榮","'999","'1","'0590202","48","臺灣省","高中","N"," "," "
"'10","'020","'01","'000","'0000","18","戴寧","'999","'2","'0710223","36","臺灣省","碩士","Y","*"," "
"'10","'020","'01","'000","'0000","19","郭明賓","'999","'1","'0480318","59","臺灣省","碩士","Y","*"," "
"'10","'020","'01","'000","'0000","20","許家銘","'999","'1","'0490706","58","臺灣省","專科","N"," "," "
"'10","'020","'01","'000","'0000","21","黃思婷","'999","'2","'0761230","30","新北市","大學","N","*"," "
"'10","'020","'02","'000","'0000","1","李忠曆","'999","'1","'0540530","53","臺灣省","大學","Y","*"," "
"'10","'020","'02","'000","'0000","2","陳幸枝","'16","'2","'0490606","58","臺灣省","高中","Y"," "," "
"'10","'020","'02","'000","'0000","3","吳卷霖","'999","'1","'0830916","24","臺灣省","大學","N"," "," "
"'10","'020","'02","'000","'0000","4","蔡榮豐","'999","'1","'0450410","62","臺灣省","大學","Y","*"," "
"'10","'020","'02","'000","'0000","5","蘇澤峰","'999","'1","'0730706","34","臺灣省","高中","Y","*"," "
"'10","'020","'02","'000","'0000","6","張秀華","'1","'2","'0460926","61","臺灣省","碩士","Y","*"," "
"'10","'020","'02","'000","'0000","7","蕭進惠","'999","'1","'0540212","53","臺灣省","其他","N"," "," "
"'10","'020","'02","'000","'0000","8","江宗穎","'999","'1","'0711227","35","臺灣省","大學","N"," "," "
"'10","'020","'02","'000","'0000","9","許明對","'16","'1","'0610319","46","臺灣省","碩士","N"," "," "
"'10","'020","'02","'000","'0000","10","廖天隆","'999","'1","'0351228","71","臺灣省","高中","Y","*"," "
"'10","'020","'02","'000","'0000","11","王美惠","'16","'2","'0540415","53","臺灣省","大學","Y","*"," "
"'10","'020","'02","'000","'0000","12","黃大祐","'16","'1","'0590609","48","臺灣省","大學","N","*"," "
"'10","'020","'02","'000","'0000","13","葉冠宜","'95","'2","'0620201","45","臺南市","專科","N"," "," "
"'10","'020","'02","'000","'0000","14","陳姿妏","'999","'2","'0510819","56","臺中市","碩士","Y","*"," "
"'10","'020","'02","'000","'0000","15","譚國華","'1","'1","'0610613","46","臺灣省","專科","N"," "," "
"'10","'020","'02","'000","'0000","16","吳上明","'999","'1","'0361123","71","臺灣省","高中","Y","*"," "
"'10","'020","'02","'000","'0000","17","蘇慶良","'999","'1","'0620204","45","臺灣省","碩士","N"," "," "
"'10","'020","'02","'000","'0000","18","莊豐安","'999","'1","'0540316","53","臺灣省","高中","Y","*"," "
"'10","'020","'02","'000","'0000","19","蔡文旭","'16","'1","'0520702","55","臺灣省","大學","Y","*"," "
"'10","'020","'02","'000","'0000","20","孫貫志","'999","'1","'0490303","58","高雄市","碩士","N","*"," "
"'10","'020","'02","'000","'0000","21","鄭光宏","'1","'1","'0680211","39","臺灣省","碩士","Y","*"," "
"'10","'020","'02","'000","'0000","22","林雪峰","'1","'2","'0580810","49","臺灣省","大學","N"," "," "
"'09","'020","'01","'000","'0000","1","許玉昭","'1","'2","'0540814","53","金馬地區","碩士","Y","*"," "
"'09","'020","'01","'000","'0000","2","李養生","'999","'1","'0411119","66","金馬地區","大學","N","*"," "
"'09","'020","'01","'000","'0000","3","楊松發","'999","'1","'0530629","54","金馬地區","大學","N"," "," "
"'09","'020","'01","'000","'0000","4","翁銘駿","'999","'1","'0720507","35","臺北市","大學","N"," "," "
"'09","'020","'01","'000","'0000","5","李彥辛","'999","'1","'0580309","49","金馬地區","大學","N"," "," "
"'09","'020","'01","'000","'0000","6","翁文奧","'999","'1","'0580301","49","金馬地區","高中","N"," "," "
"'09","'020","'01","'000","'0000","7","郭金堡","'999","'1","'0550904","52","高雄市","碩士","N"," "," "
"'09","'020","'01","'000","'0000","8","楊永立","'999","'1","'0480404","59","金馬地區","高中","Y","*"," "
"'09","'020","'01","'000","'0000","9","蔡建偉","'16","'1","'0650131","42","金馬地區","高中(職)以下","N"," "," "
"'09","'020","'01","'000","'0000","10","王碧珍","'999","'2","'0480108","59","金馬地區","大學","Y","*"," "
"'09","'020","'01","'000","'0000","11","許建中","'1","'1","'0511208","55","金馬地區","高中(職)以下","Y","*"," "
"'09","'020","'01","'000","'0000","12","徐銀磯","'90","'2","'0611112","46","臺北市","碩士","N"," "," "
"'09","'020","'01","'000","'0000","13","董森堡","'999","'1","'0671002","40","金馬地區","碩士","N","*"," "
"'09","'020","'01","'000","'0000","14","洪允典","'1","'1","'0410903","66","金馬地區","高中","Y","*"," "
"'09","'020","'01","'000","'0000","15","陳苗生","'999","'1","'0591024","48","高雄市","大學","N"," "," "
"'09","'020","'01","'000","'0000","16","唐麗輝","'999","'2","'0460507","61","金馬地區","碩士","Y","*"," "
"'09","'020","'01","'000","'0000","17","歐陽儀雄","'1","'1","'0620403","45","臺北市","碩士","Y","*"," "
"'09","'020","'01","'000","'0000","18","楊霈璿","'999","'1","'0830221","24","高雄市","大學","N"," "," "
"'09","'020","'01","'000","'0000","19","莊旭英","'90","'1","'0520405","55","金馬地區","高中","N"," "," "
"'09","'020","'01","'000","'0000","20","石永城","'999","'1","'0620801","45","金馬地區","高中(職)以下","N","*"," "
"'09","'020","'02","'000","'0000","1","張貴富","'999","'1","'0471207","59","臺灣省","大學","N"," "," "
"'09","'020","'02","'000","'0000","2","李志鴻","'999","'1","'0630112","44","金馬地區","碩士","N"," "," "
"'09","'020","'02","'000","'0000","3","陳篤驫","'999","'1","'0511128","55","金馬地區","大學","N"," "," "
"'09","'020","'02","'000","'0000","4","吳金鏷","'999","'1","'0550921","52","金馬地區","大學","N"," "," "
"'09","'020","'02","'000","'0000","5","張雲德","'1","'1","'0420608","65","金馬地區","高中","Y","*"," "
"'09","'020","'02","'000","'0000","6","蔡水游","'1","'1","'0461215","60","金馬地區","高中","Y","*"," "
"'09","'020","'02","'000","'0000","7","王秀玉","'1","'2","'0570214","50","金馬地區","專科","N","!"," "
"'09","'020","'02","'000","'0000","8","李應文","'1","'1","'0680412","39","金馬地區","碩士","Y","*"," "
"'09","'020","'02","'000","'0000","9","陳志龍","'999","'1","'0720822","35","金馬地區","大學","N","*"," "
"'09","'020","'02","'000","'0000","10","周子傑","'999","'1","'0620118","45","金馬地區","大學","Y","*"," "
"'09","'020","'02","'000","'0000","11","謝東龍","'1","'1","'0590314","48","金馬地區","高中","Y","-"," "
"'09","'020","'02","'000","'0000","12","蔡春生","'98","'1","'0430427","64","金馬地區","高中","Y","*"," "
"'09","'020","'02","'000","'0000","13","盧冠宇","'999","'1","'0691018","38","金馬地區","大學","N"," "," "
"'09","'020","'03","'000","'0000","1","洪成發","'1","'1","'0410728","66","金馬地區","高中(職)以下","N","*"," "
"'09","'020","'03","'000","'0000","2","洪鴻斌","'999","'1","'0580124","49","金馬地區","高中","Y","*"," "
"'09","'007","'01","'000","'0000","1","林貽祥","'1","'1","'0481027","59","金馬地區","碩士","Y"," "," "
"'09","'007","'01","'000","'0000","2","曹爾章","'1","'1","'0591213","47","金馬地區","大學","N","*"," "
"'09","'007","'01","'000","'0000","3","曹丞君","'1","'2","'0650723","42","金馬地區","高中","Y"," "," "
"'09","'007","'01","'000","'0000","4","林惠萍","'1","'2","'0620808","45","新北市","碩士","N","*"," "
"'09","'007","'01","'000","'0000","5","陳書建","'1","'1","'0461220","60","金馬地區","高中","Y","*"," "
"'09","'007","'01","'000","'0000","6","曹以標","'999","'1","'0521005","55","金馬地區","高中","Y","*"," "
"'09","'007","'01","'000","'0000","7","林明揚","'1","'1","'0521031","55","金馬地區","高中","Y","*"," "
"'09","'007","'02","'000","'0000","1","陳玉發","'1","'1","'0491105","58","金馬地區","高中","N","*"," "
"'09","'007","'02","'000","'0000","2","王長明","'999","'1","'0470222","60","金馬地區","高中(職)以下","N"," "," "
"'09","'007","'02","'000","'0000","3","周瑞國","'1","'1","'0580405","49","金馬地區","高中","Y","*"," "
"'09","'007","'03","'000","'0000","1","陳貽斌","'1","'1","'0581116","49","金馬地區","高中","Y"," "," "
"'09","'007","'03","'000","'0000","2","王孝榛","'999","'1","'0600420","47","金馬地區","高中","N","*"," "
"'09","'007","'04","'000","'0000","1","張永江","'1","'1","'0490623","58","金馬地區","高中(職)以下","Y","*"," "
