"'63","'000","'01","'000","'0000","1","謝維洲","'16","'1","'0720505","31","新北市","大學","N","*"," "
"'63","'000","'01","'000","'0000","2","賴素如","'999","'2","'0530323","50","台北市","博士","Y"," "," "
"'63","'000","'01","'000","'0000","3","孫士堅","'999","'1","'0481006","55","台北市","專科","N"," "," "
"'63","'000","'01","'000","'0000","4","潘懷宗","'74","'1","'0500702","53","台北市","博士","Y","*"," "
"'63","'000","'01","'000","'0000","5","林瑞圖","'999","'1","'0450610","58","台北市","大學","Y","*"," "
"'63","'000","'01","'000","'0000","6","周佳君","'199","'2","'0560728","47","台中市","碩士","N"," "," "
"'63","'000","'01","'000","'0000","7","王奕凱","'999","'1","'0740629","29","台北市","高中","N"," "," "
"'63","'000","'01","'000","'0000","8","王英文","'999","'1","'0601002","43","臺灣省","博士","N"," "," "
"'63","'000","'01","'000","'0000","9","陳重文","'1","'1","'0660924","37","台北市","大學","N","*"," "
"'63","'000","'01","'000","'0000","10","黃平洋","'1","'1","'0511113","52","新北市","大學","Y"," "," "
"'63","'000","'01","'000","'0000","11","王小玉","'90","'2","'0411124","62","臺灣省","其他","N"," "," "
"'63","'000","'01","'000","'0000","12","楊靜宇","'74","'1","'0501002","53","台北市","大學","N"," "," "
"'63","'000","'01","'000","'0000","13","汪志冰","'1","'2","'0460420","57","台中市","碩士","Y","*"," "
"'63","'000","'01","'000","'0000","14","林世宗","'16","'1","'0480613","55","台北市","博士","Y","*"," "
"'63","'000","'01","'000","'0000","15","王威中","'16","'1","'0720303","31","台北市","碩士","N","*"," "
"'63","'000","'01","'000","'0000","16","吳思瑤","'16","'2","'0630528","40","新北市","碩士","Y","*"," "
"'63","'000","'01","'000","'0000","17","陳建銘","'95","'1","'0500724","53","台北市","博士","Y","*"," "
"'63","'000","'01","'000","'0000","18","何志偉","'16","'1","'0710514","32","其他","碩士","Y","*"," "
"'63","'000","'01","'000","'0000","19","陳政忠","'999","'1","'0440401","59","台北市","碩士","Y","*"," "
"'63","'000","'01","'000","'0000","20","陳慈慧","'16","'2","'0721122","31","台北市","大學","N","*"," "
"'63","'000","'01","'000","'0000","21","吳碧珠","'1","'2","'0381222","64","台北市","大學","Y","*"," "
"'63","'000","'02","'000","'0000","1","許明偉","'999","'1","'0430225","60","台北市","大學","N"," "," "
"'63","'000","'02","'000","'0000","2","陳義洲","'1","'1","'0410901","62","台北市","碩士","Y","*"," "
"'63","'000","'02","'000","'0000","3","趙家蓉","'74","'2","'0511111","52","台北市","大學","N"," "," "
"'63","'000","'02","'000","'0000","4","黃子哲","'1","'1","'0630809","40","台北市","碩士","N"," "," "
"'63","'000","'02","'000","'0000","5","黃珊珊","'90","'2","'0581018","45","台中市","大學","Y","*"," "
"'63","'000","'02","'000","'0000","6","王孝維","'16","'1","'0500610","53","新北市","大學","Y","*"," "
"'63","'000","'02","'000","'0000","7","李彥秀","'1","'2","'0601218","42","台北市","大學","Y","*"," "
"'63","'000","'02","'000","'0000","8","陳嘉霖","'95","'1","'0670912","36","臺灣省","碩士","N"," "," "
"'63","'000","'02","'000","'0000","9","余筱菁","'259","'2","'0691202","33","臺灣省","碩士","N"," "," "
"'63","'000","'02","'000","'0000","10","闕枚莎","'1","'2","'0610405","42","台北市","碩士","Y","*"," "
"'63","'000","'02","'000","'0000","11","江志銘","'16","'1","'0510810","52","台北市","大學","Y","*"," "
"'63","'000","'02","'000","'0000","12","吳世正","'1","'1","'0520411","51","臺灣省","碩士","Y","*"," "
"'63","'000","'02","'000","'0000","13","李建昌","'16","'1","'0510822","52","臺灣省","碩士","Y","*"," "
"'63","'000","'02","'000","'0000","14","高嘉瑜","'16","'2","'0691017","34","臺灣省","碩士","Y","*"," "
"'63","'000","'03","'000","'0000","1","陳永德","'1","'1","'0540814","49","台北市","大學","Y","*"," "
"'63","'000","'03","'000","'0000","2","秦慧珠","'1","'2","'0440327","59","臺灣省","博士","Y","*"," "
"'63","'000","'03","'000","'0000","3","楊世光","'74","'1","'0651024","38","新北市","專科","N"," "," "
"'63","'000","'03","'000","'0000","4","許家蓓","'16","'2","'0660415","37","台北市","大學","N","*"," "
"'63","'000","'03","'000","'0000","5","王博玉","'999","'1","'0570921","46","台北市","碩士","N"," "," "
"'63","'000","'03","'000","'0000","6","戴錫欽","'1","'1","'0551028","48","台北市","碩士","Y","*"," "
"'63","'000","'03","'000","'0000","7","陳孋輝","'1","'2","'0511130","51","臺灣省","碩士","Y","*"," "
"'63","'000","'03","'000","'0000","8","洪士奇","'90","'1","'0510729","52","高雄市","大學","N"," "," "
"'63","'000","'03","'000","'0000","9","潘翰疆","'259","'1","'0560902","47","台南市","大學","N"," "," "
"'63","'000","'03","'000","'0000","10","許淑華","'16","'2","'0620522","41","臺灣省","碩士","Y","*"," "
"'63","'000","'03","'000","'0000","11","李卓翰","'95","'1","'0581213","44","台北市","碩士","N"," "," "
"'63","'000","'03","'000","'0000","12","王鴻薇","'1","'2","'0530710","50","臺灣省","大學","Y","*"," "
"'63","'000","'03","'000","'0000","13","洪健益","'16","'1","'0591103","44","台北市","碩士","Y","*"," "
"'63","'000","'03","'000","'0000","14","楊實秋","'1","'1","'0470924","56","台北市","碩士","Y"," "," "
"'63","'000","'03","'000","'0000","15","張茂楠","'16","'1","'0490815","54","臺灣省","大學","Y","*"," "
"'63","'000","'03","'000","'0000","16","徐世勲","'999","'1","'0650130","38","臺灣省","碩士","N","*"," "
"'63","'000","'03","'000","'0000","17","王正德","'1","'1","'0450207","58","台北市","大學","Y"," "," "
"'63","'000","'04","'000","'0000","1","陳炳甫","'1","'1","'0600401","43","台北市","碩士","N","*"," "
"'63","'000","'04","'000","'0000","2","鍾君竺","'199","'2","'0660527","37","臺灣省","大學","N"," "," "
"'63","'000","'04","'000","'0000","3","黃向羣","'16","'1","'0590417","44","台北市","碩士","N","*"," "
"'63","'000","'04","'000","'0000","4","林婕麗","'74","'2","'0550515","48","新北市","高中","N"," "," "
"'63","'000","'04","'000","'0000","5","梁文傑","'16","'1","'0601126","43","新北市","碩士","Y","*"," "
"'63","'000","'04","'000","'0000","6","顏若芳","'16","'2","'0741027","29","台北市","大學","N","*"," "
"'63","'000","'04","'000","'0000","7","葉林傳","'1","'1","'0580716","45","台北市","專科","Y","*"," "
"'63","'000","'04","'000","'0000","8","王世堅","'16","'1","'0490101","54","台北市","碩士","Y","*"," "
"'63","'000","'04","'000","'0000","9","林國成","'90","'1","'0460820","57","臺灣省","碩士","Y","*"," "
"'63","'000","'04","'000","'0000","10","王麗珠","'1","'2","'0460421","57","臺灣省","大學","N"," "," "
"'63","'000","'04","'000","'0000","11","簡聖哲","'95","'1","'0711009","32","新北市","大學","N"," "," "
"'63","'000","'04","'000","'0000","12","鄭惠齡","'259","'2","'0750724","28","台北市","大學","N"," "," "
"'63","'000","'04","'000","'0000","13","林亭君","'1","'2","'0731117","30","新北市","大學","N","*"," "
"'63","'000","'04","'000","'0000","14","楊鎮雄","'999","'1","'0391130","63","高雄市","大學","N"," "," "
"'63","'000","'05","'000","'0000","1","徐立信","'999","'1","'0640403","39","台中市","碩士","N"," "," "
"'63","'000","'05","'000","'0000","2","黄文章","'179","'1","'0420723","61","高雄市","大學","N"," "," "
"'63","'000","'05","'000","'0000","3","康明道","'999","'1","'0601031","43","台北市","大學","N"," "," "
"'63","'000","'05","'000","'0000","4","吳志剛","'1","'1","'0600909","43","臺灣省","碩士","Y","*"," "
"'63","'000","'05","'000","'0000","5","謝建平","'95","'1","'0540227","49","台南市","專科","N"," "," "
"'63","'000","'05","'000","'0000","6","童仲彥","'16","'1","'0620708","41","臺灣省","碩士","Y","*"," "
"'63","'000","'05","'000","'0000","7","周威佑","'16","'1","'0510915","52","臺灣省","大學","Y","*"," "
"'63","'000","'05","'000","'0000","8","劉耀仁","'16","'1","'0571016","46","高雄市","碩士","Y","*"," "
"'63","'000","'05","'000","'0000","9","應曉薇","'1","'2","'0530914","50","臺灣省","碩士","Y","*"," "
"'63","'000","'05","'000","'0000","10","林佳諭","'259","'2","'0760522","27","台北市","碩士","N"," "," "
"'63","'000","'05","'000","'0000","11","郭昭巖","'1","'2","'0580208","45","台北市","碩士","Y","*"," "
"'63","'000","'05","'000","'0000","12","鍾小平","'1","'1","'0510827","52","新北市","碩士","Y","*"," "
"'63","'000","'05","'000","'0000","13","顏聖冠","'16","'2","'0570620","46","台北市","碩士","Y","*"," "
"'63","'000","'05","'000","'0000","14","陳蓋武","'90","'1","'0630419","40","臺灣省","碩士","N"," "," "
"'63","'000","'05","'000","'0000","15","張榮法","'74","'1","'0610725","42","台南市","大學","N"," "," "
"'63","'000","'06","'000","'0000","1","陳彥伯","'74","'1","'0580821","45","台北市","碩士","Y","*"," "
"'63","'000","'06","'000","'0000","2","孫仲康","'999","'1","'0531019","50","台北市","碩士","N"," "," "
"'63","'000","'06","'000","'0000","3","厲耿桂芳","'1","'2","'0350127","68","其他","碩士","Y","*"," "
"'63","'000","'06","'000","'0000","4","王欣儀","'1","'2","'0590624","44","台北市","碩士","Y","*"," "
"'63","'000","'06","'000","'0000","5","陳錦祥","'1","'1","'0480707","55","台北市","高中","Y","*"," "
"'63","'000","'06","'000","'0000","6","丁增義","'999","'1","'0481002","55","臺灣省","碩士","N"," "," "
"'63","'000","'06","'000","'0000","7","潘翰聲","'259","'1","'0590711","44","台南市","碩士","N"," "," "
"'63","'000","'06","'000","'0000","8","歐陽龍","'1","'1","'0491112","54","台北市","高中","Y","*"," "
"'63","'000","'06","'000","'0000","9","王閔生","'16","'1","'0640915","39","台北市","大學","N","*"," "
"'63","'000","'06","'000","'0000","10","青天","'999","'1","'0441010","59","臺灣省","大學","N"," "," "
"'63","'000","'06","'000","'0000","11","何啟聖","'90","'1","'0530204","50","台中市","碩士","N"," "," "
"'63","'000","'06","'000","'0000","12","王致雅","'1","'2","'0601225","42","臺灣省","碩士","N"," "," "
"'63","'000","'06","'000","'0000","13","徐弘庭","'1","'1","'0710621","32","台北市","大學","N","*"," "
"'63","'000","'06","'000","'0000","14","聶紹雄","'999","'1","'0350923","68","其他","碩士","N"," "," "
"'63","'000","'06","'000","'0000","15","周柏雅","'16","'1","'0480308","55","臺灣省","碩士","Y","*"," "
"'63","'000","'06","'000","'0000","16","李慶鋒","'16","'1","'0560518","47","台中市","碩士","Y","*"," "
"'63","'000","'06","'000","'0000","17","阮昭雄","'16","'1","'0590929","44","臺灣省","碩士","Y","*"," "
"'63","'000","'06","'000","'0000","18","李新","'1","'1","'0420716","61","新北市","碩士","Y","*"," "
"'63","'000","'06","'000","'0000","19","謝啟大","'999","'2","'0380210","65","其他","碩士","N"," "," "
"'63","'000","'06","'000","'0000","20","歐陽瑞蓮","'95","'2","'0650226","38","台北市","碩士","N"," "," "
"'63","'000","'06","'000","'0000","21","簡舒培","'16","'2","'0660627","37","新北市","大學","N","*"," "
"'63","'000","'06","'000","'0000","22","李慶元","'1","'1","'0470829","56","高雄市","碩士","Y","*"," "
"'65","'000","'01","'000","'0000","1","鄭戴麗香","'1","'2","'0430822","60","高雄市","其他","Y","*"," "
"'65","'000","'01","'000","'0000","2","王鐘銘","'79","'1","'0671208","35","新北市","大學","N"," "," "
"'65","'000","'01","'000","'0000","3","鄭宇恩","'16","'2","'0750407","28","台北市","碩士","N","*"," "
"'65","'000","'01","'000","'0000","4","蔡錦賢","'999","'1","'0380124","65","新北市","其他","Y","*"," "
"'65","'000","'01","'000","'0000","5","蔡葉偉","'1","'1","'0430124","60","新北市","博士","N","*"," "
"'65","'000","'01","'000","'0000","6","呂子昌","'16","'1","'0470925","56","新北市","專科","Y"," "," "
"'65","'000","'02","'000","'0000","1","蔡健棠","'1","'1","'0520119","51","臺灣省","碩士","N"," "," "
"'65","'000","'02","'000","'0000","2","宋明宗","'1","'1","'0560402","47","高雄市","專科","Y","*"," "
"'65","'000","'02","'000","'0000","3","陳明義","'1","'1","'0560918","47","臺灣省","碩士","Y"," "," "
"'65","'000","'02","'000","'0000","4","何淑峯","'16","'2","'0561031","47","臺灣省","碩士","Y","*"," "
"'65","'000","'02","'000","'0000","5","賴秋媚","'16","'2","'0520729","51","臺灣省","高中","Y","*"," "
"'65","'000","'02","'000","'0000","6","董吉誠","'999","'1","'0491103","54","高雄市","碩士","N"," "," "
"'65","'000","'02","'000","'0000","7","鍾宏仁","'16","'1","'0460925","57","臺灣省","博士","N","*"," "
"'65","'000","'02","'000","'0000","8","張晉婷","'95","'2","'0580719","45","台北市","高中","Y","*"," "
"'65","'000","'02","'000","'0000","9","黃林玲玲","'1","'2","'0310919","72","新北市","大學","Y","*"," "
"'65","'000","'02","'000","'0000","10","蔣根煌","'1","'1","'0520501","51","新北市","高中","Y","*"," "
"'65","'000","'02","'000","'0000","11","陳文治","'16","'1","'0560613","47","臺灣省","大學","Y","*"," "
"'65","'000","'02","'000","'0000","12","陳科名","'16","'1","'0590509","44","新北市","大學","Y","*"," "
"'65","'000","'02","'000","'0000","13","蔡淑君","'1","'2","'0590305","44","新北市","專科","Y","*"," "
"'65","'000","'03","'000","'0000","1","李倩萍","'16","'2","'0590812","44","新北市","碩士","Y","*"," "
"'65","'000","'03","'000","'0000","2","蕭榮騰","'153","'1","'0570701","46","臺灣省","其他","N"," "," "
"'65","'000","'03","'000","'0000","3","鄭金隆","'16","'1","'0440405","59","新北市","高中","Y","*"," "
"'65","'000","'03","'000","'0000","4","王詠沛","'90","'2","'0530412","50","高雄市","大學","N"," "," "
"'65","'000","'03","'000","'0000","5","黃桂蘭","'1","'2","'0460225","57","臺灣省","碩士","Y"," "," "
"'65","'000","'03","'000","'0000","6","張宸浩","'74","'1","'0690920","34","高雄市","碩士","N"," "," "
"'65","'000","'03","'000","'0000","7","董俊良","'999","'1","'0590730","44","新北市","高中","N"," "," "
"'65","'000","'03","'000","'0000","8","胡淑蓉","'1","'2","'0491008","54","臺灣省","高中","Y"," "," "
"'65","'000","'03","'000","'0000","9","蔡明堂","'1","'1","'0470427","56","新北市","大學","N","*"," "
"'65","'000","'03","'000","'0000","10","李翁月娥","'999","'2","'0470105","56","新北市","專科","Y","*"," "
"'65","'000","'03","'000","'0000","11","李丹鳳","'199","'2","'0670525","36","臺灣省","碩士","N"," "," "
"'65","'000","'03","'000","'0000","12","鄭世維","'1","'1","'0550505","48","台北市","高中","N"," "," "
"'65","'000","'03","'000","'0000","13","陳幸進","'1","'1","'0320926","71","新北市","其他","Y","*"," "
"'65","'000","'03","'000","'0000","14","蘇卿彥","'999","'1","'0280313","75","新北市","博士","N"," "," "
"'65","'000","'03","'000","'0000","15","李坤城","'16","'1","'0620503","41","新北市","碩士","Y","*"," "
"'65","'000","'03","'000","'0000","16","李余典","'16","'1","'0470127","56","新北市","專科","Y","*"," "
"'65","'000","'03","'000","'0000","17","邱婷蔚","'16","'2","'0691011","34","新北市","大學","N","*"," "
"'65","'000","'03","'000","'0000","18","陳啟能","'16","'1","'0480705","55","新北市","大學","Y","*"," "
"'65","'000","'03","'000","'0000","19","陳良安","'95","'1","'0590102","44","新北市","專科","N"," "," "
"'65","'000","'04","'000","'0000","1","曾煥嘉","'1","'1","'0650910","38","台北市","大學","Y","*"," "
"'65","'000","'04","'000","'0000","2","周勝考","'1","'1","'0450314","58","臺灣省","碩士","Y","*"," "
"'65","'000","'04","'000","'0000","3","廖裕德","'999","'1","'0400914","63","新北市","專科","Y","*"," "
"'65","'000","'04","'000","'0000","4","顏德民","'999","'1","'0650403","38","新北市","碩士","N"," "," "
"'65","'000","'04","'000","'0000","5","王淑慧","'16","'2","'0441202","58","台北市","碩士","Y","*"," "
"'65","'000","'04","'000","'0000","6","黃俊哲","'16","'1","'0670427","36","臺灣省","碩士","N","*"," "
"'65","'000","'04","'000","'0000","7","林水山","'16","'1","'0450801","58","臺灣省","其他","Y"," "," "
"'65","'000","'04","'000","'0000","8","何博文","'16","'1","'0620627","41","台中市","碩士","N","*"," "
"'65","'000","'04","'000","'0000","9","林世棟","'90","'1","'0461101","57","新北市","碩士","N"," "," "
"'65","'000","'04","'000","'0000","10","林國春","'1","'1","'0570108","46","金馬地區","碩士","Y","*"," "
"'65","'000","'04","'000","'0000","11","劉美芳","'1","'2","'0671207","35","台北市","大學","Y","*"," "
"'65","'000","'04","'000","'0000","12","王炳忠","'74","'1","'0760831","27","台北市","碩士","N"," "," "
"'65","'000","'04","'000","'0000","13","張宏陸","'16","'1","'0610110","42","台中市","碩士","Y","*"," "
"'65","'000","'04","'000","'0000","14","李婉鈺","'999","'2","'0610327","42","新北市","碩士","Y"," "," "
"'65","'000","'04","'000","'0000","15","趙燕昭","'1","'1","'0450929","58","臺灣省","高中","N"," "," "
"'65","'000","'04","'000","'0000","16","蕭貫譽","'95","'1","'0450418","58","臺灣省","高中","N"," "," "
"'65","'000","'05","'000","'0000","1","陳錦錠","'1","'2","'0431128","60","台北市","專科","Y","*"," "
"'65","'000","'05","'000","'0000","2","江永昌","'16","'1","'0581022","45","新北市","碩士","Y","*"," "
"'65","'000","'05","'000","'0000","3","林朝鑫","'999","'1","'0490712","54","新北市","碩士","N"," "," "
"'65","'000","'05","'000","'0000","4","戴德成","'74","'1","'0510414","52","金馬地區","專科","N"," "," "
"'65","'000","'05","'000","'0000","5","游輝宂","'999","'1","'0720226","31","新北市","大學","N","*"," "
"'65","'000","'05","'000","'0000","6","林秀惠","'16","'2","'0440609","59","臺灣省","碩士","Y","*"," "
"'65","'000","'05","'000","'0000","7","張瑞山","'16","'1","'0441118","59","臺灣省","高中","Y","*"," "
"'65","'000","'05","'000","'0000","8","金瑞龍","'1","'1","'0580715","45","臺灣省","專科","Y"," "," "
"'65","'000","'05","'000","'0000","9","邱烽堯","'1","'1","'0621003","41","新北市","碩士","Y","*"," "
"'65","'000","'06","'000","'0000","1","羅文崇","'16","'1","'0530708","50","台北市","專科","N","*"," "
"'65","'000","'06","'000","'0000","2","陳鴻源","'1","'1","'0560421","47","臺灣省","專科","Y","*"," "
"'65","'000","'06","'000","'0000","3","許昭興","'16","'2","'0600306","43","新北市","碩士","Y","*"," "
"'65","'000","'06","'000","'0000","4","蔡明璋","'74","'1","'0540409","49","新北市","大學","N"," "," "
"'65","'000","'06","'000","'0000","5","金介壽","'1","'1","'0401031","63","台中市","大學","Y"," "," "
"'65","'000","'06","'000","'0000","6","連斐璠","'1","'2","'0480909","55","新北市","碩士","Y","*"," "
"'65","'000","'06","'000","'0000","7","莊育麟","'199","'1","'0631105","40","臺灣省","碩士","N"," "," "
"'65","'000","'07","'000","'0000","1","王明麗","'1","'2","'0410415","62","新北市","專科","Y"," "," "
"'65","'000","'07","'000","'0000","2","林銘仁","'16","'1","'0490309","54","新北市","碩士","Y","*"," "
"'65","'000","'07","'000","'0000","3","林明正","'74","'1","'0671202","35","台北市","碩士","N"," "," "
"'65","'000","'07","'000","'0000","4","吳琪銘","'16","'1","'0520224","51","臺灣省","大學","Y","*"," "
"'65","'000","'07","'000","'0000","5","林金結","'1","'1","'0570721","46","臺灣省","碩士","N","*"," "
"'65","'000","'07","'000","'0000","6","彭成龍","'16","'1","'0450901","58","新北市","專科","Y","*"," "
"'65","'000","'07","'000","'0000","7","李宜潔","'95","'2","'0590808","44","金馬地區","其他","N"," "," "
"'65","'000","'07","'000","'0000","8","陳世榮","'999","'1","'0460310","57","新北市","大學","Y","*"," "
"'65","'000","'07","'000","'0000","9","朱子孟","'1","'1","'0510819","52","新北市","博士","N"," "," "
"'65","'000","'07","'000","'0000","10","羅友志","'999","'1","'0610917","42","新北市","大學","N"," "," "
"'65","'000","'07","'000","'0000","11","黃永昌","'1","'1","'0511206","51","新北市","專科","Y","*"," "
"'65","'000","'07","'000","'0000","12","廖本煙","'16","'1","'0450926","58","臺灣省","碩士","N","*"," "
"'65","'000","'07","'000","'0000","13","歐金獅","'16","'1","'0410501","62","臺灣省","專科","Y"," "," "
"'65","'000","'07","'000","'0000","14","薛永華","'90","'1","'0611217","41","台北市","碩士","N"," "," "
"'65","'000","'07","'000","'0000","15","臧家宜","'999","'2","'0630423","40","臺灣省","碩士","N"," "," "
"'65","'000","'07","'000","'0000","16","楊木萬","'79","'1","'0440106","59","新北市","其他","N"," "," "
"'65","'000","'07","'000","'0000","17","洪佳君","'1","'2","'0660628","37","新北市","碩士","Y","*"," "
"'65","'000","'07","'000","'0000","18","朱彥華","'999","'1","'0570725","46","台北市","博士","N"," "," "
"'65","'000","'07","'000","'0000","19","林富子","'1","'2","'0580828","45","臺灣省","碩士","N"," "," "
"'65","'000","'07","'000","'0000","20","高敏慧","'16","'2","'0550217","48","新北市","專科","Y","*"," "
"'65","'000","'07","'000","'0000","21","蘇有仁","'999","'1","'0380912","65","新北市","高中","N","*"," "
"'65","'000","'08","'000","'0000","1","王美月","'1","'2","'0431120","60","新北市","其他","N"," "," "
"'65","'000","'08","'000","'0000","2","劉哲彰","'1","'1","'0610707","42","新北市","博士","Y","*"," "
"'65","'000","'08","'000","'0000","3","金中玉","'999","'1","'0450314","58","台北市","專科","Y","*"," "
"'65","'000","'08","'000","'0000","4","陳永福","'16","'1","'0471001","56","新北市","大學","Y","*"," "
"'65","'000","'08","'000","'0000","5","廖筱清","'16","'2","'0451010","58","臺灣省","碩士","N","*"," "
"'65","'000","'08","'000","'0000","6","邱九桁","'90","'1","'0540828","49","台中市","其他","N"," "," "
"'65","'000","'08","'000","'0000","7","何孟哲","'74","'1","'0730321","30","台北市","其他","N"," "," "
"'65","'000","'08","'000","'0000","8","陳儀君","'1","'2","'0620702","41","新北市","碩士","Y","*"," "
"'65","'000","'09","'000","'0000","1","謝簡","'254","'1","'0531201","49","新北市","專科","N"," "," "
"'65","'000","'09","'000","'0000","2","高天助","'999","'1","'0520126","51","新北市","專科","N"," "," "
"'65","'000","'09","'000","'0000","3","林讚枝","'1","'1","'0400223","63","新北市","碩士","N"," "," "
"'65","'000","'09","'000","'0000","4","林裔綺","'16","'2","'0570426","46","臺灣省","專科","N","*"," "
"'65","'000","'09","'000","'0000","5","吳清風","'999","'1","'0690810","34","新北市","碩士","N"," "," "
"'65","'000","'09","'000","'0000","6","廖秀雄","'999","'1","'0330215","70","新北市","其他","Y"," "," "
"'65","'000","'10","'000","'0000","1","周雅玲","'16","'2","'0570625","46","新北市","專科","Y","*"," "
"'65","'000","'10","'000","'0000","2","李玉蘭","'999","'2","'0610915","42","新北市","高中","N"," "," "
"'65","'000","'10","'000","'0000","3","黃瑞傳","'999","'1","'0390407","64","臺灣省","高中","N"," "," "
"'65","'000","'10","'000","'0000","4","廖正良","'1","'1","'0431225","59","新北市","高中","Y","*"," "
"'65","'000","'10","'000","'0000","5","白珮茹","'1","'2","'0640517","39","台北市","碩士","Y","*"," "
"'65","'000","'10","'000","'0000","6","沈發惠","'16","'1","'0551102","48","台北市","碩士","Y","*"," "
"'68","'000","'01","'000","'0000","1","萬美玲","'1","'2","'0580925","45","台北市","大學","N","*"," "
"'68","'000","'01","'000","'0000","2","范綱祥","'16","'1","'0550417","48","臺灣省","碩士","N","*"," "
"'68","'000","'01","'000","'0000","3","林國政","'90","'1","'0550427","48","台中市","碩士","N"," "," "
"'68","'000","'01","'000","'0000","4","陳宗義","'16","'1","'0481002","55","台北市","大學","N"," "," "
"'68","'000","'01","'000","'0000","5","黃婉如","'1","'2","'0431005","60","臺灣省","碩士","N","*"," "
"'68","'000","'01","'000","'0000","6","王信涵","'999","'1","'0660307","37","高雄市","碩士","N"," "," "
"'68","'000","'01","'000","'0000","7","簡梓倡","'999","'1","'0550810","48","臺灣省","專科","N"," "," "
"'68","'000","'01","'000","'0000","8","張勝豐","'74","'1","'0540429","49","臺灣省","大學","N"," "," "
"'68","'000","'01","'000","'0000","9","黃莅程","'999","'1","'0670517","36","臺灣省","高中","N"," "," "
"'68","'000","'01","'000","'0000","10","黃景熙","'16","'1","'0480515","55","臺灣省","專科","N","*"," "
"'68","'000","'01","'000","'0000","11","黃智銘","'16","'1","'0420820","61","臺灣省","專科","N"," "," "
"'68","'000","'01","'000","'0000","12","李曉鐘","'1","'1","'0480529","55","臺灣省","大學","N","*"," "
"'68","'000","'01","'000","'0000","13","蘇家明","'1","'1","'0431212","59","臺灣省","碩士","N","*"," "
"'68","'000","'01","'000","'0000","14","賀光卍","'199","'1","'0640212","39","新北市","專科","N"," "," "
"'68","'000","'01","'000","'0000","15","陳美梅","'1","'2","'0630604","40","臺灣省","碩士","N","*"," "
"'68","'000","'01","'000","'0000","16","洪文璋","'999","'1","'0551031","48","臺灣省","碩士","N"," "," "
"'68","'000","'01","'000","'0000","17","楊添丁","'999","'1","'0450608","58","臺灣省","高中","N"," "," "
"'68","'000","'01","'000","'0000","18","詹江村","'1","'1","'0520816","51","新北市","碩士","N","*"," "
"'68","'000","'01","'000","'0000","19","林政賢","'1","'1","'0480628","55","臺灣省","大學","N","*"," "
"'68","'000","'01","'000","'0000","20","李光達","'95","'1","'0551001","48","臺灣省","大學","N","*"," "
"'68","'000","'01","'000","'0000","21","廖輝星","'16","'1","'0430801","60","臺灣省","碩士","N"," "," "
"'68","'000","'01","'000","'0000","22","黃哲鍾","'106","'1","'0380814","65","臺灣省","專科","N"," "," "
"'68","'000","'01","'000","'0000","23","羅岳峰","'79","'1","'0751029","28","新北市","大學","N"," "," "
"'68","'000","'01","'000","'0000","24","史碩仁","'999","'1","'0500728","53","台北市","高中","N"," "," "
"'68","'000","'01","'000","'0000","25","邱素芬","'16","'2","'0550830","48","臺灣省","碩士","N","*"," "
"'68","'000","'02","'000","'0000","1","陳志謀","'16","'1","'0470130","56","臺灣省","大學","N","*"," "
"'68","'000","'02","'000","'0000","2","林正峰","'1","'1","'0381201","64","臺灣省","高中","N","*"," "
"'68","'000","'02","'000","'0000","3","李麗珠","'1","'2","'0470917","56","新北市","大學","N"," "," "
"'68","'000","'02","'000","'0000","4","許森能","'999","'1","'0520815","51","台北市","大學","N"," "," "
"'68","'000","'02","'000","'0000","5","王家一","'999","'1","'0640621","39","臺灣省","大學","N"," "," "
"'68","'000","'02","'000","'0000","6","林俐玲","'16","'2","'0520423","51","臺灣省","專科","N","*"," "
"'68","'000","'02","'000","'0000","7","李雲強","'1","'1","'0480523","55","台北市","專科","N","*"," "
"'68","'000","'03","'000","'0000","1","張文瑜","'999","'2","'0540303","49","台南市","大學","N"," "," "
"'68","'000","'03","'000","'0000","2","何正森","'1","'1","'0420613","61","臺灣省","專科","N"," "," "
"'68","'000","'03","'000","'0000","3","呂淑真","'1","'2","'0440604","59","臺灣省","專科","N","*"," "
"'68","'000","'03","'000","'0000","4","呂林小鳳","'16","'2","'0530804","50","臺灣省","碩士","N","*"," "
"'68","'000","'03","'000","'0000","5","鍾孝彥","'999","'1","'0571120","46","臺灣省","博士","N"," "," "
"'68","'000","'03","'000","'0000","6","劉茂羣","'1","'2","'0450506","58","臺灣省","碩士","N","*"," "
"'68","'000","'03","'000","'0000","7","王國棟","'1","'1","'0480920","55","金馬地區","專科","N"," "," "
"'68","'000","'03","'000","'0000","8","賴維哲","'999","'1","'0470927","56","臺灣省","專科","N"," "," "
"'68","'000","'03","'000","'0000","9","趙正宇","'999","'1","'0550329","48","臺灣省","碩士","N","*"," "
"'68","'000","'03","'000","'0000","10","蔡永芳","'16","'1","'0600919","43","臺灣省","專科","N","*"," "
"'68","'000","'03","'000","'0000","11","鄭銀福","'999","'1","'0460313","57","金馬地區","大學","N"," "," "
"'68","'000","'03","'000","'0000","12","彭少康","'74","'1","'0620807","41","台北市","專科","N"," "," "
"'68","'000","'03","'000","'0000","13","林玉娟","'999","'2","'0580814","45","臺灣省","大學","N"," "," "
"'68","'000","'03","'000","'0000","14","陳松福","'999","'1","'0480125","55","臺灣省","碩士","N"," "," "
"'68","'000","'04","'000","'0000","1","李訓求","'1","'1","'0440115","59","臺灣省","高中","N"," "," "
"'68","'000","'04","'000","'0000","2","張桂綿","'1","'2","'0640120","39","新北市","大學","N"," "," "
"'68","'000","'04","'000","'0000","3","郭麗華","'16","'2","'0540130","49","臺灣省","高中","N","*"," "
"'68","'000","'04","'000","'0000","4","吳寶玉","'999","'2","'0490310","54","臺灣省","高中","N"," "," "
"'68","'000","'04","'000","'0000","5","袁慧心","'74","'2","'0540622","49","臺灣省","專科","N"," "," "
"'68","'000","'04","'000","'0000","6","劉勝全","'999","'1","'0580419","45","臺灣省","專科","N","*"," "
"'68","'000","'04","'000","'0000","7","陳麗莉","'1","'2","'0460502","57","臺灣省","大學","N","*"," "
"'68","'000","'04","'000","'0000","8","許清順","'16","'1","'0541005","49","臺灣省","碩士","N","*"," "
"'68","'000","'05","'000","'0000","1","徐其萬","'1","'1","'0470215","56","臺灣省","高中","N","*"," "
"'68","'000","'05","'000","'0000","2","游吾和","'16","'1","'0521128","51","臺灣省","高中","N","*"," "
"'68","'000","'05","'000","'0000","3","王淳長","'999","'1","'0460912","57","臺灣省","高中","N"," "," "
"'68","'000","'06","'000","'0000","1","曾慶章","'16","'1","'0381129","64","臺灣省","其他","N"," "," "
"'68","'000","'06","'000","'0000","2","李柏坊","'1","'1","'0470124","56","臺灣省","專科","N","*"," "
"'68","'000","'06","'000","'0000","3","黃智信","'16","'1","'0561019","47","臺灣省","高中","N"," "," "
"'68","'000","'06","'000","'0000","4","張振源","'999","'1","'0461101","57","臺灣省","專科","N"," "," "
"'68","'000","'06","'000","'0000","5","楊朝偉","'1","'1","'0560516","47","臺灣省","碩士","N","*"," "
"'68","'000","'06","'000","'0000","6","邱伶樺","'999","'2","'0710928","32","臺灣省","大學","N"," "," "
"'68","'000","'06","'000","'0000","7","邱創良","'999","'1","'0440910","59","臺灣省","高中","N"," "," "
"'68","'000","'06","'000","'0000","8","邱秀芬","'16","'2","'0550318","48","臺灣省","高中","N"," "," "
"'68","'000","'06","'000","'0000","9","李洋宇","'999","'1","'0731124","30","臺灣省","大學","N"," "," "
"'68","'000","'06","'000","'0000","10","陳治文","'16","'2","'0591018","44","高雄市","碩士","N","*"," "
"'68","'000","'07","'000","'0000","1","邱奕勝","'1","'1","'0491115","54","臺灣省","碩士","N","*"," "
"'68","'000","'07","'000","'0000","2","賴立竹","'90","'1","'0681014","35","臺灣省","大學","N"," "," "
"'68","'000","'07","'000","'0000","3","謝偉孝","'999","'1","'0660705","37","臺灣省","高中","N"," "," "
"'68","'000","'07","'000","'0000","4","黃傅淑香","'16","'2","'0471016","56","臺灣省","高中","N","*"," "
"'68","'000","'07","'000","'0000","5","劉安祺","'999","'1","'0600622","43","臺灣省","其他","N"," "," "
"'68","'000","'07","'000","'0000","6","吳正群","'74","'1","'0490112","54","臺灣省","碩士","N"," "," "
"'68","'000","'07","'000","'0000","7","彭俊豪","'16","'1","'0710815","32","臺灣省","碩士","N","*"," "
"'68","'000","'07","'000","'0000","8","張運炳","'999","'1","'0440415","59","臺灣省","專科","N","*"," "
"'68","'000","'07","'000","'0000","9","劉曾玉春","'999","'2","'0431208","59","臺灣省","高中","N","*"," "
"'68","'000","'07","'000","'0000","10","沐平波","'1","'2","'0411201","61","台北市","碩士","N"," "," "
"'68","'000","'07","'000","'0000","11","葉明月","'1","'2","'0491215","53","臺灣省","大學","N","*"," "
"'68","'000","'07","'000","'0000","12","徐景文","'16","'1","'0510624","52","臺灣省","碩士","N"," "," "
"'68","'000","'07","'000","'0000","13","梁新武","'999","'1","'0440610","59","臺灣省","大學","N"," "," "
"'68","'000","'07","'000","'0000","14","葉鄭秀蘋","'999","'2","'0470303","56","台北市","高中","N"," "," "
"'68","'000","'07","'000","'0000","15","蔣中千","'106","'1","'0450705","58","臺灣省","專科","N"," "," "
"'68","'000","'07","'000","'0000","16","王浩宇","'79","'1","'0771029","26","臺灣省","大學","N","*"," "
"'68","'000","'07","'000","'0000","17","黃治東","'95","'1","'0490517","54","臺灣省","其他","N"," "," "
"'68","'000","'07","'000","'0000","18","魯明哲","'1","'1","'0521204","50","台北市","碩士","N","*"," "
"'68","'000","'07","'000","'0000","19","彭秀涵","'999","'2","'0520910","51","臺灣省","高中","N"," "," "
"'68","'000","'07","'000","'0000","20","袁明星","'16","'1","'0511119","52","臺灣省","大學","N","*"," "
"'68","'000","'07","'000","'0000","21","劉威德","'999","'1","'0480306","55","臺灣省","高中","N"," "," "
"'68","'000","'07","'000","'0000","22","梁為超","'1","'1","'0630312","40","臺灣省","碩士","N","*"," "
"'68","'000","'08","'000","'0000","1","羅文欽","'999","'1","'0590115","44","臺灣省","碩士","N"," "," "
"'68","'000","'08","'000","'0000","2","劉仁照","'16","'1","'0700126","33","臺灣省","大學","N","*"," "
"'68","'000","'08","'000","'0000","3","謝彰文","'1","'2","'0470111","56","臺灣省","碩士","N","*"," "
"'68","'000","'08","'000","'0000","4","黃敬平","'1","'1","'0621115","41","臺灣省","碩士","N","*"," "
"'68","'000","'08","'000","'0000","5","舒翠玲","'1","'2","'0530913","50","臺灣省","碩士","N","*"," "
"'68","'000","'08","'000","'0000","6","陳萬得","'1","'1","'0420810","61","臺灣省","碩士","N"," "," "
"'68","'000","'08","'000","'0000","7","劉邦鉉","'999","'1","'0570721","46","臺灣省","碩士","N"," "," "
"'68","'000","'08","'000","'0000","8","楊家俍","'16","'1","'0690413","34","台北市","碩士","N","*"," "
"'68","'000","'08","'000","'0000","9","陳志偉","'16","'1","'0510225","52","臺灣省","專科","N"," "," "
"'68","'000","'08","'000","'0000","10","莊訓基","'90","'1","'0390917","64","臺灣省","專科","N"," "," "
"'68","'000","'08","'000","'0000","11","莊玉光","'999","'1","'0391202","63","臺灣省","高中","N"," "," "
"'68","'000","'08","'000","'0000","12","黃國華","'202","'1","'0580203","45","臺灣省","高中","N"," "," "
"'68","'000","'08","'000","'0000","13","黃李月琴","'999","'2","'0490302","54","臺灣省","碩士","N"," "," "
"'68","'000","'08","'000","'0000","14","王珮毓","'999","'2","'0710110","32","臺灣省","碩士","N"," "," "
"'68","'000","'08","'000","'0000","15","湯琳翔","'79","'1","'0750104","28","臺灣省","大學","N"," "," "
"'68","'000","'08","'000","'0000","16","張若彤","'999","'1","'0660526","37","臺灣省","大學","N"," "," "
"'68","'000","'08","'000","'0000","17","陳章程","'999","'1","'0640529","39","新北市","大學","N"," "," "
"'68","'000","'08","'000","'0000","18","莊玉輝","'999","'1","'0480525","55","臺灣省","大學","N","*"," "
"'68","'000","'08","'000","'0000","19","林德忠","'999","'1","'0500502","53","臺灣省","大學","N"," "," "
"'68","'000","'09","'000","'0000","1","姜水浪","'166","'1","'0460228","57","臺灣省","專科","N"," "," "
"'68","'000","'09","'000","'0000","2","周玉琴","'1","'2","'0470514","56","臺灣省","碩士","N","*"," "
"'68","'000","'09","'000","'0000","3","林羅春","'999","'1","'0420626","61","臺灣省","高中","N"," "," "
"'68","'000","'09","'000","'0000","4","李家興","'1","'1","'0460610","57","臺灣省","高中","N","*"," "
"'68","'000","'09","'000","'0000","5","陳賴素美","'16","'2","'0530110","50","臺灣省","大學","N","*"," "
"'68","'000","'09","'000","'0000","6","陳秀玲","'999","'2","'0500417","53","臺灣省","高中","N"," "," "
"'68","'000","'09","'000","'0000","7","張火爐","'16","'1","'0470320","56","臺灣省","高中","N","*"," "
"'68","'000","'09","'000","'0000","8","彭基原","'999","'1","'0510101","52","臺灣省","碩士","N"," "," "
"'68","'000","'10","'000","'0000","1","黃榮煥","'999","'1","'0451008","58","臺灣省","其他","N"," "," "
"'68","'000","'10","'000","'0000","2","劉熒隆","'999","'1","'0621004","41","臺灣省","大學","N"," "," "
"'68","'000","'10","'000","'0000","3","林鴻斌","'999","'1","'0530101","50","臺灣省","大學","N"," "," "
"'68","'000","'10","'000","'0000","4","張肇良","'16","'1","'0530930","50","臺灣省","大學","N","*"," "
"'68","'000","'10","'000","'0000","5","廖威森","'999","'1","'0600309","43","臺灣省","大學","N"," "," "
"'68","'000","'10","'000","'0000","6","游良福","'999","'1","'0510812","52","臺灣省","博士","N"," "," "
"'68","'000","'10","'000","'0000","7","徐玉樹","'1","'1","'0531122","50","臺灣省","大學","N","*"," "
"'68","'000","'10","'000","'0000","8","羅銀珍","'999","'2","'0450217","58","臺灣省","專科","N"," "," "
"'68","'000","'10","'000","'0000","9","閻中傑","'1","'1","'0450112","58","臺灣省","大學","N","*"," "
"'68","'000","'11","'000","'0000","1","邱佳亮","'999","'1","'0570427","46","臺灣省","專科","N","*"," "
"'68","'000","'11","'000","'0000","2","陳睿生","'16","'1","'0700615","33","臺灣省","碩士","N"," "," "
"'68","'000","'12","'000","'0000","1","吳宗憲","'1","'1","'0480117","55","臺灣省","高中","N"," "," "
"'68","'000","'12","'000","'0000","2","郭榮宗","'16","'1","'0430823","60","臺灣省","博士","N","*"," "
"'68","'000","'12","'000","'0000","3","廖薛文","'999","'1","'0420401","61","臺灣省","高中","N"," "," "
"'68","'000","'12","'000","'0000","4","歐炳辰","'999","'1","'0460925","57","臺灣省","高中","N","*"," "
"'66","'000","'01","'000","'0000","1","吳鶴鵬","'999","'1","'0450713","58","台中市","高中","N"," "," "
"'66","'000","'01","'000","'0000","2","吳敏濟","'16","'1","'0450706","58","台中市","碩士","Y","*"," "
"'66","'000","'01","'000","'0000","3","李榮鴻","'1","'1","'0380623","65","台中市","高中","Y","*"," "
"'66","'000","'01","'000","'0000","4","林素眞","'999","'2","'0481113","55","台中市","高中","N"," "," "
"'66","'000","'01","'000","'0000","5","楊永昌","'1","'1","'0401226","62","台中市","碩士","Y","*"," "
"'66","'000","'02","'000","'0000","1","王立任","'16","'1","'0580611","45","台中市","大學","N","*"," "
"'66","'000","'02","'000","'0000","2","顏莉敏","'1","'2","'0730907","30","台中市","大學","N","*"," "
"'66","'000","'02","'000","'0000","3","陳廷秀","'999","'1","'0501226","52","台中市","碩士","N"," "," "
"'66","'000","'02","'000","'0000","4","張清照","'1","'1","'0520207","51","台中市","高中","N","*"," "
"'66","'000","'02","'000","'0000","5","程凱力","'90","'1","'0500308","53","臺灣省","大學","N"," "," "
"'66","'000","'02","'000","'0000","6","陳詩哲","'999","'1","'0311119","72","台中市","高中","Y"," "," "
"'66","'000","'02","'000","'0000","7","陳年添","'95","'1","'0410220","62","台中市","大學","N"," "," "
"'66","'000","'02","'000","'0000","8","楊典忠","'16","'1","'0491121","54","台中市","博士","Y","*"," "
"'66","'000","'02","'000","'0000","9","尤碧鈴","'999","'2","'0380626","65","台中市","大學","Y","*"," "
"'66","'000","'03","'000","'0000","1","劉淑蘭","'16","'2","'0400803","63","台中市","高中","N"," "," "
"'66","'000","'03","'000","'0000","2","吳瓊華","'1","'2","'0581201","44","台中市","碩士","Y","*"," "
"'66","'000","'03","'000","'0000","3","林汝洲","'1","'1","'0520424","51","台中市","碩士","Y","*"," "
"'66","'000","'03","'000","'0000","4","陳世凱","'16","'1","'0660512","37","臺灣省","大學","Y","*"," "
"'66","'000","'03","'000","'0000","5","張正興","'999","'1","'0570329","46","台中市","碩士","N"," "," "
"'66","'000","'03","'000","'0000","6","黃錫嘉","'999","'1","'0470925","56","台中市","高中","Y","*"," "
"'66","'000","'03","'000","'0000","7","林士昌","'1","'1","'0440204","59","台中市","高中","Y","*"," "
"'66","'000","'04","'000","'0000","1","陳清龍","'999","'1","'0540329","49","台中市","碩士","Y","*"," "
"'66","'000","'04","'000","'0000","2","翁美春","'16","'2","'0520214","51","臺灣省","高中","Y","*"," "
"'66","'000","'04","'000","'0000","3","謝志忠","'16","'1","'0580406","45","台南市","碩士","Y","*"," "
"'66","'000","'04","'000","'0000","4","王朝坤","'999","'1","'0451122","58","台中市","其他","N"," "," "
"'66","'000","'04","'000","'0000","5","張瀞分","'1","'2","'0320121","71","台中市","高中","N","*"," "
"'66","'000","'04","'000","'0000","6","吳富亭","'95","'1","'0480525","55","台中市","高中","N"," "," "
"'66","'000","'04","'000","'0000","7","陳本添","'1","'1","'0460909","57","台中市","大學","Y","*"," "
"'66","'000","'05","'000","'0000","1","張雅旻","'16","'2","'0660425","37","台中市","碩士","N","*"," "
"'66","'000","'05","'000","'0000","2","羅永珍","'1","'2","'0410827","62","臺灣省","其他","Y","*"," "
"'66","'000","'05","'000","'0000","3","吳顯森","'1","'1","'0480316","55","台中市","碩士","Y","*"," "
"'66","'000","'05","'000","'0000","4","張立傑","'999","'1","'0341015","69","台中市","大學","N","*"," "
"'66","'000","'05","'000","'0000","5","林竹旺","'999","'1","'0501104","53","台中市","專科","N"," "," "
"'66","'000","'05","'000","'0000","6","蕭隆澤","'16","'1","'0490426","54","台中市","高中","Y","*"," "
"'66","'000","'05","'000","'0000","7","賴朝國","'1","'1","'0521110","51","台中市","高中","Y","*"," "
"'66","'000","'05","'000","'0000","8","許水彬","'16","'1","'0450304","58","台中市","專科","Y"," "," "
"'66","'000","'05","'000","'0000","9","廖述鎮","'16","'1","'0410909","62","台中市","高中","Y"," "," "
"'66","'000","'06","'000","'0000","1","張廖乃綸","'1","'2","'0671001","36","台中市","大學","Y","*"," "
"'66","'000","'06","'000","'0000","2","張廖萬堅","'16","'1","'0540209","49","台中市","大學","Y","*"," "
"'66","'000","'06","'000","'0000","3","黃馨慧","'1","'2","'0451127","58","台中市","碩士","Y","*"," "
"'66","'000","'06","'000","'0000","4","楊正中","'1","'1","'0430630","60","台中市","大學","Y","*"," "
"'66","'000","'06","'000","'0000","5","李孝儒","'16","'1","'0650117","38","台中市","大學","N"," "," "
"'66","'000","'06","'000","'0000","6","吳春夏","'999","'1","'0430201","60","臺灣省","碩士","N"," "," "
"'66","'000","'06","'000","'0000","7","蔡智豪","'999","'1","'0620419","41","臺灣省","碩士","N"," "," "
"'66","'000","'06","'000","'0000","8","陳淑華","'16","'2","'0591223","43","台中市","大學","Y","*"," "
"'66","'000","'07","'000","'0000","1","黃淑芬","'999","'2","'0530105","50","台中市","碩士","N"," "," "
"'66","'000","'07","'000","'0000","2","朱暖英","'1","'2","'0541130","48","台中市","大學","Y","*"," "
"'66","'000","'07","'000","'0000","3","陳三井","'90","'1","'0400718","63","台中市","碩士","N"," "," "
"'66","'000","'07","'000","'0000","4","江慶洲","'999","'1","'0610702","42","台中市","大學","N"," "," "
"'66","'000","'07","'000","'0000","5","劉士州","'1","'1","'0510907","52","台中市","大學","Y","*"," "
"'66","'000","'07","'000","'0000","6","黃聖硯","'95","'2","'0510717","52","高雄市","高中","N"," "," "
"'66","'000","'07","'000","'0000","7","張耀中","'16","'1","'0501204","52","臺灣省","大學","Y","*"," "
"'66","'000","'07","'000","'0000","8","丁振嘉","'1","'1","'0450103","58","臺灣省","碩士","N"," "," "
"'66","'000","'07","'000","'0000","9","何文海","'16","'1","'0470816","56","台中市","高中","Y","*"," "
"'66","'000","'08","'000","'0000","1","沈佑蓮","'1","'2","'0480928","55","台中市","專科","Y","*"," "
"'66","'000","'08","'000","'0000","2","謝明源","'16","'1","'0410903","62","高雄市","大學","N","*"," "
"'66","'000","'08","'000","'0000","3","邱于珊","'90","'2","'0510225","52","高雄市","高中","N"," "," "
"'66","'000","'08","'000","'0000","4","蔡雅玲","'16","'2","'0660321","37","台中市","碩士","Y","*"," "
"'66","'000","'08","'000","'0000","5","張烱春","'95","'1","'0540330","49","台中市","專科","N"," "," "
"'66","'000","'08","'000","'0000","6","賴順仁","'1","'1","'0580425","45","台中市","碩士","Y","*"," "
"'66","'000","'08","'000","'0000","7","陳成添","'1","'1","'0520620","51","台中市","專科","Y","*"," "
"'66","'000","'08","'000","'0000","8","曾朝榮","'16","'1","'0500710","53","台中市","碩士","Y","*"," "
"'66","'000","'09","'000","'0000","1","陳天汶","'1","'1","'0330825","70","其他","碩士","Y"," "," "
"'66","'000","'09","'000","'0000","2","范淞育","'16","'1","'0500820","53","台中市","碩士","N","*"," "
"'66","'000","'09","'000","'0000","3","陳政顯","'1","'1","'0520630","51","臺灣省","碩士","N","*"," "
"'66","'000","'09","'000","'0000","4","林忠勝","'209","'1","'0411221","61","臺灣省","其他","N"," "," "
"'66","'000","'09","'000","'0000","5","李涵芸","'259","'2","'0800628","23","台北市","大學","N"," "," "
"'66","'000","'09","'000","'0000","6","賴佳微","'16","'2","'0710604","32","台中市","大學","Y","*"," "
"'66","'000","'10","'000","'0000","1","張宏年","'1","'1","'0410210","62","台中市","碩士","Y","*"," "
"'66","'000","'10","'000","'0000","2","張博威","'90","'1","'0550502","48","臺灣省","專科","N"," "," "
"'66","'000","'10","'000","'0000","3","葉春幸","'999","'2","'0541214","48","臺灣省","大學","N"," "," "
"'66","'000","'10","'000","'0000","4","黃國書","'16","'1","'0530103","50","臺灣省","碩士","Y","*"," "
"'66","'000","'10","'000","'0000","5","洪嘉鴻","'1","'1","'0480912","55","臺灣省","碩士","Y"," "," "
"'66","'000","'10","'000","'0000","6","江肇國","'16","'1","'0661101","37","台中市","碩士","N","*"," "
"'66","'000","'11","'000","'0000","1","賴建豪","'999","'1","'0700122","33","台中市","碩士","N"," "," "
"'66","'000","'11","'000","'0000","2","鄭功進","'16","'1","'0500306","53","台中市","專科","N","*"," "
"'66","'000","'11","'000","'0000","3","李中","'1","'1","'0480720","55","台中市","大學","Y","*"," "
"'66","'000","'11","'000","'0000","4","邱素貞","'16","'2","'0431022","60","台中市","高中","Y","*"," "
"'66","'000","'11","'000","'0000","5","何敏誠","'16","'1","'0440107","59","台中市","高中","Y","*"," "
"'66","'000","'11","'000","'0000","6","林珮涵","'1","'2","'0531225","49","台中市","大學","Y"," "," "
"'66","'000","'11","'000","'0000","7","顏妏眞","'1","'2","'0630127","40","台中市","大學","N"," "," "
"'66","'000","'11","'000","'0000","8","廖興生","'90","'1","'0480819","55","台中市","碩士","N"," "," "
"'66","'000","'11","'000","'0000","9","蕭良材","'999","'1","'0580415","45","臺灣省","碩士","N"," "," "
"'66","'000","'12","'000","'0000","1","何明杰","'16","'1","'0640715","39","台中市","碩士","Y","*"," "
"'66","'000","'12","'000","'0000","2","賴義鍠","'999","'1","'0560424","47","臺灣省","碩士","Y","*"," "
"'66","'000","'12","'000","'0000","3","吳品儀","'999","'2","'0681008","35","臺灣省","大學","N"," "," "
"'66","'000","'12","'000","'0000","4","張玉嬿","'16","'2","'0700417","33","台中市","大學","N","*"," "
"'66","'000","'12","'000","'0000","5","李麗華","'1","'2","'0420116","61","臺灣省","碩士","Y","*"," "
"'66","'000","'12","'000","'0000","6","陳展群","'1","'1","'0520209","51","台中市","專科","N"," "," "
"'66","'000","'12","'000","'0000","7","李昆霖","'999","'1","'0471026","56","高雄市","專科","N"," "," "
"'66","'000","'13","'000","'0000","1","林志憲","'999","'1","'0650712","38","臺灣省","碩士","N"," "," "
"'66","'000","'13","'000","'0000","2","謝賢","'16","'1","'0660408","37","台北市","大學","N"," "," "
"'66","'000","'13","'000","'0000","3","段緯宇","'90","'1","'0440214","59","台中市","碩士","Y","*"," "
"'66","'000","'13","'000","'0000","4","江勝雄","'999","'1","'0281202","74","台中市","高中","Y"," "," "
"'66","'000","'13","'000","'0000","5","劉錦和","'16","'1","'0451208","57","台中市","高中","Y"," "," "
"'66","'000","'13","'000","'0000","6","張芬郁","'16","'2","'0470721","56","台中市","大學","N","*"," "
"'66","'000","'13","'000","'0000","7","李天生","'16","'1","'0500725","53","台中市","專科","Y","*"," "
"'66","'000","'13","'000","'0000","8","張滄沂","'999","'1","'0481224","54","台中市","其他","Y","*"," "
"'66","'000","'13","'000","'0000","9","蔡黃金雀","'999","'2","'0410120","62","台中市","專科","N"," "," "
"'66","'000","'13","'000","'0000","10","林碧秀","'1","'2","'0440818","59","台中市","碩士","N","*"," "
"'66","'000","'13","'000","'0000","11","蘇柏興","'1","'1","'0620927","41","台中市","碩士","N","*"," "
"'66","'000","'13","'000","'0000","12","林明正","'95","'1","'0411128","62","臺灣省","高中","N"," "," "
"'66","'000","'14","'000","'0000","1","蔡成圭","'16","'1","'0490222","54","台中市","其他","Y","*"," "
"'66","'000","'14","'000","'0000","2","蘇慶雲","'1","'1","'0410403","62","台中市","高中","Y","*"," "
"'66","'000","'14","'000","'0000","3","冉齡軒","'1","'2","'0551023","48","台中市","專科","N"," "," "
"'67","'000","'01","'000","'0000","1","劉米山","'16","'1","'0540106","49","台南市","碩士","N"," "," "
"'67","'000","'01","'000","'0000","2","張世賢","'1","'1","'0420313","61","台南市","高中","Y","*"," "
"'67","'000","'01","'000","'0000","3","賴美惠","'16","'2","'0471108","56","台南市","大學","Y","*"," "
"'67","'000","'02","'000","'0000","1","趙昆原","'999","'1","'0450326","58","台南市","高中","Y","*"," "
"'67","'000","'02","'000","'0000","2","顏進仕","'999","'1","'0480125","55","台南市","高中","N"," "," "
"'67","'000","'02","'000","'0000","3","陳佳琪","'999","'2","'0470305","56","臺灣省","高中","N"," "," "
"'67","'000","'02","'000","'0000","4","賴惠員","'16","'2","'0500605","53","臺灣省","碩士","Y","*"," "
"'67","'000","'02","'000","'0000","5","蔡育輝","'1","'1","'0480925","55","台南市","碩士","Y","*"," "
"'67","'000","'02","'000","'0000","6","李退之","'16","'1","'0600511","43","高雄市","碩士","Y","*"," "
"'67","'000","'03","'000","'0000","1","侯澄財","'16","'1","'0330515","70","台南市","高中","Y","*"," "
"'67","'000","'03","'000","'0000","2","陳進財","'1","'1","'0390914","64","台南市","高中","N"," "," "
"'67","'000","'03","'000","'0000","3","謝財旺","'999","'1","'0510520","52","台南市","大學","Y","*"," "
"'67","'000","'04","'000","'0000","1","楊麗玉","'16","'2","'0470813","56","臺灣省","碩士","Y"," "," "
"'67","'000","'04","'000","'0000","2","吳通龍","'16","'1","'0450302","58","台南市","大學","Y","*"," "
"'67","'000","'04","'000","'0000","3","陳文賢","'16","'1","'0331023","70","台南市","高中","Y","*"," "
"'67","'000","'04","'000","'0000","4","郭秀珠","'999","'2","'0480907","55","台南市","高中","Y","*"," "
"'67","'000","'04","'000","'0000","5","尤榮智","'1","'1","'0410825","62","台南市","專科","N"," "," "
"'67","'000","'05","'000","'0000","1","余榮和","'999","'1","'0461120","57","台南市","大學","N"," "," "
"'67","'000","'05","'000","'0000","2","蔡蘇秋金","'16","'2","'0500912","53","台南市","大學","Y","*"," "
"'67","'000","'05","'000","'0000","3","陳朝來","'16","'1","'0421010","61","台南市","專科","Y","*"," "
"'67","'000","'05","'000","'0000","4","方一峰","'1","'1","'0530920","50","台南市","專科","N"," "," "
"'67","'000","'05","'000","'0000","5","蔡秋蘭","'16","'2","'0470915","56","台南市","大學","Y","*"," "
"'67","'000","'06","'000","'0000","1","林志展","'999","'1","'0541128","49","台南市","其他","N","*"," "
"'67","'000","'06","'000","'0000","2","李文俊","'1","'1","'0480109","55","台南市","大學","Y"," "," "
"'67","'000","'06","'000","'0000","3","梁順發","'16","'1","'0440612","59","台南市","高中","Y","*"," "
"'67","'000","'07","'000","'0000","1","林全忠","'1","'1","'0431005","60","台南市","大學","Y","*"," "
"'67","'000","'07","'000","'0000","2","姚溪海","'999","'1","'0340903","69","台南市","高中","N"," "," "
"'67","'000","'07","'000","'0000","3","林志聰","'16","'1","'0630126","40","台南市","大學","Y","*"," "
"'67","'000","'08","'000","'0000","1","李全教","'1","'1","'0490225","54","台南市","博士","N","*"," "
"'67","'000","'08","'000","'0000","2","王峻潭","'16","'1","'0431025","60","台南市","高中","Y"," "," "
"'67","'000","'09","'000","'0000","1","施重男","'999","'1","'0320724","71","台南市","其他","Y"," "," "
"'67","'000","'09","'000","'0000","2","陳秋萍","'16","'2","'0531231","49","台南市","大學","Y","*"," "
"'67","'000","'09","'000","'0000","3","李崇智","'999","'1","'0531002","50","台南市","碩士","N"," "," "
"'67","'000","'09","'000","'0000","4","郭國文","'16","'1","'0560311","47","台南市","碩士","Y","*"," "
"'67","'000","'09","'000","'0000","5","林慶鎭","'999","'1","'0470612","56","台南市","大學","Y","*"," "
"'67","'000","'09","'000","'0000","6","王敏星","'1","'1","'0540913","49","台南市","碩士","N"," "," "
"'67","'000","'09","'000","'0000","7","楊中成","'95","'1","'0470422","56","台南市","大學","N","*"," "
"'67","'000","'09","'000","'0000","8","李坤煌","'1","'1","'0411105","62","台南市","碩士","Y","*"," "
"'67","'000","'09","'000","'0000","9","林燕祝","'1","'2","'0540114","49","台南市","碩士","Y","*"," "
"'67","'000","'09","'000","'0000","10","林宜瑾","'16","'2","'0580825","45","台南市","碩士","Y","*"," "
"'67","'000","'09","'000","'0000","11","林阳乙","'999","'1","'0500416","53","台南市","大學","N","*"," "
"'67","'000","'10","'000","'0000","1","劉益昌","'95","'1","'0450208","58","台南市","高中","N"," "," "
"'67","'000","'10","'000","'0000","2","王錦德","'16","'1","'0460713","57","台南市","大學","Y","*"," "
"'67","'000","'10","'000","'0000","3","黃麗招","'1","'2","'0460601","57","台南市","其他","Y"," "," "
"'67","'000","'10","'000","'0000","4","林炳利","'999","'1","'0510910","52","台南市","高中","Y","*"," "
"'67","'000","'10","'000","'0000","5","唐儀靜","'16","'2","'0650209","38","台南市","碩士","N"," "," "
"'67","'000","'10","'000","'0000","6","陳進義","'999","'1","'0441203","58","台南市","大學","N"," "," "
"'67","'000","'10","'000","'0000","7","郭信良","'16","'1","'0520820","51","台南市","大學","Y","*"," "
"'67","'000","'10","'000","'0000","8","郭清華","'16","'1","'0510621","52","台南市","專科","Y","*"," "
"'67","'000","'10","'000","'0000","9","李中岑","'1","'2","'0740901","29","台北市","碩士","N","*"," "
"'67","'000","'11","'000","'0000","1","陳怡珍","'16","'2","'0700328","33","台南市","大學","Y","*"," "
"'67","'000","'11","'000","'0000","2","陳麗真","'1","'2","'0531125","50","臺灣省","大學","N"," "," "
"'67","'000","'11","'000","'0000","3","唐碧娥","'16","'2","'0490503","54","台南市","大學","Y","*"," "
"'67","'000","'11","'000","'0000","4","許至椿","'1","'1","'0491110","54","臺灣省","碩士","Y","*"," "
"'67","'000","'11","'000","'0000","5","李宗富","'999","'1","'0560304","47","台南市","專科","N"," "," "
"'67","'000","'11","'000","'0000","6","謝龍介","'1","'1","'0501003","53","台南市","碩士","N","*"," "
"'67","'000","'12","'000","'0000","1","洪玉鳳","'1","'2","'0380415","65","台南市","碩士","Y","*"," "
"'67","'000","'12","'000","'0000","2","邱莉莉","'16","'2","'0511129","51","台南市","碩士","Y","*"," "
"'67","'000","'13","'000","'0000","1","盧崑福","'1","'1","'0541007","49","台南市","大學","Y","*"," "
"'67","'000","'13","'000","'0000","2","李文正","'16","'1","'0480204","55","台南市","其他","Y","*"," "
"'67","'000","'14","'000","'0000","1","陳昌輝","'95","'1","'0611219","41","台南市","碩士","N"," "," "
"'67","'000","'14","'000","'0000","2","陸美祈","'16","'2","'0600320","43","高雄市","碩士","Y","*"," "
"'67","'000","'14","'000","'0000","3","陳金鐘","'16","'1","'0491109","54","臺灣省","碩士","N","*"," "
"'67","'000","'14","'000","'0000","4","曾培雅","'1","'2","'0480818","55","台南市","大學","Y","*"," "
"'67","'000","'14","'000","'0000","5","潘靜竹","'259","'2","'0440822","59","台北市","專科","N"," "," "
"'67","'000","'14","'000","'0000","6","王家貞","'1","'2","'0460708","57","台北市","大學","N","*"," "
"'67","'000","'14","'000","'0000","7","蔡旺詮","'16","'1","'0570925","46","台南市","碩士","Y","*"," "
"'67","'000","'14","'000","'0000","8","曾順良","'999","'1","'0450321","58","台南市","專科","Y","*"," "
"'67","'000","'14","'000","'0000","9","陳文科","'1","'1","'0480320","55","台南市","大學","Y"," "," "
"'67","'000","'15","'000","'0000","1","蔡淑惠","'1","'2","'0560122","47","台南市","大學","Y","*"," "
"'67","'000","'15","'000","'0000","2","周明德","'16","'1","'0430802","60","台南市","專科","N"," "," "
"'67","'000","'15","'000","'0000","3","林美燕","'1","'2","'0480106","55","台南市","大學","Y","*"," "
"'67","'000","'15","'000","'0000","4","陳進益","'999","'1","'0431104","60","台南市","大學","Y"," "," "
"'67","'000","'15","'000","'0000","5","莊玉珠","'16","'2","'0491004","54","台南市","專科","Y","*"," "
"'67","'000","'15","'000","'0000","6","呂維胤","'16","'1","'0700612","33","台南市","碩士","N","*"," "
"'67","'000","'16","'000","'0000","1","劉正昌","'16","'1","'0441220","58","台南市","專科","N","*"," "
"'67","'000","'16","'000","'0000","2","杜素吟","'999","'2","'0450606","58","台南市","大學","Y","*"," "
"'67","'000","'16","'000","'0000","3","張伯祿","'999","'1","'0471001","56","台南市","其他","Y","*"," "
"'67","'000","'16","'000","'0000","4","吳禹寰","'999","'1","'0690813","34","台南市","碩士","N"," "," "
"'67","'000","'16","'000","'0000","5","曾王雅雲","'16","'2","'0510626","52","台南市","碩士","Y","*"," "
"'67","'000","'16","'000","'0000","6","徐萬仲","'1","'1","'0400916","63","台南市","專科","N"," "," "
"'67","'000","'16","'000","'0000","7","陳特清","'999","'1","'0460102","57","台南市","專科","Y","*"," "
"'64","'000","'01","'000","'0000","1","劉馨正","'1","'1","'0430101","60","高雄市","碩士","N","*"," "
"'64","'000","'01","'000","'0000","2","鍾惠美","'999","'2","'0560617","47","高雄市","大學","N"," "," "
"'64","'000","'01","'000","'0000","3","林富寶","'16","'1","'0440802","59","高雄市","大學","Y","*"," "
"'64","'000","'01","'000","'0000","4","蕭育穎","'16","'2","'0680804","35","高雄市","碩士","N"," "," "
"'64","'000","'01","'000","'0000","5","鍾盛有","'999","'1","'0410503","62","高雄市","其他","Y","*"," "
"'64","'000","'02","'000","'0000","1","張文瑞","'16","'1","'0391020","64","高雄市","高中","Y","*"," "
"'64","'000","'02","'000","'0000","2","陳明澤","'16","'1","'0521109","51","高雄市","碩士","Y","*"," "
"'64","'000","'02","'000","'0000","3","蘇琦莉","'1","'2","'0660823","37","高雄市","碩士","Y"," "," "
"'64","'000","'02","'000","'0000","4","李長生","'1","'1","'0450211","58","高雄市","專科","Y","*"," "
"'64","'000","'03","'000","'0000","1","曾水文","'95","'1","'0490123","54","高雄市","專科","N"," "," "
"'64","'000","'03","'000","'0000","2","陸淑美","'1","'2","'0511125","52","高雄市","碩士","Y","*"," "
"'64","'000","'03","'000","'0000","3","方信淵","'1","'1","'0540221","49","高雄市","碩士","Y","*"," "
"'64","'000","'03","'000","'0000","4","盧文峯","'999","'1","'0481117","55","高雄市","高中","N"," "," "
"'64","'000","'03","'000","'0000","5","陳政聞","'16","'1","'0660605","37","高雄市","碩士","Y","*"," "
"'64","'000","'03","'000","'0000","6","蔡金河","'1","'1","'0440210","59","高雄市","碩士","N"," "," "
"'64","'000","'03","'000","'0000","7","高閔琳","'16","'2","'0710803","32","台北市","碩士","N","*"," "
"'64","'000","'03","'000","'0000","8","翁瑞珠","'16","'2","'0391112","64","臺灣省","高中","Y","*"," "
"'64","'000","'04","'000","'0000","1","李眉蓁","'1","'2","'0680321","35","高雄市","碩士","Y","*"," "
"'64","'000","'04","'000","'0000","2","林瑩蓉","'16","'2","'0540924","49","台南市","碩士","Y","*"," "
"'64","'000","'04","'000","'0000","3","周鍾","'1","'1","'0440723","59","高雄市","碩士","Y","*"," "
"'64","'000","'04","'000","'0000","4","柳淑芳","'999","'2","'0490830","54","高雄市","高中","N"," "," "
"'64","'000","'04","'000","'0000","5","藍星木","'1","'1","'0370102","66","高雄市","其他","Y"," "," "
"'64","'000","'04","'000","'0000","6","黃石龍","'106","'1","'0430630","60","高雄市","碩士","Y","*"," "
"'64","'000","'04","'000","'0000","7","張豐藤","'16","'1","'0500418","53","臺灣省","博士","Y","*"," "
"'64","'000","'04","'000","'0000","8","陳麗珍","'1","'2","'0550323","48","高雄市","碩士","Y","*"," "
"'64","'000","'04","'000","'0000","9","李柏毅","'16","'1","'0660408","37","高雄市","碩士","N","*"," "
"'64","'000","'04","'000","'0000","10","陳玫娟","'1","'2","'0511214","51","高雄市","碩士","Y","*"," "
"'64","'000","'04","'000","'0000","11","何樹勳","'74","'1","'0691009","34","新北市","大學","N"," "," "
"'64","'000","'04","'000","'0000","12","黃若桓","'999","'1","'0770810","26","高雄市","大學","N"," "," "
"'64","'000","'05","'000","'0000","1","何堅心","'999","'1","'0361014","67","高雄市","高中","N"," "," "
"'64","'000","'05","'000","'0000","2","葉進國","'999","'1","'0430421","60","高雄市","其他","N"," "," "
"'64","'000","'05","'000","'0000","3","許慧玉","'1","'2","'0560222","47","高雄市","碩士","Y","*"," "
"'64","'000","'05","'000","'0000","4","林芳如","'16","'2","'0570111","46","臺灣省","大學","Y","*"," "
"'64","'000","'05","'000","'0000","5","張勝富","'16","'1","'0611007","42","高雄市","大學","N","*"," "
"'64","'000","'05","'000","'0000","6","吳利成","'1","'1","'0581108","45","高雄市","碩士","Y"," "," "
"'64","'000","'05","'000","'0000","7","王慧玲","'999","'2","'0620921","41","高雄市","碩士","N"," "," "
"'64","'000","'05","'000","'0000","8","邱俊憲","'16","'1","'0710226","32","台南市","碩士","N","*"," "
"'64","'000","'05","'000","'0000","9","沈英章","'16","'1","'0430306","60","高雄市","專科","N","*"," "
"'64","'000","'06","'000","'0000","1","簡煥宗","'16","'1","'0620919","41","台北市","碩士","N","*"," "
"'64","'000","'06","'000","'0000","2","連立堅","'16","'1","'0521219","50","新北市","碩士","Y"," "," "
"'64","'000","'06","'000","'0000","3","蔡金晏","'1","'1","'0670325","36","高雄市","博士","Y","*"," "
"'64","'000","'06","'000","'0000","4","劉哲宇","'999","'1","'0780529","25","高雄市","大學","N"," "," "
"'64","'000","'06","'000","'0000","5","李喬如","'16","'2","'0460624","57","臺灣省","碩士","Y","*"," "
"'64","'000","'06","'000","'0000","6","陳美雅","'1","'2","'0591112","44","高雄市","碩士","Y","*"," "
"'64","'000","'06","'000","'0000","7","陳冠銘","'95","'1","'0661120","37","高雄市","大學","N"," "," "
"'64","'000","'06","'000","'0000","8","郭美伶","'999","'2","'0600622","43","高雄市","高中","N"," "," "
"'64","'000","'07","'000","'0000","1","鄭新助","'999","'1","'0300221","73","高雄市","其他","Y","*"," "
"'64","'000","'07","'000","'0000","2","黃香菽","'1","'2","'0701023","33","高雄市","專科","N","*"," "
"'64","'000","'07","'000","'0000","3","梁益誌","'79","'1","'0710228","32","高雄市","碩士","N"," "," "
"'64","'000","'07","'000","'0000","4","黃永富","'90","'1","'0491125","54","臺灣省","大學","N"," "," "
"'64","'000","'07","'000","'0000","5","童燕珍","'1","'2","'0421102","61","臺灣省","碩士","Y"," "," "
"'64","'000","'07","'000","'0000","6","林家慶","'999","'1","'0690711","34","台南市","專科","N"," "," "
"'64","'000","'07","'000","'0000","7","黃柏霖","'1","'1","'0561031","47","高雄市","碩士","Y","*"," "
"'64","'000","'07","'000","'0000","8","曾俊傑","'1","'1","'0650409","38","高雄市","大學","Y","*"," "
"'64","'000","'07","'000","'0000","9","洪平朗","'16","'1","'0440724","59","臺灣省","大學","Y"," "," "
"'64","'000","'07","'000","'0000","10","張美瑛","'999","'2","'0510927","52","高雄市","大學","N"," "," "
"'64","'000","'07","'000","'0000","11","林進興","'16","'1","'0420512","61","高雄市","博士","N"," "," "
"'64","'000","'07","'000","'0000","12","何權峰","'16","'1","'0690401","34","高雄市","大學","N","*"," "
"'64","'000","'07","'000","'0000","13","林武忠","'16","'1","'0440718","59","高雄市","碩士","Y","*"," "
"'64","'000","'07","'000","'0000","14","郭國志","'999","'1","'0370101","66","台南市","專科","N"," "," "
"'64","'000","'07","'000","'0000","15","康裕成","'16","'2","'0450304","58","台北市","碩士","Y","*"," "
"'64","'000","'07","'000","'0000","16","黃淑美","'95","'2","'0480128","55","高雄市","碩士","Y","*"," "
"'64","'000","'08","'000","'0000","1","黃紹庭","'1","'1","'0590111","44","高雄市","碩士","N","*"," "
"'64","'000","'08","'000","'0000","2","郭建盟","'16","'1","'0590720","44","台北市","碩士","Y","*"," "
"'64","'000","'08","'000","'0000","3","吳益政","'90","'1","'0520404","51","臺灣省","碩士","Y","*"," "
"'64","'000","'08","'000","'0000","4","許崑源","'1","'1","'0460501","57","高雄市","高中","Y","*"," "
"'64","'000","'08","'000","'0000","5","王芳萍","'199","'2","'0550802","48","臺灣省","碩士","N"," "," "
"'64","'000","'08","'000","'0000","6","蕭永達","'16","'1","'0540623","49","臺灣省","碩士","Y","*"," "
"'64","'000","'08","'000","'0000","7","楊定國","'95","'1","'0511110","52","高雄市","碩士","N"," "," "
"'64","'000","'08","'000","'0000","8","周玲妏","'16","'2","'0561216","46","高雄市","大學","Y","*"," "
"'64","'000","'08","'000","'0000","9","陳若翠","'1","'2","'0580429","45","臺灣省","碩士","N"," "," "
"'64","'000","'09","'000","'0000","1","楊承翰","'999","'1","'0760403","27","台南市","大學","N"," "," "
"'64","'000","'09","'000","'0000","2","徐榮延","'106","'1","'0380902","65","臺灣省","碩士","Y"," "," "
"'64","'000","'09","'000","'0000","3","鄭復華","'90","'2","'0510815","52","高雄市","專科","N"," "," "
"'64","'000","'09","'000","'0000","4","羅鼎城","'16","'1","'0650805","38","高雄市","碩士","N","*"," "
"'64","'000","'09","'000","'0000","5","陳慧芬","'95","'2","'0591127","44","高雄市","大學","N"," "," "
"'64","'000","'09","'000","'0000","6","張漢忠","'16","'1","'0421028","61","高雄市","高中","Y","*"," "
"'64","'000","'09","'000","'0000","7","蘇炎城","'16","'1","'0410101","62","高雄市","專科","Y"," "," "
"'64","'000","'09","'000","'0000","8","李政憲","'999","'1","'0450702","58","高雄市","高中","N"," "," "
"'64","'000","'09","'000","'0000","9","楊見福","'999","'1","'0411202","61","高雄市","其他","N","*"," "
"'64","'000","'09","'000","'0000","10","羅章福","'999","'1","'0500102","53","臺灣省","高中","N"," "," "
"'64","'000","'09","'000","'0000","11","陳慧文","'16","'2","'0630728","40","高雄市","碩士","Y","*"," "
"'64","'000","'09","'000","'0000","12","劉德林","'1","'1","'0501107","53","高雄市","大學","Y","*"," "
"'64","'000","'09","'000","'0000","13","郭素桃","'999","'2","'0460806","57","台南市","大學","N"," "," "
"'64","'000","'09","'000","'0000","14","林景元","'999","'1","'0141019","89","高雄市","專科","N"," "," "
"'64","'000","'09","'000","'0000","15","陳粹鑾","'1","'2","'0551201","47","高雄市","專科","Y","*"," "
"'64","'000","'09","'000","'0000","16","張育華","'199","'2","'0531031","50","高雄市","碩士","N"," "," "
"'64","'000","'09","'000","'0000","17","李雅靜","'1","'2","'0661224","36","高雄市","碩士","Y","*"," "
"'64","'000","'09","'000","'0000","18","顏曉菁","'16","'2","'0630203","40","高雄市","碩士","Y","*"," "
"'64","'000","'10","'000","'0000","1","王聖仁","'16","'1","'0490418","54","臺灣省","高中","N","*"," "
"'64","'000","'10","'000","'0000","2","陳信瑜","'16","'2","'0571104","46","高雄市","碩士","Y","*"," "
"'64","'000","'10","'000","'0000","3","鄭光峰","'16","'1","'0550204","48","臺灣省","碩士","Y","*"," "
"'64","'000","'10","'000","'0000","4","李順進","'106","'1","'0471027","56","高雄市","碩士","Y","*"," "
"'64","'000","'10","'000","'0000","5","林宛蓉","'16","'2","'0490831","54","臺灣省","碩士","Y","*"," "
"'64","'000","'10","'000","'0000","6","蔡武宏","'1","'1","'0670323","36","高雄市","大學","N"," "," "
"'64","'000","'10","'000","'0000","7","陳麗娜","'1","'2","'0590310","44","臺灣省","大學","Y","*"," "
"'64","'000","'10","'000","'0000","8","陳信諭","'999","'1","'0770607","26","高雄市","大學","N"," "," "
"'64","'000","'10","'000","'0000","9","蕭吉男","'95","'1","'0651223","37","臺灣省","碩士","N"," "," "
"'64","'000","'10","'000","'0000","10","曾麗燕","'1","'2","'0420220","61","高雄市","碩士","Y","*"," "
"'64","'000","'10","'000","'0000","11","吳銘賜","'16","'1","'0541202","48","高雄市","專科","N","*"," "
"'64","'000","'11","'000","'0000","1","李雨庭","'16","'2","'0620930","41","臺灣省","高中","N","!"," "
"'64","'000","'11","'000","'0000","2","洪秀錦","'1","'2","'0500310","53","高雄市","高中","Y"," "," "
"'64","'000","'11","'000","'0000","3","徐瑀岑","'999","'2","'0701001","33","高雄市","大學","N"," "," "
"'64","'000","'11","'000","'0000","4","韓賜村","'16","'1","'0480706","55","高雄市","碩士","Y","-"," "
"'64","'000","'11","'000","'0000","5","黃天煌","'1","'1","'0510915","52","高雄市","專科","Y","*"," "
"'64","'000","'11","'000","'0000","6","王耀裕","'1","'1","'0500714","53","高雄市","碩士","N","*"," "
"'64","'000","'11","'000","'0000","7","蔡昌達","'16","'1","'0590529","44","高雄市","碩士","Y","*"," "
"'64","'000","'11","'000","'0000","8","張禾宜","'95","'2","'0480717","55","高雄市","碩士","N"," "," "
