"'10","'005","'04","'110","'0001","411","40","1","41","59","0","6","2","6","0","2","0","0","69.49","33.33"
"'10","'005","'04","'110","'0002","412","36","1","37","49","0","6","2","6","0","2","0","0","75.51","33.33"
"'10","'005","'04","'110","'0003","413","234","2","236","317","0","6","2","6","0","2","0","0","74.45","33.33"
"'10","'005","'04","'110","'0004","414","10","0","10","10","0","6","2","6","0","2","0","0","100","33.33"
"'10","'005","'04","'110","'0005","415","13","0","13","17","0","6","2","6","0","2","0","0","76.47","33.33"
"'10","'005","'04","'110","'0006","416","5","0","5","7","0","6","2","6","0","2","0","0","71.43","33.33"
"'10","'005","'04","'110","'0007","417","2","0","2","3","0","6","2","6","0","2","0","0","66.67","33.33"
"'10","'005","'04","'110","'0008","418","263","3","266","379","0","6","2","6","0","2","0","0","70.18","33.33"
"'10","'005","'04","'110","'0009","419","438","18","456","630","0","6","2","6","0","2","0","0","72.38","33.33"
"'10","'013","'04","'240","'0001","613","198","1","199","240","0","3","1","3","0","1","0","0","82.92","33.33"
"'10","'013","'04","'240","'0002","614","114","1","115","132","0","3","1","3","0","1","0","0","87.12","33.33"
"'10","'013","'04","'240","'0003","616","229","6","235","306","0","3","1","3","0","1","0","0","76.8","33.33"
"'10","'013","'04","'240","'0004","617","132","4","136","166","0","3","1","3","0","1","0","0","81.93","33.33"
"'10","'013","'04","'240","'0005","615","44","0","44","50","0","3","1","3","0","1","0","0","88","33.33"
"'10","'013","'04","'240","'0006","618","143","6","149","185","0","3","1","3","0","1","0","0","80.54","33.33"
"'10","'013","'04","'240","'0007","619","29","2","31","35","0","3","1","3","0","1","0","0","88.57","33.33"
"'10","'013","'04","'240","'0008","620","23","0","23","27","0","3","1","3","0","1","0","0","85.19","33.33"
"'10","'015","'02","'080","'0001","229","297","6","303","396","0","9","6","6","3","4","2","0","76.52","66.67"
"'10","'015","'02","'080","'0001","230","418","6","424","531","0","9","6","6","3","4","2","0","79.85","66.67"
"'10","'015","'02","'080","'0001","231","192","4","196","311","0","9","6","6","3","4","2","0","63.02","66.67"
"'10","'015","'02","'080","'0002","232","432","11","443","562","0","9","6","6","3","4","2","0","78.83","66.67"
"'10","'015","'02","'080","'0003","233","255","6","261","315","0","9","6","6","3","4","2","0","82.86","66.67"
"'10","'015","'02","'080","'0004","228","447","11","458","611","0","9","6","6","3","4","2","0","74.96","66.67"
"'10","'015","'02","'080","'0005","227","454","5","459","634","0","9","6","6","3","4","2","0","72.4","66.67"
"'10","'015","'03","'030","'0001","254","69","9","78","130","0","2","1","1","1","0","1","0","60","50"
"'10","'015","'03","'030","'0001","255","35","3","38","71","0","2","1","1","1","0","1","0","53.52","50"
"'10","'015","'03","'030","'0001","256","57","4","61","112","0","2","1","1","1","0","1","0","54.46","50"
"'10","'015","'03","'030","'0001","257","29","1","30","54","0","2","1","1","1","0","1","0","55.56","50"
"'10","'015","'03","'030","'0001","258","19","1","20","38","0","2","1","1","1","0","1","0","52.63","50"
"'10","'015","'03","'030","'0002","260","43","0","43","83","0","2","1","1","1","0","1","0","51.81","50"
"'10","'015","'03","'030","'0002","261","41","0","41","75","0","2","1","1","1","0","1","0","54.67","50"
"'10","'015","'03","'030","'0003","264","90","3","93","176","0","2","1","1","1","0","1","0","52.84","50"
"'10","'015","'03","'030","'0004","262","6","0","6","15","0","2","1","1","1","0","1","0","40","50"
"'10","'015","'03","'030","'0004","263","49","2","51","92","0","2","1","1","1","0","1","0","55.43","50"
"'10","'015","'03","'030","'0005","259","28","0","28","44","0","2","1","1","1","0","1","0","63.64","50"
"'10","'015","'03","'030","'0006","265","146","5","151","218","0","2","1","1","1","0","1","0","69.27","50"
"'10","'015","'03","'030","'0007","266","157","7","164","242","0","2","1","1","1","0","1","0","67.77","50"
"'10","'015","'03","'030","'0014","275","31","4","35","59","0","2","1","1","1","0","1","0","59.32","50"
"'10","'015","'03","'030","'0015","276","121","2","123","210","0","2","1","1","1","0","1","0","58.57","50"
"'10","'015","'03","'070","'0001","211","41","1","42","65","0","5","3","4","1","3","0","0","64.62","60"
"'10","'015","'03","'070","'0002","210","217","8","225","347","0","5","3","4","1","3","0","0","64.84","60"
"'10","'015","'03","'070","'0003","212","463","10","473","646","0","5","3","4","1","3","0","0","73.22","60"
"'10","'015","'03","'070","'0004","213","447","19","466","658","0","5","3","4","1","3","0","0","70.82","60"
"'10","'015","'03","'070","'0005","214","245","4","249","361","0","5","3","4","1","3","0","0","68.98","60"
"'10","'015","'03","'070","'0006","221","50","3","53","81","0","5","3","4","1","3","0","0","65.43","60"
"'10","'015","'03","'070","'0007","222","164","1","165","230","0","5","3","4","1","3","0","0","71.74","60"
"'10","'015","'03","'070","'0007","223","3","1","4","5","0","5","3","4","1","3","0","0","80","60"
"'10","'015","'03","'070","'0008","224","150","3","153","206","0","5","3","4","1","3","0","0","74.27","60"
"'10","'015","'03","'070","'0009","225","13","2","15","26","0","5","3","4","1","3","0","0","57.69","60"
"'10","'015","'03","'070","'0010","226","11","2","13","19","0","5","3","4","1","3","0","0","68.42","60"
"'10","'015","'03","'090","'0001","241","39","0","39","61","0","8","4","7","1","3","1","0","63.93","50"
"'10","'015","'03","'090","'0001","242","81","4","85","138","0","8","4","7","1","3","1","0","61.59","50"
"'10","'015","'03","'090","'0002","243","39","0","39","62","0","8","4","7","1","3","1","0","62.9","50"
"'10","'015","'03","'090","'0002","244","152","4","156","241","0","8","4","7","1","3","1","0","64.73","50"
"'10","'015","'03","'090","'0003","245","121","4","125","176","0","8","4","7","1","3","1","0","71.02","50"
"'10","'015","'03","'090","'0004","246","93","3","96","158","0","8","4","7","1","3","1","0","60.76","50"
"'10","'015","'03","'090","'0005","247","144","3","147","222","0","8","4","7","1","3","1","0","66.22","50"
"'10","'015","'03","'090","'0006","248","327","9","336","482","0","8","4","7","1","3","1","0","69.71","50"
"'10","'015","'03","'090","'0007","249","397","14","411","595","0","8","4","7","1","3","1","0","69.08","50"
"'10","'015","'03","'090","'0008","250","144","2","146","215","0","8","4","7","1","3","1","0","67.91","50"
"'10","'015","'03","'090","'0009","251","141","13","154","249","0","8","4","7","1","3","1","0","61.85","50"
"'10","'015","'03","'090","'0010","252","379","12","391","594","0","8","4","7","1","3","1","0","65.82","50"
"'10","'015","'03","'090","'0011","253","160","2","162","222","0","8","4","7","1","3","1","0","72.97","50"
"'10","'015","'03","'100","'0001","277","39","7","46","87","0","3","2","3","0","2","0","0","52.87","66.67"
"'10","'015","'03","'100","'0002","278","71","2","73","124","0","3","2","3","0","2","0","0","58.87","66.67"
"'10","'015","'03","'100","'0003","279","90","1","91","150","0","3","2","3","0","2","0","0","60.67","66.67"
"'10","'015","'03","'100","'0004","280","83","4","87","124","0","3","2","3","0","2","0","0","70.16","66.67"
"'10","'015","'03","'100","'0005","281","51","1","52","83","0","3","2","3","0","2","0","0","62.65","66.67"
"'10","'015","'03","'100","'0006","282","9","1","10","13","0","3","2","3","0","2","0","0","76.92","66.67"
"'10","'015","'03","'100","'0007","283","17","0","17","25","0","3","2","3","0","2","0","0","68","66.67"
"'10","'015","'03","'100","'0008","284","13","2","15","16","0","3","2","3","0","2","0","0","93.75","66.67"
"'10","'015","'03","'100","'0009","285","22","4","26","39","0","3","2","3","0","2","0","0","66.67","66.67"
"'10","'015","'03","'100","'0010","286","8","0","8","9","0","3","2","3","0","2","0","0","88.89","66.67"
"'10","'015","'03","'100","'0011","287","225","6","231","361","0","3","2","3","0","2","0","0","63.99","66.67"
"'10","'015","'03","'100","'0012","288","34","3","37","53","0","3","2","3","0","2","0","0","69.81","66.67"
"'10","'015","'03","'100","'0013","289","51","2","53","95","0","3","2","3","0","2","0","0","55.79","66.67"
"'10","'015","'04","'020","'0001","195","22","1","23","32","0","3","2","3","0","2","0","0","71.88","66.67"
"'10","'015","'04","'020","'0002","196","14","0","14","22","0","3","2","3","0","2","0","0","63.64","66.67"
"'10","'015","'04","'020","'0003","197","8","1","9","17","0","3","2","3","0","2","0","0","52.94","66.67"
"'10","'015","'04","'020","'0004","198","34","3","37","60","0","3","2","3","0","2","0","0","61.67","66.67"
"'10","'015","'04","'020","'0005","199","270","4","274","397","0","3","2","3","0","2","0","0","69.02","66.67"
"'10","'015","'04","'020","'0005","200","63","6","69","107","0","3","2","3","0","2","0","0","64.49","66.67"
"'10","'015","'04","'020","'0006","201","143","2","145","191","0","3","2","3","0","2","0","0","75.92","66.67"
"'10","'015","'04","'020","'0006","202","126","4","130","161","0","3","2","3","0","2","0","0","80.75","66.67"
"'10","'015","'04","'020","'0007","203","68","1","69","108","0","3","2","3","0","2","0","0","63.89","66.67"
"'10","'015","'04","'020","'0007","204","19","0","19","28","0","3","2","3","0","2","0","0","67.86","66.67"
"'10","'015","'04","'020","'0008","205","5","0","5","8","0","3","2","3","0","2","0","0","62.5","66.67"
"'10","'015","'04","'020","'0009","206","2","1","3","9","0","3","2","3","0","2","0","0","33.33","66.67"
"'10","'015","'04","'020","'0010","207","19","0","19","30","0","3","2","3","0","2","0","0","63.33","66.67"
"'10","'015","'04","'020","'0011","208","70","1","71","113","0","3","2","3","0","2","0","0","62.83","66.67"
"'10","'015","'04","'020","'0012","209","27","0","27","38","0","3","2","3","0","2","0","0","71.05","66.67"
"'10","'015","'04","'030","'0008","267","358","28","386","651","0","3","2","2","1","1","1","0","59.29","66.67"
"'10","'015","'04","'030","'0009","268","112","4","116","201","0","3","2","2","1","1","1","0","57.71","66.67"
"'10","'015","'04","'030","'0010","269","178","7","185","333","0","3","2","2","1","1","1","0","55.56","66.67"
"'10","'015","'04","'030","'0010","270","201","10","211","347","0","3","2","2","1","1","1","0","60.81","66.67"
"'10","'015","'04","'030","'0011","271","203","13","216","350","0","3","2","2","1","1","1","0","61.71","66.67"
"'10","'015","'04","'030","'0011","272","368","13","381","750","0","3","2","2","1","1","1","0","50.8","66.67"
"'10","'015","'04","'030","'0012","273","298","13","311","493","0","3","2","2","1","1","1","0","63.08","66.67"
"'10","'015","'04","'030","'0013","274","481","21","502","673","0","3","2","2","1","1","1","0","74.59","66.67"
"'10","'015","'04","'040","'0001","82","3","0","3","5","0","4","2","4","0","2","0","0","60","50"
"'10","'015","'04","'040","'0001","83","47","1","48","67","0","4","2","4","0","2","0","0","71.64","50"
"'10","'015","'04","'040","'0002","84","23","0","23","29","0","4","2","4","0","2","0","0","79.31","50"
"'10","'015","'04","'040","'0002","85","19","3","22","25","0","4","2","4","0","2","0","0","88","50"
"'10","'015","'04","'040","'0003","86","10","0","10","22","0","4","2","4","0","2","0","0","45.45","50"
"'10","'015","'04","'040","'0003","87","140","11","151","244","0","4","2","4","0","2","0","0","61.89","50"
"'10","'015","'04","'040","'0003","88","70","6","76","116","0","4","2","4","0","2","0","0","65.52","50"
"'10","'015","'04","'040","'0004","92","167","5","172","275","0","4","2","4","0","2","0","0","62.55","50"
"'10","'015","'04","'040","'0004","93","153","4","157","292","0","4","2","4","0","2","0","0","53.77","50"
"'10","'015","'04","'040","'0004","94","81","9","90","160","0","4","2","4","0","2","0","0","56.25","50"
"'10","'015","'04","'040","'0005","95","96","6","102","157","0","4","2","4","0","2","0","0","64.97","50"
"'10","'015","'04","'040","'0006","96","139","5","144","226","0","4","2","4","0","2","0","0","63.72","50"
"'10","'015","'04","'040","'0006","97","87","6","93","153","0","4","2","4","0","2","0","0","60.78","50"
"'10","'015","'04","'040","'0006","98","135","8","143","231","0","4","2","4","0","2","0","0","61.9","50"
"'10","'015","'04","'040","'0007","99","149","8","157","231","0","4","2","4","0","2","0","0","67.97","50"
"'10","'015","'04","'040","'0007","100","76","3","79","115","0","4","2","4","0","2","0","0","68.7","50"
"'10","'015","'04","'040","'0008","89","226","5","231","337","0","4","2","4","0","2","0","0","68.55","50"
"'10","'015","'04","'040","'0008","90","257","10","267","411","0","4","2","4","0","2","0","0","64.96","50"
"'10","'015","'04","'040","'0008","91","27","0","27","40","0","4","2","4","0","2","0","0","67.5","50"
"'10","'015","'04","'050","'0001","147","36","5","41","72","0","4","2","4","0","2","0","0","56.94","50"
"'10","'015","'04","'050","'0001","148","15","0","15","27","0","4","2","4","0","2","0","0","55.56","50"
"'10","'015","'04","'050","'0001","149","19","0","19","36","0","4","2","4","0","2","0","0","52.78","50"
"'10","'015","'04","'050","'0001","150","38","4","42","80","0","4","2","4","0","2","0","0","52.5","50"
"'10","'015","'04","'050","'0001","151","21","2","23","51","0","4","2","4","0","2","0","0","45.1","50"
"'10","'015","'04","'050","'0001","152","30","2","32","53","0","4","2","4","0","2","0","0","60.38","50"
"'10","'015","'04","'050","'0002","153","21","2","23","47","0","4","2","4","0","2","0","0","48.94","50"
"'10","'015","'04","'050","'0002","154","31","3","34","65","0","4","2","4","0","2","0","0","52.31","50"
"'10","'015","'04","'050","'0002","155","30","0","30","54","0","4","2","4","0","2","0","0","55.56","50"
"'10","'015","'04","'050","'0002","156","17","2","19","32","0","4","2","4","0","2","0","0","59.38","50"
"'10","'015","'04","'050","'0003","119","54","3","57","101","0","4","2","4","0","2","0","0","56.44","50"
"'10","'015","'04","'050","'0003","120","54","2","56","101","0","4","2","4","0","2","0","0","55.45","50"
"'10","'015","'04","'050","'0003","121","231","15","246","394","0","4","2","4","0","2","0","0","62.44","50"
"'10","'015","'04","'050","'0004","115","39","0","39","67","0","4","2","4","0","2","0","0","58.21","50"
"'10","'015","'04","'050","'0004","116","31","3","34","60","0","4","2","4","0","2","0","0","56.67","50"
"'10","'015","'04","'050","'0004","117","44","2","46","86","0","4","2","4","0","2","0","0","53.49","50"
"'10","'015","'04","'050","'0004","118","28","1","29","64","0","4","2","4","0","2","0","0","45.31","50"
"'10","'015","'04","'050","'0005","122","91","1","92","141","0","4","2","4","0","2","0","0","65.25","50"
"'10","'015","'04","'050","'0005","123","50","0","50","84","0","4","2","4","0","2","0","0","59.52","50"
"'10","'015","'04","'050","'0005","124","43","2","45","95","0","4","2","4","0","2","0","0","47.37","50"
"'10","'015","'04","'050","'0005","125","39","1","40","67","0","4","2","4","0","2","0","0","59.7","50"
"'10","'015","'04","'050","'0005","126","71","8","79","125","0","4","2","4","0","2","0","0","63.2","50"
"'10","'015","'04","'050","'0006","127","45","5","50","88","0","4","2","4","0","2","0","0","56.82","50"
"'10","'015","'04","'050","'0006","128","52","2","54","86","0","4","2","4","0","2","0","0","62.79","50"
"'10","'015","'04","'050","'0006","129","47","5","52","133","0","4","2","4","0","2","0","0","39.1","50"
"'10","'015","'04","'050","'0006","130","43","3","46","81","0","4","2","4","0","2","0","0","56.79","50"
"'10","'015","'04","'050","'0007","131","58","3","61","110","0","4","2","4","0","2","0","0","55.45","50"
"'10","'015","'04","'050","'0007","132","61","7","68","107","0","4","2","4","0","2","0","0","63.55","50"
"'10","'015","'04","'050","'0008","133","145","8","153","313","0","4","2","4","0","2","0","0","48.88","50"
"'10","'015","'04","'050","'0009","134","94","11","105","204","0","4","2","4","0","2","0","0","51.47","50"
"'10","'015","'04","'050","'0010","135","14","3","17","22","0","4","2","4","0","2","0","0","77.27","50"
"'10","'015","'04","'050","'0010","136","105","3","108","173","0","4","2","4","0","2","0","0","62.43","50"
"'10","'015","'04","'050","'0010","137","154","6","160","285","0","4","2","4","0","2","0","0","56.14","50"
"'10","'015","'04","'050","'0011","138","33","0","33","52","0","4","2","4","0","2","0","0","63.46","50"
"'10","'015","'04","'050","'0011","139","26","0","26","46","0","4","2","4","0","2","0","0","56.52","50"
"'10","'015","'04","'050","'0011","140","29","4","33","63","0","4","2","4","0","2","0","0","52.38","50"
"'10","'015","'04","'050","'0012","141","338","5","343","485","0","4","2","4","0","2","0","0","70.72","50"
"'10","'015","'04","'050","'0012","142","219","7","226","373","0","4","2","4","0","2","0","0","60.59","50"
"'10","'015","'04","'050","'0012","143","133","3","136","217","0","4","2","4","0","2","0","0","62.67","50"
"'10","'015","'04","'050","'0013","144","119","12","131","212","0","4","2","4","0","2","0","0","61.79","50"
"'10","'015","'04","'050","'0013","145","225","5","230","343","0","4","2","4","0","2","0","0","67.06","50"
"'10","'015","'04","'050","'0013","146","132","7","139","234","0","4","2","4","0","2","0","0","59.4","50"
"'10","'015","'04","'050","'0014","157","109","6","115","197","0","4","2","4","0","2","0","0","58.38","50"
"'10","'015","'04","'050","'0014","158","100","8","108","167","0","4","2","4","0","2","0","0","64.67","50"
"'10","'015","'04","'050","'0014","159","84","1","85","144","0","4","2","4","0","2","0","0","59.03","50"
"'10","'015","'04","'050","'0014","160","118","4","122","201","0","4","2","4","0","2","0","0","60.7","50"
"'10","'015","'04","'050","'0014","161","85","6","91","157","0","4","2","4","0","2","0","0","57.96","50"
"'10","'015","'04","'050","'0015","162","166","6","172","262","0","4","2","4","0","2","0","0","65.65","50"
"'10","'015","'04","'050","'0015","163","170","4","174","288","0","4","2","4","0","2","0","0","60.42","50"
"'10","'015","'04","'050","'0015","164","204","8","212","348","0","4","2","4","0","2","0","0","60.92","50"
"'10","'015","'04","'050","'0015","165","258","11","269","439","0","4","2","4","0","2","0","0","61.28","50"
"'10","'015","'04","'050","'0016","166","133","9","142","236","0","4","2","4","0","2","0","0","60.17","50"
"'10","'015","'04","'050","'0016","167","115","15","130","236","0","4","2","4","0","2","0","0","55.08","50"
"'10","'015","'04","'050","'0017","168","128","4","132","214","0","4","2","4","0","2","0","0","61.68","50"
"'10","'015","'04","'050","'0017","169","96","7","103","178","0","4","2","4","0","2","0","0","57.87","50"
"'10","'015","'04","'050","'0017","170","91","5","96","167","0","4","2","4","0","2","0","0","57.49","50"
"'10","'015","'04","'050","'0017","171","109","7","116","255","0","4","2","4","0","2","0","0","45.49","50"
"'10","'015","'04","'050","'0018","172","78","6","84","131","0","4","2","4","0","2","0","0","64.12","50"
"'10","'015","'04","'050","'0018","173","110","6","116","200","0","4","2","4","0","2","0","0","58","50"
"'10","'015","'04","'060","'0001","175","30","1","31","43","0","7","3","5","2","2","1","0","72.09","42.86"
"'10","'015","'04","'060","'0002","174","249","6","255","333","0","7","3","5","2","2","1","0","76.58","42.86"
"'10","'015","'04","'060","'0003","176","64","3","67","110","0","7","3","5","2","2","1","0","60.91","42.86"
"'10","'015","'04","'060","'0003","177","37","2","39","61","0","7","3","5","2","2","1","0","63.93","42.86"
"'10","'015","'04","'060","'0004","178","54","4","58","75","0","7","3","5","2","2","1","0","77.33","42.86"
"'10","'015","'04","'060","'0004","179","69","4","73","112","0","7","3","5","2","2","1","0","65.18","42.86"
"'10","'015","'04","'060","'0005","180","119","6","125","202","0","7","3","5","2","2","1","0","61.88","42.86"
"'10","'015","'04","'060","'0006","183","91","2","93","131","0","7","3","5","2","2","1","0","70.99","42.86"
"'10","'015","'04","'060","'0007","181","65","1","66","114","0","7","3","5","2","2","1","0","57.89","42.86"
"'10","'015","'04","'060","'0007","182","282","8","290","419","0","7","3","5","2","2","1","0","69.21","42.86"
"'10","'015","'04","'060","'0008","184","463","17","480","645","0","7","3","5","2","2","1","0","74.42","42.86"
"'10","'015","'04","'060","'0009","185","201","8","209","297","0","7","3","5","2","2","1","0","70.37","42.86"
"'10","'015","'04","'060","'0010","186","150","8","158","245","0","7","3","5","2","2","1","0","64.49","42.86"
"'10","'015","'04","'060","'0010","187","30","2","32","42","0","7","3","5","2","2","1","0","76.19","42.86"
"'10","'015","'04","'060","'0011","188","88","4","92","137","0","7","3","5","2","2","1","0","67.15","42.86"
"'10","'015","'04","'060","'0011","189","48","3","51","83","0","7","3","5","2","2","1","0","61.45","42.86"
"'10","'015","'04","'060","'0011","190","43","3","46","60","0","7","3","5","2","2","1","0","76.67","42.86"
"'10","'015","'04","'060","'0012","191","87","3","90","132","0","7","3","5","2","2","1","0","68.18","42.86"
"'10","'015","'04","'060","'0013","192","388","8","396","571","0","7","3","5","2","2","1","0","69.35","42.86"
"'10","'015","'04","'060","'0014","194","276","12","288","403","0","7","3","5","2","2","1","0","71.46","42.86"
"'10","'015","'04","'060","'0015","193","116","9","125","179","0","7","3","5","2","2","1","0","69.83","42.86"
"'10","'015","'04","'070","'0011","215","489","12","501","708","0","4","3","3","1","2","1","0","70.76","75"
"'10","'015","'04","'070","'0011","216","69","3","72","132","0","4","3","3","1","2","1","0","54.55","75"
"'10","'015","'04","'070","'0012","217","298","4","302","405","0","4","3","3","1","2","1","0","74.57","75"
"'10","'015","'04","'070","'0012","218","155","5","160","242","0","4","3","3","1","2","1","0","66.12","75"
"'10","'015","'04","'070","'0013","219","495","10","505","723","0","4","3","3","1","2","1","0","69.85","75"
"'10","'015","'04","'070","'0014","220","505","10","515","735","0","4","3","3","1","2","1","0","70.07","75"
"'10","'015","'05","'010","'0001","19","62","5","67","116","0","4","2","3","1","2","0","0","57.76","50"
"'10","'015","'05","'010","'0002","14","48","0","48","87","0","4","2","3","1","2","0","0","55.17","50"
"'10","'015","'05","'010","'0002","15","33","5","38","63","0","4","2","3","1","2","0","0","60.32","50"
"'10","'015","'05","'010","'0003","23","8","0","8","14","0","4","2","3","1","2","0","0","57.14","50"
"'10","'015","'05","'010","'0004","29","7","0","7","13","0","4","2","3","1","2","0","0","53.85","50"
"'10","'015","'05","'010","'0005","31","12","0","12","19","0","4","2","3","1","2","0","0","63.16","50"
"'10","'015","'05","'010","'0006","33","14","1","15","32","0","4","2","3","1","2","0","0","46.88","50"
"'10","'015","'05","'010","'0006","34","34","3","37","67","0","4","2","3","1","2","0","0","55.22","50"
"'10","'015","'05","'010","'0006","35","19","3","22","35","0","4","2","3","1","2","0","0","62.86","50"
"'10","'015","'05","'010","'0007","52","12","2","14","78","0","4","2","3","1","2","0","0","17.95","50"
"'10","'015","'05","'010","'0007","53","16","0","16","26","0","4","2","3","1","2","0","0","61.54","50"
"'10","'015","'05","'010","'0008","49","11","0","11","24","0","4","2","3","1","2","0","0","45.83","50"
"'10","'015","'05","'010","'0008","50","21","2","23","33","0","4","2","3","1","2","0","0","69.7","50"
"'10","'015","'05","'010","'0008","51","21","0","21","36","0","4","2","3","1","2","0","0","58.33","50"
"'10","'015","'05","'010","'0009","1","27","2","29","51","0","4","2","3","1","2","0","0","56.86","50"
"'10","'015","'05","'010","'0010","5","45","4","49","96","0","4","2","3","1","2","0","0","51.04","50"
"'10","'015","'05","'010","'0010","6","30","1","31","58","0","4","2","3","1","2","0","0","53.45","50"
"'10","'015","'05","'010","'0010","7","43","4","47","90","0","4","2","3","1","2","0","0","52.22","50"
"'10","'015","'05","'010","'0012","30","9","0","9","13","0","4","2","3","1","2","0","0","69.23","50"
"'10","'015","'05","'010","'0013","28","5","2","7","14","0","4","2","3","1","2","0","0","50","50"
"'10","'015","'05","'010","'0014","38","60","6","66","106","0","4","2","3","1","2","0","0","62.26","50"
"'10","'015","'05","'010","'0014","39","55","5","60","108","0","4","2","3","1","2","0","0","55.56","50"
"'10","'015","'05","'010","'0014","40","12","0","12","37","0","4","2","3","1","2","0","0","32.43","50"
"'10","'015","'05","'010","'0015","54","18","3","21","37","0","4","2","3","1","2","0","0","56.76","50"
"'10","'015","'05","'010","'0016","69","37","3","40","77","0","4","2","3","1","2","0","0","51.95","50"
"'10","'015","'05","'010","'0016","70","60","5","65","123","0","4","2","3","1","2","0","0","52.85","50"
"'10","'015","'05","'010","'0016","71","37","1","38","73","0","4","2","3","1","2","0","0","52.05","50"
"'10","'015","'05","'010","'0016","72","30","0","30","61","0","4","2","3","1","2","0","0","49.18","50"
"'10","'015","'05","'010","'0017","16","38","0","38","71","0","4","2","3","1","2","0","0","53.52","50"
"'10","'015","'05","'010","'0017","17","64","4","68","121","0","4","2","3","1","2","0","0","56.2","50"
"'10","'015","'05","'010","'0017","18","61","3","64","105","0","4","2","3","1","2","0","0","60.95","50"
"'10","'015","'05","'010","'0018","2","45","5","50","70","0","4","2","3","1","2","0","0","71.43","50"
"'10","'015","'05","'010","'0018","3","35","1","36","75","0","4","2","3","1","2","0","0","48","50"
"'10","'015","'05","'010","'0018","4","55","3","58","99","0","4","2","3","1","2","0","0","58.59","50"
"'10","'015","'05","'010","'0019","24","16","0","16","29","0","4","2","3","1","2","0","0","55.17","50"
"'10","'015","'05","'010","'0020","26","10","2","12","16","0","4","2","3","1","2","0","0","75","50"
"'10","'015","'05","'010","'0021","36","22","0","22","39","0","4","2","3","1","2","0","0","56.41","50"
"'10","'015","'05","'010","'0021","37","16","1","17","36","0","4","2","3","1","2","0","0","47.22","50"
"'10","'015","'05","'010","'0022","56","23","5","28","50","0","4","2","3","1","2","0","0","56","50"
"'10","'015","'05","'010","'0023","62","27","0","27","41","0","4","2","3","1","2","0","0","65.85","50"
"'10","'015","'05","'010","'0023","63","26","5","31","75","0","4","2","3","1","2","0","0","41.33","50"
"'10","'015","'05","'010","'0024","67","67","1","68","96","0","4","2","3","1","2","0","0","70.83","50"
"'10","'015","'05","'010","'0024","68","58","4","62","114","0","4","2","3","1","2","0","0","54.39","50"
"'10","'015","'05","'010","'0025","8","35","4","39","69","0","4","2","3","1","2","0","0","56.52","50"
"'10","'015","'05","'010","'0026","20","54","5","59","99","0","4","2","3","1","2","0","0","59.6","50"
"'10","'015","'05","'010","'0027","22","16","0","16","34","0","4","2","3","1","2","0","0","47.06","50"
"'10","'015","'05","'010","'0028","27","10","0","10","18","0","4","2","3","1","2","0","0","55.56","50"
"'10","'015","'05","'010","'0029","47","27","1","28","53","0","4","2","3","1","2","0","0","52.83","50"
"'10","'015","'05","'010","'0029","48","23","4","27","67","0","4","2","3","1","2","0","0","40.3","50"
"'10","'015","'05","'010","'0030","55","13","2","15","29","0","4","2","3","1","2","0","0","51.72","50"
"'10","'015","'05","'010","'0031","60","16","0","16","36","0","4","2","3","1","2","0","0","44.44","50"
"'10","'015","'05","'010","'0031","61","21","2","23","30","0","4","2","3","1","2","0","0","76.67","50"
"'10","'015","'05","'010","'0032","77","99","3","102","158","0","4","2","3","1","2","0","0","64.56","50"
"'10","'015","'05","'010","'0033","9","106","7","113","200","0","4","2","3","1","2","0","0","56.5","50"
"'10","'015","'05","'010","'0033","10","70","4","74","135","0","4","2","3","1","2","0","0","54.81","50"
"'10","'015","'05","'010","'0034","21","4","3","7","13","0","4","2","3","1","2","0","0","53.85","50"
"'10","'015","'05","'010","'0035","25","10","3","13","21","0","4","2","3","1","2","0","0","61.9","50"
"'10","'015","'05","'010","'0036","32","21","2","23","45","0","4","2","3","1","2","0","0","51.11","50"
"'10","'015","'05","'010","'0037","43","127","5","132","216","0","4","2","3","1","2","0","0","61.11","50"
"'10","'015","'05","'010","'0037","44","136","8","144","233","0","4","2","3","1","2","0","0","61.8","50"
"'10","'015","'05","'010","'0037","45","65","1","66","110","0","4","2","3","1","2","0","0","60","50"
"'10","'015","'05","'010","'0037","46","51","1","52","83","0","4","2","3","1","2","0","0","62.65","50"
"'10","'015","'05","'010","'0038","58","25","3","28","46","0","4","2","3","1","2","0","0","60.87","50"
"'10","'015","'05","'010","'0038","59","11","0","11","25","0","4","2","3","1","2","0","0","44","50"
"'10","'015","'05","'010","'0039","57","28","6","34","64","0","4","2","3","1","2","0","0","53.13","50"
"'10","'015","'05","'010","'0040","81","283","11","294","483","0","4","2","3","1","2","0","0","60.87","50"
"'10","'015","'05","'010","'0041","73","47","3","50","104","0","4","2","3","1","2","0","0","48.08","50"
"'10","'015","'05","'010","'0041","74","42","3","45","83","0","4","2","3","1","2","0","0","54.22","50"
"'10","'015","'05","'010","'0041","75","42","6","48","77","0","4","2","3","1","2","0","0","62.34","50"
"'10","'015","'05","'010","'0041","76","66","5","71","120","0","4","2","3","1","2","0","0","59.17","50"
"'10","'015","'05","'010","'0042","41","24","2","26","50","0","4","2","3","1","2","0","0","52","50"
"'10","'015","'05","'010","'0042","42","29","2","31","76","0","4","2","3","1","2","0","0","40.79","50"
"'10","'015","'05","'010","'0043","64","34","3","37","95","0","4","2","3","1","2","0","0","38.95","50"
"'10","'015","'05","'010","'0043","65","44","2","46","107","0","4","2","3","1","2","0","0","42.99","50"
"'10","'015","'05","'010","'0043","66","63","1","64","142","0","4","2","3","1","2","0","0","45.07","50"
"'10","'015","'05","'010","'0044","78","46","2","48","93","0","4","2","3","1","2","0","0","51.61","50"
"'10","'015","'05","'010","'0044","79","57","3","60","115","0","4","2","3","1","2","0","0","52.17","50"
"'10","'015","'05","'010","'0044","80","42","2","44","66","0","4","2","3","1","2","0","0","66.67","50"
"'10","'015","'05","'010","'0045","11","54","2","56","97","0","4","2","3","1","2","0","0","57.73","50"
"'10","'015","'05","'010","'0045","12","58","3","61","103","0","4","2","3","1","2","0","0","59.22","50"
"'10","'015","'05","'010","'0045","13","133","4","137","224","0","4","2","3","1","2","0","0","61.16","50"
"'10","'014","'02","'020","'0001","85","232","9","241","321","0","9","6","7","2","4","2","0","75.08","66.67"
"'10","'014","'02","'020","'0001","86","159","1","160","242","0","9","6","7","2","4","2","0","66.12","66.67"
"'10","'014","'02","'020","'0002","83","193","2","195","311","0","9","6","7","2","4","2","0","62.7","66.67"
"'10","'014","'02","'020","'0002","84","159","7","166","285","0","9","6","7","2","4","2","0","58.25","66.67"
"'10","'014","'02","'020","'0003","81","186","2","188","324","0","9","6","7","2","4","2","0","58.02","66.67"
"'10","'014","'02","'020","'0003","82","377","9","386","628","0","9","6","7","2","4","2","0","61.46","66.67"
"'10","'014","'02","'020","'0004","79","468","8","476","838","0","9","6","7","2","4","2","0","56.8","66.67"
"'10","'014","'02","'020","'0004","80","396","9","405","677","0","9","6","7","2","4","2","0","59.82","66.67"
"'10","'014","'02","'020","'0005","77","47","2","49","94","0","9","6","7","2","4","2","0","52.13","66.67"
"'10","'014","'02","'020","'0005","78","85","2","87","155","0","9","6","7","2","4","2","0","56.13","66.67"
"'10","'014","'02","'020","'0006","74","107","3","110","219","0","9","6","7","2","4","2","0","50.23","66.67"
"'10","'014","'02","'020","'0006","75","87","4","91","172","0","9","6","7","2","4","2","0","52.91","66.67"
"'10","'014","'02","'020","'0006","76","45","2","47","85","0","9","6","7","2","4","2","0","55.29","66.67"
"'10","'014","'02","'020","'0007","73","307","6","313","602","0","9","6","7","2","4","2","0","51.99","66.67"
"'10","'014","'02","'020","'0008","70","207","2","209","358","0","9","6","7","2","4","2","0","58.38","66.67"
"'10","'014","'02","'020","'0008","71","485","6","491","773","0","9","6","7","2","4","2","0","63.52","66.67"
"'10","'014","'02","'020","'0008","72","166","3","169","289","0","9","6","7","2","4","2","0","58.48","66.67"
"'10","'014","'02","'070","'0001","147","195","3","198","334","0","10","4","7","3","3","1","0","59.28","40"
"'10","'014","'02","'070","'0001","148","87","0","87","169","0","10","4","7","3","3","1","0","51.48","40"
"'10","'014","'02","'070","'0001","149","99","3","102","169","0","10","4","7","3","3","1","0","60.36","40"
"'10","'014","'02","'070","'0002","146","446","11","457","714","0","10","4","7","3","3","1","0","64.01","40"
"'10","'014","'02","'070","'0003","145","458","7","465","656","0","10","4","7","3","3","1","0","70.88","40"
"'10","'014","'02","'070","'0004","150","46","1","47","69","0","10","4","7","3","3","1","0","68.12","40"
"'10","'014","'02","'070","'0005","144","212","1","213","326","0","10","4","7","3","3","1","0","65.34","40"
"'10","'014","'02","'070","'0006","143","206","7","213","360","0","10","4","7","3","3","1","0","59.17","40"
"'10","'014","'02","'070","'0007","140","40","0","40","51","0","10","4","7","3","3","1","0","78.43","40"
"'10","'014","'02","'070","'0007","141","176","6","182","267","0","10","4","7","3","3","1","0","68.16","40"
"'10","'014","'02","'070","'0007","142","419","4","423","624","0","10","4","7","3","3","1","0","67.79","40"
"'10","'014","'02","'080","'0001","160","0","0","0","0","0","7","4","5","2","3","1","0","0","57.14"
"'10","'014","'02","'080","'0001","161","255","7","262","401","0","7","4","5","2","3","1","0","65.34","57.14"
"'10","'014","'02","'080","'0002","157","302","6","308","486","0","7","4","5","2","3","1","0","63.37","57.14"
"'10","'014","'02","'080","'0002","158","185","5","190","278","0","7","4","5","2","3","1","0","68.35","57.14"
"'10","'014","'02","'080","'0002","159","34","0","34","70","0","7","4","5","2","3","1","0","48.57","57.14"
"'10","'014","'02","'080","'0003","156","64","2","66","112","0","7","4","5","2","3","1","0","58.93","57.14"
"'10","'014","'02","'080","'0004","154","151","6","157","292","0","7","4","5","2","3","1","0","53.77","57.14"
"'10","'014","'02","'080","'0004","155","339","18","357","536","0","7","4","5","2","3","1","0","66.6","57.14"
"'10","'014","'02","'080","'0005","153","397","11","408","604","0","7","4","5","2","3","1","0","67.55","57.14"
"'10","'014","'02","'080","'0006","151","320","1","321","449","0","7","4","5","2","3","1","0","71.49","57.14"
"'10","'014","'02","'080","'0006","152","329","3","332","504","0","7","4","5","2","3","1","0","65.87","57.14"
"'10","'014","'02","'100","'0001","181","279","11","290","347","0","7","4","5","2","2","2","0","83.57","57.14"
"'10","'014","'02","'100","'0001","182","246","0","246","304","0","7","4","5","2","2","2","0","80.92","57.14"
"'10","'014","'02","'100","'0002","180","800","12","812","999","0","7","4","5","2","2","2","0","81.28","57.14"
"'10","'014","'02","'100","'0003","179","307","7","314","430","0","7","4","5","2","2","2","0","73.02","57.14"
"'10","'014","'02","'100","'0004","178","163","4","167","253","0","7","4","5","2","2","2","0","66.01","57.14"
"'10","'014","'02","'100","'0005","177","218","3","221","256","0","7","4","5","2","2","2","0","86.33","57.14"
"'10","'014","'03","'040","'0001","105","75","3","78","113","0","6","4","5","1","3","1","0","69.03","66.67"
"'10","'014","'03","'040","'0001","106","146","9","155","184","0","6","4","5","1","3","1","0","84.24","66.67"
"'10","'014","'03","'040","'0002","117","141","6","147","199","0","6","4","5","1","3","1","0","73.87","66.67"
"'10","'014","'03","'040","'0003","115","95","5","100","155","0","6","4","5","1","3","1","0","64.52","66.67"
"'10","'014","'03","'040","'0004","116","4","2","6","9","0","6","4","5","1","3","1","0","66.67","66.67"
"'10","'014","'03","'040","'0005","103","56","6","62","109","0","6","4","5","1","3","1","0","56.88","66.67"
"'10","'014","'03","'040","'0005","104","94","6","100","157","0","6","4","5","1","3","1","0","63.69","66.67"
"'10","'014","'03","'040","'0006","101","156","4","160","238","0","6","4","5","1","3","1","0","67.23","66.67"
"'10","'014","'03","'040","'0006","102","84","3","87","114","0","6","4","5","1","3","1","0","76.32","66.67"
"'10","'014","'03","'040","'0007","98","0","0","0","2","0","6","4","5","1","3","1","0","0","66.67"
"'10","'014","'03","'040","'0007","99","32","4","36","55","0","6","4","5","1","3","1","0","65.45","66.67"
"'10","'014","'03","'040","'0007","100","14","0","14","26","0","6","4","5","1","3","1","0","53.85","66.67"
"'10","'014","'03","'040","'0008","96","101","1","102","163","0","6","4","5","1","3","1","0","62.58","66.67"
"'10","'014","'03","'040","'0008","97","214","8","222","343","0","6","4","5","1","3","1","0","64.72","66.67"
"'10","'014","'03","'040","'0009","110","333","13","346","466","0","6","4","5","1","3","1","0","74.25","66.67"
"'10","'014","'03","'040","'0010","107","145","14","159","243","0","6","4","5","1","3","1","0","65.43","66.67"
"'10","'014","'03","'040","'0010","108","63","2","65","102","0","6","4","5","1","3","1","0","63.73","66.67"
"'10","'014","'03","'040","'0010","109","194","9","203","308","0","6","4","5","1","3","1","0","65.91","66.67"
"'10","'014","'03","'040","'0011","111","525","10","535","692","0","6","4","5","1","3","1","0","77.31","66.67"
"'10","'014","'03","'040","'0012","112","644","19","663","939","0","6","4","5","1","3","1","0","70.61","66.67"
"'10","'014","'03","'040","'0013","113","42","4","46","77","0","6","4","5","1","3","1","0","59.74","66.67"
"'10","'014","'03","'040","'0013","114","4","0","4","4","0","6","4","5","1","3","1","0","100","66.67"
"'10","'014","'03","'050","'0001","125","210","5","215","338","0","3","2","2","1","1","1","0","63.61","66.67"
"'10","'014","'03","'050","'0002","126","16","1","17","27","0","3","2","2","1","1","1","0","62.96","66.67"
"'10","'014","'03","'050","'0002","127","6","2","8","10","0","3","2","2","1","1","1","0","80","66.67"
"'10","'014","'03","'050","'0003","124","193","7","200","312","0","3","2","2","1","1","1","0","64.1","66.67"
"'10","'014","'03","'050","'0004","121","178","1","179","253","0","3","2","2","1","1","1","0","70.75","66.67"
"'10","'014","'03","'050","'0004","122","101","2","103","148","0","3","2","2","1","1","1","0","69.59","66.67"
"'10","'014","'03","'050","'0005","123","141","6","147","208","0","3","2","2","1","1","1","0","70.67","66.67"
"'10","'014","'03","'050","'0006","118","205","4","209","308","0","3","2","2","1","1","1","0","67.86","66.67"
"'10","'014","'03","'050","'0006","119","23","0","23","41","0","3","2","2","1","1","1","0","56.1","66.67"
"'10","'014","'03","'050","'0007","120","28","0","28","44","0","3","2","2","1","1","1","0","63.64","66.67"
"'10","'014","'03","'090","'0001","162","31","3","34","53","0","3","2","0","3","0","2","0","64.15","66.67"
"'10","'014","'03","'090","'0001","163","166","7","173","306","0","3","2","0","3","0","2","0","56.54","66.67"
"'10","'014","'03","'090","'0002","164","13","1","14","16","0","3","2","0","3","0","2","0","87.5","66.67"
"'10","'014","'03","'090","'0003","165","7","0","7","8","0","3","2","0","3","0","2","0","87.5","66.67"
"'10","'014","'03","'090","'0004","166","160","2","162","204","0","3","2","0","3","0","2","0","79.41","66.67"
"'10","'014","'03","'090","'0005","169","51","2","53","75","0","3","2","0","3","0","2","0","70.67","66.67"
"'10","'014","'03","'090","'0005","170","104","5","109","191","0","3","2","0","3","0","2","0","57.07","66.67"
"'10","'014","'03","'090","'0006","167","328","3","331","428","0","3","2","0","3","0","2","0","77.34","66.67"
"'10","'014","'03","'090","'0006","168","106","2","108","139","0","3","2","0","3","0","2","0","77.7","66.67"
"'10","'014","'03","'090","'0007","171","70","3","73","103","0","3","2","0","3","0","2","0","70.87","66.67"
"'10","'014","'03","'090","'0007","172","175","3","178","270","0","3","2","0","3","0","2","0","65.93","66.67"
"'10","'014","'04","'030","'0001","93","341","11","352","479","0","4","2","3","1","2","0","0","73.49","50"
"'10","'014","'04","'030","'0001","94","60","2","62","91","0","4","2","3","1","2","0","0","68.13","50"
"'10","'014","'04","'030","'0002","91","74","1","75","114","0","4","2","3","1","2","0","0","65.79","50"
"'10","'014","'04","'030","'0003","90","157","6","163","251","0","4","2","3","1","2","0","0","64.94","50"
"'10","'014","'04","'030","'0004","89","21","1","22","30","0","4","2","3","1","2","0","0","73.33","50"
"'10","'014","'04","'030","'0005","87","34","0","34","60","0","4","2","3","1","2","0","0","56.67","50"
"'10","'014","'04","'030","'0005","88","93","3","96","157","0","4","2","3","1","2","0","0","61.15","50"
"'10","'014","'04","'030","'0006","95","218","9","227","325","0","4","2","3","1","2","0","0","69.85","50"
"'10","'014","'04","'030","'0007","92","53","3","56","91","0","4","2","3","1","2","0","0","61.54","50"
"'10","'014","'04","'060","'0001","130","7","0","7","14","0","4","2","3","1","2","0","0","50","50"
"'10","'014","'04","'060","'0001","131","94","4","98","183","0","4","2","3","1","2","0","0","53.55","50"
"'10","'014","'04","'060","'0002","132","63","2","65","92","0","4","2","3","1","2","0","0","70.65","50"
"'10","'014","'04","'060","'0003","133","139","14","153","230","0","4","2","3","1","2","0","0","66.52","50"
"'10","'014","'04","'060","'0004","134","197","8","205","391","0","4","2","3","1","2","0","0","52.43","50"
"'10","'014","'04","'060","'0005","128","67","3","70","123","0","4","2","3","1","2","0","0","56.91","50"
"'10","'014","'04","'060","'0005","129","22","0","22","32","0","4","2","3","1","2","0","0","68.75","50"
"'10","'014","'04","'060","'0006","136","5","0","5","11","0","4","2","3","1","2","0","0","45.45","50"
"'10","'014","'04","'060","'0007","135","90","7","97","135","0","4","2","3","1","2","0","0","71.85","50"
"'10","'014","'04","'060","'0008","137","14","2","16","20","0","4","2","3","1","2","0","0","80","50"
"'10","'014","'04","'060","'0009","138","63","1","64","115","0","4","2","3","1","2","0","0","55.65","50"
"'10","'014","'04","'060","'0010","139","170","10","180","300","0","4","2","3","1","2","0","0","60","50"
"'10","'014","'04","'090","'0008","173","514","8","522","650","0","5","3","3","2","3","0","0","80.31","60"
"'10","'014","'04","'090","'0008","174","459","7","466","637","0","5","3","3","2","3","0","0","73.16","60"
"'10","'014","'04","'090","'0009","175","142","6","148","201","0","5","3","3","2","3","0","0","73.63","60"
"'10","'014","'04","'090","'0009","176","325","14","339","454","0","5","3","3","2","3","0","0","74.67","60"
"'10","'014","'05","'010","'0001","52","215","11","226","407","0","8","3","7","1","2","1","0","55.53","37.5"
"'10","'014","'05","'010","'0002","53","241","11","252","384","0","8","3","7","1","2","1","0","65.63","37.5"
"'10","'014","'05","'010","'0003","56","164","9","173","277","0","8","3","7","1","2","1","0","62.45","37.5"
"'10","'014","'05","'010","'0004","59","304","8","312","437","0","8","3","7","1","2","1","0","71.4","37.5"
"'10","'014","'05","'010","'0004","60","342","12","354","476","0","8","3","7","1","2","1","0","74.37","37.5"
"'10","'014","'05","'010","'0005","57","50","5","55","109","0","8","3","7","1","2","1","0","50.46","37.5"
"'10","'014","'05","'010","'0005","58","36","2","38","58","0","8","3","7","1","2","1","0","65.52","37.5"
"'10","'014","'05","'010","'0006","54","125","7","132","195","0","8","3","7","1","2","1","0","67.69","37.5"
"'10","'014","'05","'010","'0006","55","454","17","471","735","0","8","3","7","1","2","1","0","64.08","37.5"
"'10","'014","'05","'010","'0007","26","196","9","205","320","0","8","3","7","1","2","1","0","64.06","37.5"
"'10","'014","'05","'010","'0007","27","118","5","123","198","0","8","3","7","1","2","1","0","62.12","37.5"
"'10","'014","'05","'010","'0007","28","88","6","94","168","0","8","3","7","1","2","1","0","55.95","37.5"
"'10","'014","'05","'010","'0007","29","75","5","80","150","0","8","3","7","1","2","1","0","53.33","37.5"
"'10","'014","'05","'010","'0008","6","41","9","50","88","0","8","3","7","1","2","1","0","56.82","37.5"
"'10","'014","'05","'010","'0008","7","19","4","23","34","0","8","3","7","1","2","1","0","67.65","37.5"
"'10","'014","'05","'010","'0009","8","138","10","148","210","0","8","3","7","1","2","1","0","70.48","37.5"
"'10","'014","'05","'010","'0010","32","78","7","85","129","0","8","3","7","1","2","1","0","65.89","37.5"
"'10","'014","'05","'010","'0010","33","63","2","65","105","0","8","3","7","1","2","1","0","61.9","37.5"
"'10","'014","'05","'010","'0011","30","155","4","159","264","0","8","3","7","1","2","1","0","60.23","37.5"
"'10","'014","'05","'010","'0011","31","88","1","89","144","0","8","3","7","1","2","1","0","61.81","37.5"
"'10","'014","'05","'010","'0012","3","54","1","55","105","0","8","3","7","1","2","1","0","52.38","37.5"
"'10","'014","'05","'010","'0012","4","24","3","27","62","0","8","3","7","1","2","1","0","43.55","37.5"
"'10","'014","'05","'010","'0012","5","53","3","56","87","0","8","3","7","1","2","1","0","64.37","37.5"
"'10","'014","'05","'010","'0013","2","28","3","31","57","0","8","3","7","1","2","1","0","54.39","37.5"
"'10","'014","'05","'010","'0014","10","183","7","190","279","0","8","3","7","1","2","1","0","68.1","37.5"
"'10","'014","'05","'010","'0015","11","68","1","69","132","0","8","3","7","1","2","1","0","52.27","37.5"
"'10","'014","'05","'010","'0016","13","8","0","8","19","0","8","3","7","1","2","1","0","42.11","37.5"
"'10","'014","'05","'010","'0017","16","37","4","41","66","0","8","3","7","1","2","1","0","62.12","37.5"
"'10","'014","'05","'010","'0018","9","26","1","27","48","0","8","3","7","1","2","1","0","56.25","37.5"
"'10","'014","'05","'010","'0019","12","17","0","17","21","0","8","3","7","1","2","1","0","80.95","37.5"
"'10","'014","'05","'010","'0020","17","6","2","8","12","0","8","3","7","1","2","1","0","66.67","37.5"
"'10","'014","'05","'010","'0021","14","14","1","15","26","0","8","3","7","1","2","1","0","57.69","37.5"
"'10","'014","'05","'010","'0022","15","27","3","30","45","0","8","3","7","1","2","1","0","66.67","37.5"
"'10","'014","'05","'010","'0023","1","16","0","16","72","0","8","3","7","1","2","1","0","22.22","37.5"
"'10","'014","'05","'010","'0024","18","12","1","13","17","0","8","3","7","1","2","1","0","76.47","37.5"
"'10","'014","'05","'010","'0025","23","22","0","22","32","0","8","3","7","1","2","1","0","68.75","37.5"
"'10","'014","'05","'010","'0026","19","19","2","21","30","0","8","3","7","1","2","1","0","70","37.5"
"'10","'014","'05","'010","'0027","24","14","0","14","24","0","8","3","7","1","2","1","0","58.33","37.5"
"'10","'014","'05","'010","'0028","20","0","0","0","3","0","8","3","7","1","2","1","0","0","37.5"
"'10","'014","'05","'010","'0029","63","441","8","449","625","0","8","3","7","1","2","1","0","71.84","37.5"
"'10","'014","'05","'010","'0030","61","78","7","85","112","0","8","3","7","1","2","1","0","75.89","37.5"
"'10","'014","'05","'010","'0030","62","68","6","74","111","0","8","3","7","1","2","1","0","66.67","37.5"
"'10","'014","'05","'010","'0031","36","345","13","358","568","0","8","3","7","1","2","1","0","63.03","37.5"
"'10","'014","'05","'010","'0031","37","181","12","193","328","0","8","3","7","1","2","1","0","58.84","37.5"
"'10","'014","'05","'010","'0032","34","81","4","85","131","0","8","3","7","1","2","1","0","64.89","37.5"
"'10","'014","'05","'010","'0032","35","101","5","106","177","0","8","3","7","1","2","1","0","59.89","37.5"
"'10","'014","'05","'010","'0033","38","214","7","221","360","0","8","3","7","1","2","1","0","61.39","37.5"
"'10","'014","'05","'010","'0034","39","212","15","227","385","0","8","3","7","1","2","1","0","58.96","37.5"
"'10","'014","'05","'010","'0035","40","88","7","95","136","0","8","3","7","1","2","1","0","69.85","37.5"
"'10","'014","'05","'010","'0036","21","64","6","70","115","0","8","3","7","1","2","1","0","60.87","37.5"
"'10","'014","'05","'010","'0036","22","54","3","57","74","0","8","3","7","1","2","1","0","77.03","37.5"
"'10","'014","'05","'010","'0037","25","42","3","45","83","0","8","3","7","1","2","1","0","54.22","37.5"
"'10","'014","'05","'010","'0038","41","133","5","138","220","0","8","3","7","1","2","1","0","62.73","37.5"
"'10","'014","'05","'010","'0038","42","76","0","76","127","0","8","3","7","1","2","1","0","59.84","37.5"
"'10","'014","'05","'010","'0038","43","113","7","120","210","0","8","3","7","1","2","1","0","57.14","37.5"
"'10","'014","'05","'010","'0038","44","102","5","107","179","0","8","3","7","1","2","1","0","59.78","37.5"
"'10","'014","'05","'010","'0038","45","84","2","86","165","0","8","3","7","1","2","1","0","52.12","37.5"
"'10","'014","'05","'010","'0039","46","266","11","277","467","0","8","3","7","1","2","1","0","59.31","37.5"
"'10","'014","'05","'010","'0039","47","384","6","390","617","0","8","3","7","1","2","1","0","63.21","37.5"
"'10","'014","'05","'010","'0039","48","146","10","156","254","0","8","3","7","1","2","1","0","61.42","37.5"
"'10","'014","'05","'010","'0040","49","128","9","137","200","0","8","3","7","1","2","1","0","68.5","37.5"
"'10","'014","'05","'010","'0040","50","153","7","160","271","0","8","3","7","1","2","1","0","59.04","37.5"
"'10","'014","'05","'010","'0041","51","77","3","80","129","0","8","3","7","1","2","1","0","62.02","37.5"
"'10","'014","'05","'010","'0042","64","425","25","450","619","0","8","3","7","1","2","1","0","72.7","37.5"
"'10","'014","'05","'010","'0043","65","54","4","58","81","0","8","3","7","1","2","1","0","71.6","37.5"
"'10","'014","'05","'010","'0044","66","355","20","375","502","0","8","3","7","1","2","1","0","74.7","37.5"
"'10","'014","'05","'010","'0045","67","249","1","250","376","0","8","3","7","1","2","1","0","66.49","37.5"
"'10","'014","'05","'010","'0046","68","175","11","186","261","0","8","3","7","1","2","1","0","71.26","37.5"
"'10","'014","'05","'010","'0046","69","209","6","215","359","0","8","3","7","1","2","1","0","59.89","37.5"
"'10","'005","'04","'110","'0001","0","40","1","41","59","0","6","2","6","0","2","0","0","69.49","33.33"
"'10","'005","'04","'110","'0002","0","36","1","37","49","0","6","2","6","0","2","0","0","75.51","33.33"
"'10","'005","'04","'110","'0003","0","234","2","236","317","0","6","2","6","0","2","0","0","74.45","33.33"
"'10","'005","'04","'110","'0004","0","10","0","10","10","0","6","2","6","0","2","0","0","100","33.33"
"'10","'005","'04","'110","'0005","0","13","0","13","17","0","6","2","6","0","2","0","0","76.47","33.33"
"'10","'005","'04","'110","'0006","0","5","0","5","7","0","6","2","6","0","2","0","0","71.43","33.33"
"'10","'005","'04","'110","'0007","0","2","0","2","3","0","6","2","6","0","2","0","0","66.67","33.33"
"'10","'005","'04","'110","'0008","0","263","3","266","379","0","6","2","6","0","2","0","0","70.18","33.33"
"'10","'005","'04","'110","'0009","0","438","18","456","630","0","6","2","6","0","2","0","0","72.38","33.33"
"'10","'013","'04","'240","'0001","0","198","1","199","240","0","3","1","3","0","1","0","0","82.92","33.33"
"'10","'013","'04","'240","'0002","0","114","1","115","132","0","3","1","3","0","1","0","0","87.12","33.33"
"'10","'013","'04","'240","'0003","0","229","6","235","306","0","3","1","3","0","1","0","0","76.8","33.33"
"'10","'013","'04","'240","'0004","0","132","4","136","166","0","3","1","3","0","1","0","0","81.93","33.33"
"'10","'013","'04","'240","'0005","0","44","0","44","50","0","3","1","3","0","1","0","0","88","33.33"
"'10","'013","'04","'240","'0006","0","143","6","149","185","0","3","1","3","0","1","0","0","80.54","33.33"
"'10","'013","'04","'240","'0007","0","29","2","31","35","0","3","1","3","0","1","0","0","88.57","33.33"
"'10","'013","'04","'240","'0008","0","23","0","23","27","0","3","1","3","0","1","0","0","85.19","33.33"
"'10","'014","'02","'020","'0001","0","391","10","401","563","0","9","6","7","2","4","2","0","71.23","66.67"
"'10","'014","'02","'020","'0002","0","352","9","361","596","0","9","6","7","2","4","2","0","60.57","66.67"
"'10","'014","'02","'020","'0003","0","563","11","574","952","0","9","6","7","2","4","2","0","60.29","66.67"
"'10","'014","'02","'020","'0004","0","864","17","881","1515","0","9","6","7","2","4","2","0","58.15","66.67"
"'10","'014","'02","'020","'0005","0","132","4","136","249","0","9","6","7","2","4","2","0","54.62","66.67"
"'10","'014","'02","'020","'0006","0","239","9","248","476","0","9","6","7","2","4","2","0","52.1","66.67"
"'10","'014","'02","'020","'0007","0","307","6","313","602","0","9","6","7","2","4","2","0","51.99","66.67"
"'10","'014","'02","'020","'0008","0","858","11","869","1420","0","9","6","7","2","4","2","0","61.2","66.67"
"'10","'014","'02","'070","'0001","0","381","6","387","672","0","10","4","7","3","3","1","0","57.59","40"
"'10","'014","'02","'070","'0002","0","446","11","457","714","0","10","4","7","3","3","1","0","64.01","40"
"'10","'014","'02","'070","'0003","0","458","7","465","656","0","10","4","7","3","3","1","0","70.88","40"
"'10","'014","'02","'070","'0004","0","46","1","47","69","0","10","4","7","3","3","1","0","68.12","40"
"'10","'014","'02","'070","'0005","0","212","1","213","326","0","10","4","7","3","3","1","0","65.34","40"
"'10","'014","'02","'070","'0006","0","206","7","213","360","0","10","4","7","3","3","1","0","59.17","40"
"'10","'014","'02","'070","'0007","0","635","10","645","942","0","10","4","7","3","3","1","0","68.47","40"
"'10","'014","'02","'080","'0001","0","255","7","262","401","0","7","4","5","2","3","1","0","65.34","57.14"
"'10","'014","'02","'080","'0002","0","521","11","532","834","0","7","4","5","2","3","1","0","63.79","57.14"
"'10","'014","'02","'080","'0003","0","64","2","66","112","0","7","4","5","2","3","1","0","58.93","57.14"
"'10","'014","'02","'080","'0004","0","490","24","514","828","0","7","4","5","2","3","1","0","62.08","57.14"
"'10","'014","'02","'080","'0005","0","397","11","408","604","0","7","4","5","2","3","1","0","67.55","57.14"
"'10","'014","'02","'080","'0006","0","649","4","653","953","0","7","4","5","2","3","1","0","68.52","57.14"
"'10","'014","'02","'100","'0001","0","525","11","536","651","0","7","4","5","2","2","2","0","82.33","57.14"
"'10","'014","'02","'100","'0002","0","800","12","812","999","0","7","4","5","2","2","2","0","81.28","57.14"
"'10","'014","'02","'100","'0003","0","307","7","314","430","0","7","4","5","2","2","2","0","73.02","57.14"
"'10","'014","'02","'100","'0004","0","163","4","167","253","0","7","4","5","2","2","2","0","66.01","57.14"
"'10","'014","'02","'100","'0005","0","218","3","221","256","0","7","4","5","2","2","2","0","86.33","57.14"
"'10","'014","'03","'040","'0001","0","221","12","233","297","0","6","4","5","1","3","1","0","78.45","66.67"
"'10","'014","'03","'040","'0002","0","141","6","147","199","0","6","4","5","1","3","1","0","73.87","66.67"
"'10","'014","'03","'040","'0003","0","95","5","100","155","0","6","4","5","1","3","1","0","64.52","66.67"
"'10","'014","'03","'040","'0004","0","4","2","6","9","0","6","4","5","1","3","1","0","66.67","66.67"
"'10","'014","'03","'040","'0005","0","150","12","162","266","0","6","4","5","1","3","1","0","60.9","66.67"
"'10","'014","'03","'040","'0006","0","240","7","247","352","0","6","4","5","1","3","1","0","70.17","66.67"
"'10","'014","'03","'040","'0007","0","46","4","50","83","0","6","4","5","1","3","1","0","60.24","66.67"
"'10","'014","'03","'040","'0008","0","315","9","324","506","0","6","4","5","1","3","1","0","64.03","66.67"
"'10","'014","'03","'040","'0009","0","333","13","346","466","0","6","4","5","1","3","1","0","74.25","66.67"
"'10","'014","'03","'040","'0010","0","402","25","427","653","0","6","4","5","1","3","1","0","65.39","66.67"
"'10","'014","'03","'040","'0011","0","525","10","535","692","0","6","4","5","1","3","1","0","77.31","66.67"
"'10","'014","'03","'040","'0012","0","644","19","663","939","0","6","4","5","1","3","1","0","70.61","66.67"
"'10","'014","'03","'040","'0013","0","46","4","50","81","0","6","4","5","1","3","1","0","61.73","66.67"
"'10","'014","'03","'050","'0001","0","210","5","215","338","0","3","2","2","1","1","1","0","63.61","66.67"
"'10","'014","'03","'050","'0002","0","22","3","25","37","0","3","2","2","1","1","1","0","67.57","66.67"
"'10","'014","'03","'050","'0003","0","193","7","200","312","0","3","2","2","1","1","1","0","64.1","66.67"
"'10","'014","'03","'050","'0004","0","279","3","282","401","0","3","2","2","1","1","1","0","70.32","66.67"
"'10","'014","'03","'050","'0005","0","141","6","147","208","0","3","2","2","1","1","1","0","70.67","66.67"
"'10","'014","'03","'050","'0006","0","228","4","232","349","0","3","2","2","1","1","1","0","66.48","66.67"
"'10","'014","'03","'050","'0007","0","28","0","28","44","0","3","2","2","1","1","1","0","63.64","66.67"
"'10","'014","'03","'090","'0001","0","197","10","207","359","0","3","2","0","3","0","2","0","57.66","66.67"
"'10","'014","'03","'090","'0002","0","13","1","14","16","0","3","2","0","3","0","2","0","87.5","66.67"
"'10","'014","'03","'090","'0003","0","7","0","7","8","0","3","2","0","3","0","2","0","87.5","66.67"
"'10","'014","'03","'090","'0004","0","160","2","162","204","0","3","2","0","3","0","2","0","79.41","66.67"
"'10","'014","'03","'090","'0005","0","155","7","162","266","0","3","2","0","3","0","2","0","60.9","66.67"
"'10","'014","'03","'090","'0006","0","434","5","439","567","0","3","2","0","3","0","2","0","77.43","66.67"
"'10","'014","'03","'090","'0007","0","245","6","251","373","0","3","2","0","3","0","2","0","67.29","66.67"
"'10","'014","'04","'030","'0001","0","401","13","414","570","0","4","2","3","1","2","0","0","72.63","50"
"'10","'014","'04","'030","'0002","0","74","1","75","114","0","4","2","3","1","2","0","0","65.79","50"
"'10","'014","'04","'030","'0003","0","157","6","163","251","0","4","2","3","1","2","0","0","64.94","50"
"'10","'014","'04","'030","'0004","0","21","1","22","30","0","4","2","3","1","2","0","0","73.33","50"
"'10","'014","'04","'030","'0005","0","127","3","130","217","0","4","2","3","1","2","0","0","59.91","50"
"'10","'014","'04","'030","'0006","0","218","9","227","325","0","4","2","3","1","2","0","0","69.85","50"
"'10","'014","'04","'030","'0007","0","53","3","56","91","0","4","2","3","1","2","0","0","61.54","50"
"'10","'014","'04","'060","'0001","0","101","4","105","197","0","4","2","3","1","2","0","0","53.3","50"
"'10","'014","'04","'060","'0002","0","63","2","65","92","0","4","2","3","1","2","0","0","70.65","50"
"'10","'014","'04","'060","'0003","0","139","14","153","230","0","4","2","3","1","2","0","0","66.52","50"
"'10","'014","'04","'060","'0004","0","197","8","205","391","0","4","2","3","1","2","0","0","52.43","50"
"'10","'014","'04","'060","'0005","0","89","3","92","155","0","4","2","3","1","2","0","0","59.35","50"
"'10","'014","'04","'060","'0006","0","5","0","5","11","0","4","2","3","1","2","0","0","45.45","50"
"'10","'014","'04","'060","'0007","0","90","7","97","135","0","4","2","3","1","2","0","0","71.85","50"
"'10","'014","'04","'060","'0008","0","14","2","16","20","0","4","2","3","1","2","0","0","80","50"
"'10","'014","'04","'060","'0009","0","63","1","64","115","0","4","2","3","1","2","0","0","55.65","50"
"'10","'014","'04","'060","'0010","0","170","10","180","300","0","4","2","3","1","2","0","0","60","50"
"'10","'014","'04","'090","'0008","0","973","15","988","1287","0","5","3","3","2","3","0","0","76.77","60"
"'10","'014","'04","'090","'0009","0","467","20","487","655","0","5","3","3","2","3","0","0","74.35","60"
"'10","'014","'05","'010","'0001","0","215","11","226","407","0","8","3","7","1","2","1","0","55.53","37.5"
"'10","'014","'05","'010","'0002","0","241","11","252","384","0","8","3","7","1","2","1","0","65.63","37.5"
"'10","'014","'05","'010","'0003","0","164","9","173","277","0","8","3","7","1","2","1","0","62.45","37.5"
"'10","'014","'05","'010","'0004","0","646","20","666","913","0","8","3","7","1","2","1","0","72.95","37.5"
"'10","'014","'05","'010","'0005","0","86","7","93","167","0","8","3","7","1","2","1","0","55.69","37.5"
"'10","'014","'05","'010","'0006","0","579","24","603","930","0","8","3","7","1","2","1","0","64.84","37.5"
"'10","'014","'05","'010","'0007","0","477","25","502","836","0","8","3","7","1","2","1","0","60.05","37.5"
"'10","'014","'05","'010","'0008","0","60","13","73","122","0","8","3","7","1","2","1","0","59.84","37.5"
"'10","'014","'05","'010","'0009","0","138","10","148","210","0","8","3","7","1","2","1","0","70.48","37.5"
"'10","'014","'05","'010","'0010","0","141","9","150","234","0","8","3","7","1","2","1","0","64.1","37.5"
"'10","'014","'05","'010","'0011","0","243","5","248","408","0","8","3","7","1","2","1","0","60.78","37.5"
"'10","'014","'05","'010","'0012","0","131","7","138","254","0","8","3","7","1","2","1","0","54.33","37.5"
"'10","'014","'05","'010","'0013","0","28","3","31","57","0","8","3","7","1","2","1","0","54.39","37.5"
"'10","'014","'05","'010","'0014","0","183","7","190","279","0","8","3","7","1","2","1","0","68.1","37.5"
"'10","'014","'05","'010","'0015","0","68","1","69","132","0","8","3","7","1","2","1","0","52.27","37.5"
"'10","'014","'05","'010","'0016","0","8","0","8","19","0","8","3","7","1","2","1","0","42.11","37.5"
"'10","'014","'05","'010","'0017","0","37","4","41","66","0","8","3","7","1","2","1","0","62.12","37.5"
"'10","'014","'05","'010","'0018","0","26","1","27","48","0","8","3","7","1","2","1","0","56.25","37.5"
"'10","'014","'05","'010","'0019","0","17","0","17","21","0","8","3","7","1","2","1","0","80.95","37.5"
"'10","'014","'05","'010","'0020","0","6","2","8","12","0","8","3","7","1","2","1","0","66.67","37.5"
"'10","'014","'05","'010","'0021","0","14","1","15","26","0","8","3","7","1","2","1","0","57.69","37.5"
"'10","'014","'05","'010","'0022","0","27","3","30","45","0","8","3","7","1","2","1","0","66.67","37.5"
"'10","'014","'05","'010","'0023","0","16","0","16","72","0","8","3","7","1","2","1","0","22.22","37.5"
"'10","'014","'05","'010","'0024","0","12","1","13","17","0","8","3","7","1","2","1","0","76.47","37.5"
"'10","'014","'05","'010","'0025","0","22","0","22","32","0","8","3","7","1","2","1","0","68.75","37.5"
"'10","'014","'05","'010","'0026","0","19","2","21","30","0","8","3","7","1","2","1","0","70","37.5"
"'10","'014","'05","'010","'0027","0","14","0","14","24","0","8","3","7","1","2","1","0","58.33","37.5"
"'10","'014","'05","'010","'0028","0","0","0","0","3","0","8","3","7","1","2","1","0","0","37.5"
"'10","'014","'05","'010","'0029","0","441","8","449","625","0","8","3","7","1","2","1","0","71.84","37.5"
"'10","'014","'05","'010","'0030","0","146","13","159","223","0","8","3","7","1","2","1","0","71.3","37.5"
"'10","'014","'05","'010","'0031","0","526","25","551","896","0","8","3","7","1","2","1","0","61.5","37.5"
"'10","'014","'05","'010","'0032","0","182","9","191","308","0","8","3","7","1","2","1","0","62.01","37.5"
"'10","'014","'05","'010","'0033","0","214","7","221","360","0","8","3","7","1","2","1","0","61.39","37.5"
"'10","'014","'05","'010","'0034","0","212","15","227","385","0","8","3","7","1","2","1","0","58.96","37.5"
"'10","'014","'05","'010","'0035","0","88","7","95","136","0","8","3","7","1","2","1","0","69.85","37.5"
"'10","'014","'05","'010","'0036","0","118","9","127","189","0","8","3","7","1","2","1","0","67.2","37.5"
"'10","'014","'05","'010","'0037","0","42","3","45","83","0","8","3","7","1","2","1","0","54.22","37.5"
"'10","'014","'05","'010","'0038","0","508","19","527","901","0","8","3","7","1","2","1","0","58.49","37.5"
"'10","'014","'05","'010","'0039","0","796","27","823","1338","0","8","3","7","1","2","1","0","61.51","37.5"
"'10","'014","'05","'010","'0040","0","281","16","297","471","0","8","3","7","1","2","1","0","63.06","37.5"
"'10","'014","'05","'010","'0041","0","77","3","80","129","0","8","3","7","1","2","1","0","62.02","37.5"
"'10","'014","'05","'010","'0042","0","425","25","450","619","0","8","3","7","1","2","1","0","72.7","37.5"
"'10","'014","'05","'010","'0043","0","54","4","58","81","0","8","3","7","1","2","1","0","71.6","37.5"
"'10","'014","'05","'010","'0044","0","355","20","375","502","0","8","3","7","1","2","1","0","74.7","37.5"
"'10","'014","'05","'010","'0045","0","249","1","250","376","0","8","3","7","1","2","1","0","66.49","37.5"
"'10","'014","'05","'010","'0046","0","384","17","401","620","0","8","3","7","1","2","1","0","64.68","37.5"
"'10","'015","'02","'080","'0001","0","907","16","923","1238","0","9","6","6","3","4","2","0","74.56","66.67"
"'10","'015","'02","'080","'0002","0","432","11","443","562","0","9","6","6","3","4","2","0","78.83","66.67"
"'10","'015","'02","'080","'0003","0","255","6","261","315","0","9","6","6","3","4","2","0","82.86","66.67"
"'10","'015","'02","'080","'0004","0","447","11","458","611","0","9","6","6","3","4","2","0","74.96","66.67"
"'10","'015","'02","'080","'0005","0","454","5","459","634","0","9","6","6","3","4","2","0","72.4","66.67"
"'10","'015","'03","'030","'0001","0","209","18","227","405","0","2","1","1","1","0","1","0","56.05","50"
"'10","'015","'03","'030","'0002","0","84","0","84","158","0","2","1","1","1","0","1","0","53.16","50"
"'10","'015","'03","'030","'0003","0","90","3","93","176","0","2","1","1","1","0","1","0","52.84","50"
"'10","'015","'03","'030","'0004","0","55","2","57","107","0","2","1","1","1","0","1","0","53.27","50"
"'10","'015","'03","'030","'0005","0","28","0","28","44","0","2","1","1","1","0","1","0","63.64","50"
"'10","'015","'03","'030","'0006","0","146","5","151","218","0","2","1","1","1","0","1","0","69.27","50"
"'10","'015","'03","'030","'0007","0","157","7","164","242","0","2","1","1","1","0","1","0","67.77","50"
"'10","'015","'03","'030","'0014","0","31","4","35","59","0","2","1","1","1","0","1","0","59.32","50"
"'10","'015","'03","'030","'0015","0","121","2","123","210","0","2","1","1","1","0","1","0","58.57","50"
"'10","'015","'03","'070","'0001","0","41","1","42","65","0","5","3","4","1","3","0","0","64.62","60"
"'10","'015","'03","'070","'0002","0","217","8","225","347","0","5","3","4","1","3","0","0","64.84","60"
"'10","'015","'03","'070","'0003","0","463","10","473","646","0","5","3","4","1","3","0","0","73.22","60"
"'10","'015","'03","'070","'0004","0","447","19","466","658","0","5","3","4","1","3","0","0","70.82","60"
"'10","'015","'03","'070","'0005","0","245","4","249","361","0","5","3","4","1","3","0","0","68.98","60"
"'10","'015","'03","'070","'0006","0","50","3","53","81","0","5","3","4","1","3","0","0","65.43","60"
"'10","'015","'03","'070","'0007","0","167","2","169","235","0","5","3","4","1","3","0","0","71.91","60"
"'10","'015","'03","'070","'0008","0","150","3","153","206","0","5","3","4","1","3","0","0","74.27","60"
"'10","'015","'03","'070","'0009","0","13","2","15","26","0","5","3","4","1","3","0","0","57.69","60"
"'10","'015","'03","'070","'0010","0","11","2","13","19","0","5","3","4","1","3","0","0","68.42","60"
"'10","'015","'03","'090","'0001","0","120","4","124","199","0","8","4","7","1","3","1","0","62.31","50"
"'10","'015","'03","'090","'0002","0","191","4","195","303","0","8","4","7","1","3","1","0","64.36","50"
"'10","'015","'03","'090","'0003","0","121","4","125","176","0","8","4","7","1","3","1","0","71.02","50"
"'10","'015","'03","'090","'0004","0","93","3","96","158","0","8","4","7","1","3","1","0","60.76","50"
"'10","'015","'03","'090","'0005","0","144","3","147","222","0","8","4","7","1","3","1","0","66.22","50"
"'10","'015","'03","'090","'0006","0","327","9","336","482","0","8","4","7","1","3","1","0","69.71","50"
"'10","'015","'03","'090","'0007","0","397","14","411","595","0","8","4","7","1","3","1","0","69.08","50"
"'10","'015","'03","'090","'0008","0","144","2","146","215","0","8","4","7","1","3","1","0","67.91","50"
"'10","'015","'03","'090","'0009","0","141","13","154","249","0","8","4","7","1","3","1","0","61.85","50"
"'10","'015","'03","'090","'0010","0","379","12","391","594","0","8","4","7","1","3","1","0","65.82","50"
"'10","'015","'03","'090","'0011","0","160","2","162","222","0","8","4","7","1","3","1","0","72.97","50"
"'10","'015","'03","'100","'0001","0","39","7","46","87","0","3","2","3","0","2","0","0","52.87","66.67"
"'10","'015","'03","'100","'0002","0","71","2","73","124","0","3","2","3","0","2","0","0","58.87","66.67"
"'10","'015","'03","'100","'0003","0","90","1","91","150","0","3","2","3","0","2","0","0","60.67","66.67"
"'10","'015","'03","'100","'0004","0","83","4","87","124","0","3","2","3","0","2","0","0","70.16","66.67"
"'10","'015","'03","'100","'0005","0","51","1","52","83","0","3","2","3","0","2","0","0","62.65","66.67"
"'10","'015","'03","'100","'0006","0","9","1","10","13","0","3","2","3","0","2","0","0","76.92","66.67"
"'10","'015","'03","'100","'0007","0","17","0","17","25","0","3","2","3","0","2","0","0","68","66.67"
"'10","'015","'03","'100","'0008","0","13","2","15","16","0","3","2","3","0","2","0","0","93.75","66.67"
"'10","'015","'03","'100","'0009","0","22","4","26","39","0","3","2","3","0","2","0","0","66.67","66.67"
"'10","'015","'03","'100","'0010","0","8","0","8","9","0","3","2","3","0","2","0","0","88.89","66.67"
"'10","'015","'03","'100","'0011","0","225","6","231","361","0","3","2","3","0","2","0","0","63.99","66.67"
"'10","'015","'03","'100","'0012","0","34","3","37","53","0","3","2","3","0","2","0","0","69.81","66.67"
"'10","'015","'03","'100","'0013","0","51","2","53","95","0","3","2","3","0","2","0","0","55.79","66.67"
"'10","'015","'04","'020","'0001","0","22","1","23","32","0","3","2","3","0","2","0","0","71.88","66.67"
"'10","'015","'04","'020","'0002","0","14","0","14","22","0","3","2","3","0","2","0","0","63.64","66.67"
"'10","'015","'04","'020","'0003","0","8","1","9","17","0","3","2","3","0","2","0","0","52.94","66.67"
"'10","'015","'04","'020","'0004","0","34","3","37","60","0","3","2","3","0","2","0","0","61.67","66.67"
"'10","'015","'04","'020","'0005","0","333","10","343","504","0","3","2","3","0","2","0","0","68.06","66.67"
"'10","'015","'04","'020","'0006","0","269","6","275","352","0","3","2","3","0","2","0","0","78.13","66.67"
"'10","'015","'04","'020","'0007","0","87","1","88","136","0","3","2","3","0","2","0","0","64.71","66.67"
"'10","'015","'04","'020","'0008","0","5","0","5","8","0","3","2","3","0","2","0","0","62.5","66.67"
"'10","'015","'04","'020","'0009","0","2","1","3","9","0","3","2","3","0","2","0","0","33.33","66.67"
"'10","'015","'04","'020","'0010","0","19","0","19","30","0","3","2","3","0","2","0","0","63.33","66.67"
"'10","'015","'04","'020","'0011","0","70","1","71","113","0","3","2","3","0","2","0","0","62.83","66.67"
"'10","'015","'04","'020","'0012","0","27","0","27","38","0","3","2","3","0","2","0","0","71.05","66.67"
"'10","'015","'04","'030","'0008","0","358","28","386","651","0","3","2","2","1","1","1","0","59.29","66.67"
"'10","'015","'04","'030","'0009","0","112","4","116","201","0","3","2","2","1","1","1","0","57.71","66.67"
"'10","'015","'04","'030","'0010","0","379","17","396","680","0","3","2","2","1","1","1","0","58.24","66.67"
"'10","'015","'04","'030","'0011","0","571","26","597","1100","0","3","2","2","1","1","1","0","54.27","66.67"
"'10","'015","'04","'030","'0012","0","298","13","311","493","0","3","2","2","1","1","1","0","63.08","66.67"
"'10","'015","'04","'030","'0013","0","481","21","502","673","0","3","2","2","1","1","1","0","74.59","66.67"
"'10","'015","'04","'040","'0001","0","50","1","51","72","0","4","2","4","0","2","0","0","70.83","50"
"'10","'015","'04","'040","'0002","0","42","3","45","54","0","4","2","4","0","2","0","0","83.33","50"
"'10","'015","'04","'040","'0003","0","220","17","237","382","0","4","2","4","0","2","0","0","62.04","50"
"'10","'015","'04","'040","'0004","0","401","18","419","727","0","4","2","4","0","2","0","0","57.63","50"
"'10","'015","'04","'040","'0005","0","96","6","102","157","0","4","2","4","0","2","0","0","64.97","50"
"'10","'015","'04","'040","'0006","0","361","19","380","610","0","4","2","4","0","2","0","0","62.3","50"
"'10","'015","'04","'040","'0007","0","225","11","236","346","0","4","2","4","0","2","0","0","68.21","50"
"'10","'015","'04","'040","'0008","0","510","15","525","788","0","4","2","4","0","2","0","0","66.62","50"
"'10","'015","'04","'050","'0001","0","159","13","172","319","0","4","2","4","0","2","0","0","53.92","50"
"'10","'015","'04","'050","'0002","0","99","7","106","198","0","4","2","4","0","2","0","0","53.54","50"
"'10","'015","'04","'050","'0003","0","339","20","359","596","0","4","2","4","0","2","0","0","60.23","50"
"'10","'015","'04","'050","'0004","0","142","6","148","277","0","4","2","4","0","2","0","0","53.43","50"
"'10","'015","'04","'050","'0005","0","294","12","306","512","0","4","2","4","0","2","0","0","59.77","50"
"'10","'015","'04","'050","'0006","0","187","15","202","388","0","4","2","4","0","2","0","0","52.06","50"
"'10","'015","'04","'050","'0007","0","119","10","129","217","0","4","2","4","0","2","0","0","59.45","50"
"'10","'015","'04","'050","'0008","0","145","8","153","313","0","4","2","4","0","2","0","0","48.88","50"
"'10","'015","'04","'050","'0009","0","94","11","105","204","0","4","2","4","0","2","0","0","51.47","50"
"'10","'015","'04","'050","'0010","0","273","12","285","480","0","4","2","4","0","2","0","0","59.38","50"
"'10","'015","'04","'050","'0011","0","88","4","92","161","0","4","2","4","0","2","0","0","57.14","50"
"'10","'015","'04","'050","'0012","0","690","15","705","1075","0","4","2","4","0","2","0","0","65.58","50"
"'10","'015","'04","'050","'0013","0","476","24","500","789","0","4","2","4","0","2","0","0","63.37","50"
"'10","'015","'04","'050","'0014","0","496","25","521","866","0","4","2","4","0","2","0","0","60.16","50"
"'10","'015","'04","'050","'0015","0","798","29","827","1337","0","4","2","4","0","2","0","0","61.85","50"
"'10","'015","'04","'050","'0016","0","248","24","272","472","0","4","2","4","0","2","0","0","57.63","50"
"'10","'015","'04","'050","'0017","0","424","23","447","814","0","4","2","4","0","2","0","0","54.91","50"
"'10","'015","'04","'050","'0018","0","188","12","200","331","0","4","2","4","0","2","0","0","60.42","50"
"'10","'015","'04","'060","'0001","0","30","1","31","43","0","7","3","5","2","2","1","0","72.09","42.86"
"'10","'015","'04","'060","'0002","0","249","6","255","333","0","7","3","5","2","2","1","0","76.58","42.86"
"'10","'015","'04","'060","'0003","0","101","5","106","171","0","7","3","5","2","2","1","0","61.99","42.86"
"'10","'015","'04","'060","'0004","0","123","8","131","187","0","7","3","5","2","2","1","0","70.05","42.86"
"'10","'015","'04","'060","'0005","0","119","6","125","202","0","7","3","5","2","2","1","0","61.88","42.86"
"'10","'015","'04","'060","'0006","0","91","2","93","131","0","7","3","5","2","2","1","0","70.99","42.86"
"'10","'015","'04","'060","'0007","0","347","9","356","533","0","7","3","5","2","2","1","0","66.79","42.86"
"'10","'015","'04","'060","'0008","0","463","17","480","645","0","7","3","5","2","2","1","0","74.42","42.86"
"'10","'015","'04","'060","'0009","0","201","8","209","297","0","7","3","5","2","2","1","0","70.37","42.86"
"'10","'015","'04","'060","'0010","0","180","10","190","287","0","7","3","5","2","2","1","0","66.2","42.86"
"'10","'015","'04","'060","'0011","0","179","10","189","280","0","7","3","5","2","2","1","0","67.5","42.86"
"'10","'015","'04","'060","'0012","0","87","3","90","132","0","7","3","5","2","2","1","0","68.18","42.86"
"'10","'015","'04","'060","'0013","0","388","8","396","571","0","7","3","5","2","2","1","0","69.35","42.86"
"'10","'015","'04","'060","'0014","0","276","12","288","403","0","7","3","5","2","2","1","0","71.46","42.86"
"'10","'015","'04","'060","'0015","0","116","9","125","179","0","7","3","5","2","2","1","0","69.83","42.86"
"'10","'015","'04","'070","'0011","0","558","15","573","840","0","4","3","3","1","2","1","0","68.21","75"
"'10","'015","'04","'070","'0012","0","453","9","462","647","0","4","3","3","1","2","1","0","71.41","75"
"'10","'015","'04","'070","'0013","0","495","10","505","723","0","4","3","3","1","2","1","0","69.85","75"
"'10","'015","'04","'070","'0014","0","505","10","515","735","0","4","3","3","1","2","1","0","70.07","75"
"'10","'015","'05","'010","'0001","0","62","5","67","116","0","4","2","3","1","2","0","0","57.76","50"
"'10","'015","'05","'010","'0002","0","81","5","86","150","0","4","2","3","1","2","0","0","57.33","50"
"'10","'015","'05","'010","'0003","0","8","0","8","14","0","4","2","3","1","2","0","0","57.14","50"
"'10","'015","'05","'010","'0004","0","7","0","7","13","0","4","2","3","1","2","0","0","53.85","50"
"'10","'015","'05","'010","'0005","0","12","0","12","19","0","4","2","3","1","2","0","0","63.16","50"
"'10","'015","'05","'010","'0006","0","67","7","74","134","0","4","2","3","1","2","0","0","55.22","50"
"'10","'015","'05","'010","'0007","0","28","2","30","104","0","4","2","3","1","2","0","0","28.85","50"
"'10","'015","'05","'010","'0008","0","53","2","55","93","0","4","2","3","1","2","0","0","59.14","50"
"'10","'015","'05","'010","'0009","0","27","2","29","51","0","4","2","3","1","2","0","0","56.86","50"
"'10","'015","'05","'010","'0010","0","118","9","127","244","0","4","2","3","1","2","0","0","52.05","50"
"'10","'015","'05","'010","'0012","0","9","0","9","13","0","4","2","3","1","2","0","0","69.23","50"
"'10","'015","'05","'010","'0013","0","5","2","7","14","0","4","2","3","1","2","0","0","50","50"
"'10","'015","'05","'010","'0014","0","127","11","138","251","0","4","2","3","1","2","0","0","54.98","50"
"'10","'015","'05","'010","'0015","0","18","3","21","37","0","4","2","3","1","2","0","0","56.76","50"
"'10","'015","'05","'010","'0016","0","164","9","173","334","0","4","2","3","1","2","0","0","51.8","50"
"'10","'015","'05","'010","'0017","0","163","7","170","297","0","4","2","3","1","2","0","0","57.24","50"
"'10","'015","'05","'010","'0018","0","135","9","144","244","0","4","2","3","1","2","0","0","59.02","50"
"'10","'015","'05","'010","'0019","0","16","0","16","29","0","4","2","3","1","2","0","0","55.17","50"
"'10","'015","'05","'010","'0020","0","10","2","12","16","0","4","2","3","1","2","0","0","75","50"
"'10","'015","'05","'010","'0021","0","38","1","39","75","0","4","2","3","1","2","0","0","52","50"
"'10","'015","'05","'010","'0022","0","23","5","28","50","0","4","2","3","1","2","0","0","56","50"
"'10","'015","'05","'010","'0023","0","53","5","58","116","0","4","2","3","1","2","0","0","50","50"
"'10","'015","'05","'010","'0024","0","125","5","130","210","0","4","2","3","1","2","0","0","61.9","50"
"'10","'015","'05","'010","'0025","0","35","4","39","69","0","4","2","3","1","2","0","0","56.52","50"
"'10","'015","'05","'010","'0026","0","54","5","59","99","0","4","2","3","1","2","0","0","59.6","50"
"'10","'015","'05","'010","'0027","0","16","0","16","34","0","4","2","3","1","2","0","0","47.06","50"
"'10","'015","'05","'010","'0028","0","10","0","10","18","0","4","2","3","1","2","0","0","55.56","50"
"'10","'015","'05","'010","'0029","0","50","5","55","120","0","4","2","3","1","2","0","0","45.83","50"
"'10","'015","'05","'010","'0030","0","13","2","15","29","0","4","2","3","1","2","0","0","51.72","50"
"'10","'015","'05","'010","'0031","0","37","2","39","66","0","4","2","3","1","2","0","0","59.09","50"
"'10","'015","'05","'010","'0032","0","99","3","102","158","0","4","2","3","1","2","0","0","64.56","50"
"'10","'015","'05","'010","'0033","0","176","11","187","335","0","4","2","3","1","2","0","0","55.82","50"
"'10","'015","'05","'010","'0034","0","4","3","7","13","0","4","2","3","1","2","0","0","53.85","50"
"'10","'015","'05","'010","'0035","0","10","3","13","21","0","4","2","3","1","2","0","0","61.9","50"
"'10","'015","'05","'010","'0036","0","21","2","23","45","0","4","2","3","1","2","0","0","51.11","50"
"'10","'015","'05","'010","'0037","0","379","15","394","642","0","4","2","3","1","2","0","0","61.37","50"
"'10","'015","'05","'010","'0038","0","36","3","39","71","0","4","2","3","1","2","0","0","54.93","50"
"'10","'015","'05","'010","'0039","0","28","6","34","64","0","4","2","3","1","2","0","0","53.13","50"
"'10","'015","'05","'010","'0040","0","283","11","294","483","0","4","2","3","1","2","0","0","60.87","50"
"'10","'015","'05","'010","'0041","0","197","17","214","384","0","4","2","3","1","2","0","0","55.73","50"
"'10","'015","'05","'010","'0042","0","53","4","57","126","0","4","2","3","1","2","0","0","45.24","50"
"'10","'015","'05","'010","'0043","0","141","6","147","344","0","4","2","3","1","2","0","0","42.73","50"
"'10","'015","'05","'010","'0044","0","145","7","152","274","0","4","2","3","1","2","0","0","55.47","50"
"'10","'015","'05","'010","'0045","0","245","9","254","424","0","4","2","3","1","2","0","0","59.91","50"
"'10","'005","'04","'110","'0000","0","1041","25","1066","1471","1969","6","2","6","0","2","0","74.71","72.47","33.33"
"'10","'013","'04","'240","'0000","0","912","20","932","1141","1364","3","1","3","0","1","0","83.65","81.68","33.33"
"'10","'014","'02","'020","'0000","0","3706","77","3783","6373","7440","9","6","7","2","4","2","85.66","59.36","66.67"
"'10","'014","'02","'070","'0000","0","2384","43","2427","3739","4337","10","4","7","3","3","1","86.21","64.91","40"
"'10","'014","'02","'080","'0000","0","2376","59","2435","3732","4236","7","4","5","2","3","1","88.1","65.25","57.14"
"'10","'014","'02","'100","'0000","0","2013","37","2050","2589","3214","7","4","5","2","2","2","80.55","79.18","57.14"
"'10","'014","'03","'040","'0000","0","3162","128","3290","4698","6109","6","4","5","1","3","1","76.9","70.03","66.67"
"'10","'014","'03","'050","'0000","0","1101","28","1129","1689","2150","3","2","2","1","1","1","78.56","66.84","66.67"
"'10","'014","'03","'090","'0000","0","1211","31","1242","1793","2239","3","2","0","3","0","2","80.08","69.27","66.67"
"'10","'014","'04","'030","'0000","0","1051","36","1087","1598","2023","4","2","3","1","2","0","78.99","68.02","50"
"'10","'014","'04","'060","'0000","0","931","51","982","1646","2003","4","2","3","1","2","0","82.18","59.66","50"
"'10","'014","'04","'090","'0000","0","1440","35","1475","1942","2378","5","3","3","2","3","0","81.67","75.95","60"
"'10","'014","'05","'010","'0000","0","8716","404","9120","14267","19357","8","3","7","1","2","1","73.7","63.92","37.5"
"'10","'015","'02","'080","'0000","0","2495","49","2544","3360","3790","9","6","6","3","4","2","88.65","75.71","66.67"
"'10","'015","'03","'030","'0000","0","921","41","962","1619","2160","2","1","1","1","0","1","74.95","59.42","50"
"'10","'015","'03","'070","'0000","0","1804","54","1858","2644","3211","5","3","4","1","3","0","82.34","70.27","60"
"'10","'015","'03","'090","'0000","0","2217","70","2287","3415","4202","8","4","7","1","3","1","81.27","66.97","50"
"'10","'015","'03","'100","'0000","0","713","33","746","1179","1472","3","2","3","0","2","0","80.1","63.27","66.67"
"'10","'015","'04","'020","'0000","0","890","24","914","1321","1592","3","2","3","0","2","0","82.98","69.19","66.67"
"'10","'015","'04","'030","'0000","0","2199","109","2308","3798","4581","3","2","2","1","1","1","82.91","60.77","66.67"
"'10","'015","'04","'040","'0000","0","1905","90","1995","3136","4229","4","2","4","0","2","0","74.15","63.62","50"
"'10","'015","'04","'050","'0000","0","5259","270","5529","9349","12241","4","2","4","0","2","0","76.37","59.14","50"
"'10","'015","'04","'060","'0000","0","2950","114","3064","4394","5388","7","3","5","2","2","1","81.55","69.73","42.86"
"'10","'015","'04","'070","'0000","0","2011","44","2055","2945","3430","4","3","3","1","2","1","85.86","69.78","75"
"'10","'015","'05","'010","'0000","0","3381","209","3590","6443","9436","4","2","3","1","2","0","68.28","55.72","50"
"'10","'005","'00","'110","'0000","0","1041","25","1066","1471","1969","6","2","6","0","2","0","74.71","72.47","33.33"
"'10","'013","'00","'240","'0000","0","912","20","932","1141","1364","3","1","3","0","1","0","83.65","81.68","33.33"
"'10","'014","'00","'010","'0000","0","8716","404","9120","14267","19357","8","3","7","1","2","1","73.7","63.92","37.5"
"'10","'014","'00","'020","'0000","0","3706","77","3783","6373","7440","9","6","7","2","4","2","85.66","59.36","66.67"
"'10","'014","'00","'030","'0000","0","1051","36","1087","1598","2023","4","2","3","1","2","0","78.99","68.02","50"
"'10","'014","'00","'040","'0000","0","3162","128","3290","4698","6109","6","4","5","1","3","1","76.9","70.03","66.67"
"'10","'014","'00","'050","'0000","0","1101","28","1129","1689","2150","3","2","2","1","1","1","78.56","66.84","66.67"
"'10","'014","'00","'060","'0000","0","931","51","982","1646","2003","4","2","3","1","2","0","82.18","59.66","50"
"'10","'014","'00","'070","'0000","0","2384","43","2427","3739","4337","10","4","7","3","3","1","86.21","64.91","40"
"'10","'014","'00","'080","'0000","0","2376","59","2435","3732","4236","7","4","5","2","3","1","88.1","65.25","57.14"
"'10","'014","'00","'090","'0000","0","2651","66","2717","3735","4617","8","5","3","5","3","2","80.9","72.74","62.5"
"'10","'014","'00","'100","'0000","0","2013","37","2050","2589","3214","7","4","5","2","2","2","80.55","79.18","57.14"
"'10","'015","'00","'010","'0000","0","3381","209","3590","6443","9436","4","2","3","1","2","0","68.28","55.72","50"
"'10","'015","'00","'020","'0000","0","890","24","914","1321","1592","3","2","3","0","2","0","82.98","69.19","66.67"
"'10","'015","'00","'030","'0000","0","3120","150","3270","5417","6741","5","3","3","2","1","2","80.36","60.37","60"
"'10","'015","'00","'040","'0000","0","1905","90","1995","3136","4229","4","2","4","0","2","0","74.15","63.62","50"
"'10","'015","'00","'050","'0000","0","5259","270","5529","9349","12241","4","2","4","0","2","0","76.37","59.14","50"
"'10","'015","'00","'060","'0000","0","2950","114","3064","4394","5388","7","3","5","2","2","1","81.55","69.73","42.86"
"'10","'015","'00","'070","'0000","0","3815","98","3913","5589","6641","9","6","7","2","5","1","84.16","70.01","66.67"
"'10","'015","'00","'080","'0000","0","2495","49","2544","3360","3790","9","6","6","3","4","2","88.65","75.71","66.67"
"'10","'015","'00","'090","'0000","0","2217","70","2287","3415","4202","8","4","7","1","3","1","81.27","66.97","50"
"'10","'015","'00","'100","'0000","0","713","33","746","1179","1472","3","2","3","0","2","0","80.1","63.27","66.67"
"'10","'005","'00","'000","'0000","0","1041","25","1066","1471","1969","6","2","6","0","2","0","74.71","72.47","33.33"
"'10","'013","'00","'000","'0000","0","912","20","932","1141","1364","3","1","3","0","1","0","83.65","81.68","33.33"
"'10","'014","'00","'000","'0000","0","28091","929","29020","44066","55486","66","36","47","19","25","11","79.42","65.86","54.55"
"'10","'015","'00","'000","'0000","0","26745","1107","27852","43603","55732","56","32","45","11","25","7","78.24","63.88","57.14"
"'00","'000","'00","'000","'0000","0","56789","2081","58870","90281","114551","131","71","101","30","53","18","78.81","65.21","54.2"
