"'03","'002","'01","'000","'0000","1","江聰淵","'16","'1","'0581023","40","臺灣省","碩士","Y","*"," "
"'03","'002","'01","'000","'0000","2","林錫明","'999","'1","'0430915","55","臺灣省","其他","Y"," "," "
"'03","'002","'01","'000","'0000","3","余美雪","'16","'2","'0440610","54","臺北市","大專","Y"," "," "
"'03","'002","'01","'000","'0000","4","唐璟誼","'1","'1","'0510812","47","臺灣省","高中","N"," "," "
"'03","'002","'01","'000","'0000","5","莊淑如","'1","'2","'0671223","31","臺北市","碩士","Y"," "," "
"'03","'002","'01","'000","'0000","6","賴瑞鼎","'999","'1","'0440221","54","臺灣省","大專","N","*"," "
"'03","'002","'01","'000","'0000","7","張建榮","'1","'1","'0360525","62","臺灣省","其他","Y","*"," "
"'03","'002","'01","'000","'0000","8","林岳賢","'1","'1","'0630614","35","臺灣省","碩士","N","*"," "
"'03","'002","'01","'000","'0000","9","江碧華","'1","'2","'0450801","53","臺灣省","大專","Y","*"," "
"'03","'002","'01","'000","'0000","10","吳福田","'16","'1","'0381203","60","臺灣省","高中","Y","*"," "
"'03","'002","'02","'000","'0000","1","蔡文益","'1","'1","'0610804","37","臺灣省","大專","Y","*"," "
"'03","'002","'02","'000","'0000","2","林連春","'16","'1","'0501001","48","臺灣省","其他","N"," "," "
"'03","'002","'02","'000","'0000","3","曹乾舜","'1","'1","'0460102","52","臺灣省","高中","Y","*"," "
"'03","'002","'02","'000","'0000","4","吳幸義","'999","'1","'0331210","65","臺灣省","其他","N"," "," "
"'03","'002","'03","'000","'0000","1","李清林","'1","'1","'0380820","60","臺灣省","其他","Y","*"," "
"'03","'002","'03","'000","'0000","2","吳宏謀","'16","'1","'0390815","59","臺灣省","高中","Y","*"," "
"'03","'002","'04","'000","'0000","1","林萬春","'999","'1","'0211024","77","臺灣省","其他","N"," "," "
"'03","'002","'04","'000","'0000","2","張漢東","'16","'1","'0490208","49","臺灣省","大專","Y","*"," "
"'03","'002","'04","'000","'0000","3","黃浴沂","'1","'1","'0410412","57","臺灣省","其他","Y","*"," "
"'03","'002","'05","'000","'0000","1","陳福山","'16","'1","'0461108","52","臺灣省","大專","Y","*"," "
"'03","'002","'05","'000","'0000","2","歐耀北","'1","'1","'0291001","69","臺灣省","其他","N"," "," "
"'03","'002","'05","'000","'0000","3","林水金","'999","'1","'0410712","57","臺灣省","其他","Y","*"," "
"'03","'002","'06","'000","'0000","1","黃素琴","'16","'2","'0530401","45","臺灣省","大專","N","*"," "
"'03","'002","'06","'000","'0000","2","吳秋齡","'1","'2","'0460909","52","臺灣省","大專","Y","*"," "
"'03","'002","'06","'000","'0000","3","陳鴻禧","'1","'1","'0480113","50","臺灣省","大專","Y","*"," "
"'03","'002","'06","'000","'0000","4","謝志得","'16","'1","'0570506","41","臺灣省","碩士","Y","*"," "
"'03","'002","'06","'000","'0000","5","劉添梧","'16","'1","'0370713","61","臺灣省","大專","Y","*"," "
"'03","'002","'06","'000","'0000","6","陳漢鍾","'1","'1","'0600807","38","臺灣省","大專","N"," "," "
"'03","'002","'07","'000","'0000","1","黃適超","'16","'1","'0500415","48","臺灣省","碩士","Y","*"," "
"'03","'002","'07","'000","'0000","2","林富美","'999","'2","'0351010","63","臺灣省","其他","N"," "," "
"'03","'002","'07","'000","'0000","3","沈德茂","'16","'1","'0451006","53","臺灣省","大專","Y","*"," "
"'03","'002","'07","'000","'0000","4","林朝旺","'1","'1","'0390520","59","臺灣省","其他","Y","*"," "
"'03","'002","'07","'000","'0000","5","陳長義","'999","'1","'0520119","46","臺灣省","高中","N"," "," "
"'03","'002","'08","'000","'0000","1","楊政誠","'1","'1","'0321105","66","臺灣省","大專","Y","*"," "
"'03","'002","'08","'000","'0000","2","余玫","'1","'2","'0550115","43","臺灣省","大專","N"," "," "
"'03","'002","'08","'000","'0000","3","邱素梅","'16","'2","'0540217","44","臺灣省","高中","N","*"," "
"'03","'002","'08","'000","'0000","4","張秋明","'16","'1","'0410130","57","臺灣省","高中","N","*"," "
"'03","'002","'08","'000","'0000","5","林定國","'1","'1","'0400829","58","臺灣省","大專","N"," "," "
"'03","'002","'08","'000","'0000","6","陳慧珠","'999","'2","'0490208","49","臺灣省","大專","N"," "," "
"'03","'002","'08","'000","'0000","7","游祥德","'16","'1","'0410601","57","臺灣省","高中","Y","*"," "
"'03","'002","'09","'000","'0000","1","曾茂照","'999","'1","'0530218","45","臺灣省","高中","N"," "," "
"'03","'002","'09","'000","'0000","2","李志鏞","'1","'1","'0550221","43","臺灣省","大專","Y","*"," "
"'03","'002","'09","'000","'0000","3","陳坤","'999","'1","'0481108","50","臺灣省","大專","N"," "," "
"'03","'002","'09","'000","'0000","4","簡德旺","'16","'1","'0371029","61","臺灣省","其他","N","*"," "
"'03","'002","'10","'000","'0000","1","陳正男","'16","'1","'0370518","61","臺灣省","大專","Y","*"," "
"'03","'002","'10","'000","'0000","2","李芳村","'16","'1","'0341207","64","臺灣省","高中","N"," "," "
"'03","'002","'10","'000","'0000","3","陳金麟","'1","'1","'0430908","55","其他","大專","Y","*"," "
"'03","'002","'10","'000","'0000","4","林棋山","'1","'1","'0400924","58","臺灣省","大專","Y","*"," "
"'03","'003","'01","'000","'0000","1","黃景熙","'999","'1","'0480515","50","臺灣省","大專","N","*"," "
"'03","'003","'01","'000","'0000","2","林政賢","'1","'1","'0480628","50","臺灣省","大專","N","*"," "
"'03","'003","'01","'000","'0000","3","詹江村","'1","'1","'0520816","46","臺灣省","碩士","Y","*"," "
"'03","'003","'01","'000","'0000","4","卓德樹","'1","'1","'0380213","60","臺灣省","大專","Y"," "," "
"'03","'003","'01","'000","'0000","5","黃婉如","'1","'2","'0431005","55","臺灣省","碩士","Y","*"," "
"'03","'003","'01","'000","'0000","6","甘乃迪","'127","'1","'0440905","54","臺灣省","高中","N"," "," "
"'03","'003","'01","'000","'0000","8","黃婷鈺","'999","'2","'0641114","34","臺灣省","大專","N"," "," "
"'03","'003","'01","'000","'0000","9","黃哲鍾","'999","'1","'0380814","60","臺灣省","大專","N","*"," "
"'03","'003","'01","'000","'0000","10","廖輝星","'16","'1","'0430801","55","臺灣省","大專","Y","*"," "
"'03","'003","'01","'000","'0000","11","黃智銘","'999","'1","'0420820","56","臺灣省","大專","Y","*"," "
"'03","'003","'01","'000","'0000","12","萬美玲","'1","'2","'0580925","40","臺北市","大專","Y","*"," "
"'03","'003","'01","'000","'0000","13","陳美梅","'999","'2","'0630604","35","臺灣省","碩士","N","*"," "
"'03","'003","'01","'000","'0000","14","林國政","'999","'1","'0550427","43","臺灣省","碩士","N"," "," "
"'03","'003","'01","'000","'0000","15","郭貴香","'999","'2","'0520628","46","臺灣省","大專","N"," "," "
"'03","'003","'01","'000","'0000","16","高世嘉","'1","'1","'0540405","44","臺北市","碩士","N"," "," "
"'03","'003","'01","'000","'0000","17","呂秀紋","'999","'2","'0430518","55","臺灣省","高中","N"," "," "
"'03","'003","'01","'000","'0000","18","陳宗義","'16","'1","'0481002","50","臺北市","大專","N","*"," "
"'03","'003","'01","'000","'0000","19","李曉鐘","'999","'1","'0480529","50","臺灣省","高中","Y","*"," "
"'03","'003","'01","'000","'0000","20","邱素芬","'16","'2","'0550830","43","臺灣省","高中","Y","*"," "
"'03","'003","'02","'000","'0000","1","蔡炤正","'999","'1","'0521001","46","臺灣省","大專","N"," "," "
"'03","'003","'02","'000","'0000","2","許森能","'16","'1","'0520815","46","臺北市","高中","N","*"," "
"'03","'003","'02","'000","'0000","3","林明義","'1","'1","'0570507","41","臺灣省","大專","N"," "," "
"'03","'003","'02","'000","'0000","4","李雲強","'1","'1","'0480523","50","臺北市","大專","N","*"," "
"'03","'003","'02","'000","'0000","5","李麗珠","'1","'2","'0470917","51","臺灣省","高中","Y","*"," "
"'03","'003","'02","'000","'0000","6","林俐玲","'16","'2","'0520423","46","臺灣省","大專","Y","*"," "
"'03","'003","'02","'000","'0000","7","謝章侃","'999","'1","'0520923","46","臺北市","高中","N"," "," "
"'03","'003","'03","'000","'0000","1","呂林小鳳","'16","'2","'0530804","45","臺灣省","大專","Y","*"," "
"'03","'003","'03","'000","'0000","2","邱奕澄","'999","'1","'0651230","33","臺灣省","碩士","N"," "," "
"'03","'003","'03","'000","'0000","3","劉茂羣","'1","'2","'0450506","53","臺灣省","碩士","Y","*"," "
"'03","'003","'03","'000","'0000","4","呂淑真","'1","'2","'0440604","54","臺灣省","大專","Y","*"," "
"'03","'003","'03","'000","'0000","5","張文瑜","'16","'2","'0540303","44","臺灣省","高中","Y","*"," "
"'03","'003","'03","'000","'0000","6","鄭銀福","'1","'1","'0460313","52","金馬地區","大專","N"," "," "
"'03","'003","'03","'000","'0000","7","趙正宇","'1","'1","'0550329","43","臺灣省","碩士","Y","*"," "
"'03","'003","'04","'000","'0000","1","郭麗華","'999","'2","'0540130","44","臺灣省","高中","N"," "," "
"'03","'003","'04","'000","'0000","2","黃淑芬","'999","'2","'0471122","51","臺灣省","高中","N"," "," "
"'03","'003","'04","'000","'0000","3","許清順","'16","'1","'0541005","44","臺灣省","大專","N","*"," "
"'03","'003","'04","'000","'0000","5","呂宏仁","'1","'1","'0460320","52","臺灣省","大專","N","*"," "
"'03","'003","'04","'000","'0000","6","李訓求","'999","'1","'0440115","54","臺灣省","高中","N","*"," "
"'03","'003","'04","'000","'0000","7","陳宇桓","'999","'1","'0520224","46","臺灣省","大專","N"," "," "
"'03","'003","'04","'000","'0000","8","陳麗莉","'1","'2","'0460502","52","臺灣省","大專","Y","*"," "
"'03","'003","'05","'000","'0000","1","徐其萬","'1","'1","'0470215","51","臺灣省","高中","N","*"," "
"'03","'003","'05","'000","'0000","2","陳瑞昌","'1","'1","'0460618","52","臺灣省","大專","N"," "," "
"'03","'003","'05","'000","'0000","3","楊謙讓","'16","'1","'0600808","38","臺灣省","高中","N"," "," "
"'03","'003","'05","'000","'0000","4","王淳長","'999","'1","'0460912","52","臺灣省","高中","Y","*"," "
"'03","'003","'06","'000","'0000","1","邱伶樺","'999","'2","'0710928","27","臺灣省","大專","N"," "," "
"'03","'003","'06","'000","'0000","2","陳治文","'16","'2","'0591018","39","臺灣省","大專","N","*"," "
"'03","'003","'06","'000","'0000","3","楊朝偉","'1","'1","'0560516","42","臺灣省","碩士","Y","*"," "
"'03","'003","'06","'000","'0000","4","李柏坊","'1","'1","'0470124","51","臺灣省","大專","Y","*"," "
"'03","'003","'06","'000","'0000","5","黃德隆","'16","'1","'0390302","59","臺灣省","博士","N"," "," "
"'03","'003","'07","'000","'0000","1","張運炳","'999","'1","'0440415","54","臺灣省","大專","Y","*"," "
"'03","'003","'07","'000","'0000","2","梁新武","'16","'1","'0440610","54","臺灣省","大專","Y","*"," "
"'03","'003","'07","'000","'0000","3","葉明月","'1","'2","'0491215","49","臺灣省","高中","Y","*"," "
"'03","'003","'07","'000","'0000","4","徐景文","'16","'1","'0510624","47","臺灣省","碩士","Y","*"," "
"'03","'003","'07","'000","'0000","5","陳富豐","'999","'1","'0450901","53","臺灣省","高中","N"," "," "
"'03","'003","'07","'000","'0000","6","蔡勝烘","'1","'1","'0510628","47","臺灣省","碩士","N"," "," "
"'03","'003","'07","'000","'0000","7","蔣中千","'999","'1","'0450705","53","臺灣省","大專","N","*"," "
"'03","'003","'07","'000","'0000","8","王興業","'999","'1","'0570108","41","臺灣省","大專","N"," "," "
"'03","'003","'07","'000","'0000","9","傅淑香","'16","'2","'0471016","51","臺灣省","高中","N","*"," "
"'03","'003","'07","'000","'0000","10","葉連燈","'90","'1","'0410215","57","臺灣省","其他","N"," "," "
"'03","'003","'07","'000","'0000","11","鍾和貴","'1","'1","'0440425","54","臺灣省","高中","N"," "," "
"'03","'003","'07","'000","'0000","12","邱奕勝","'1","'1","'0491115","49","臺灣省","高中","Y","*"," "
"'03","'003","'07","'000","'0000","13","洪奕巔","'1","'1","'0410702","57","臺灣省","大專","Y"," "," "
"'03","'003","'07","'000","'0000","14","劉曾玉春","'999","'2","'0431208","55","臺灣省","高中","N","*"," "
"'03","'003","'07","'000","'0000","15","梁為超","'1","'1","'0630312","35","臺灣省","大專","N","*"," "
"'03","'003","'07","'000","'0000","16","沐平波","'1","'2","'0411201","57","臺北市","碩士","Y","*"," "
"'03","'003","'08","'000","'0000","1","舒翠玲","'1","'2","'0530913","45","臺灣省","碩士","Y","*"," "
"'03","'003","'08","'000","'0000","2","劉邦鉉","'1","'1","'0570721","41","臺灣省","大專","Y","*"," "
"'03","'003","'08","'000","'0000","3","鄧仁艾","'1","'1","'0450512","53","臺灣省","大專","N","*"," "
"'03","'003","'08","'000","'0000","4","劉俊儀","'999","'1","'0600826","38","臺灣省","博士","Y"," "," "
"'03","'003","'08","'000","'0000","5","謝彰文","'1","'2","'0470111","51","臺灣省","碩士","Y","*"," "
"'03","'003","'08","'000","'0000","6","林德忠","'1","'1","'0500502","48","臺灣省","大專","N"," "," "
"'03","'003","'08","'000","'0000","7","羅文欽","'16","'1","'0590115","39","臺灣省","大專","Y","*"," "
"'03","'003","'08","'000","'0000","8","李月琴","'999","'2","'0490302","49","臺灣省","碩士","N"," "," "
"'03","'003","'08","'000","'0000","9","莊玉輝","'999","'1","'0480525","50","臺灣省","大專","Y","*"," "
"'03","'003","'08","'000","'0000","10","陳美玉","'999","'2","'0630626","35","臺灣省","高中","N"," "," "
"'03","'003","'09","'000","'0000","1","彭盛山","'999","'1","'0480428","50","臺灣省","高中","N"," "," "
"'03","'003","'09","'000","'0000","2","陳賴素美","'16","'2","'0530110","45","臺灣省","高中","Y","*"," "
"'03","'003","'09","'000","'0000","3","張火爐","'16","'1","'0470320","51","臺灣省","高中","N","*"," "
"'03","'003","'09","'000","'0000","4","李家興","'1","'1","'0460610","52","臺灣省","高中","Y","*"," "
"'03","'003","'09","'000","'0000","5","古秀烽","'999","'1","'0420116","56","臺灣省","碩士","N"," "," "
"'03","'003","'09","'000","'0000","6","周玉琴","'1","'2","'0470514","51","臺灣省","大專","Y","*"," "
"'03","'003","'10","'000","'0000","1","魏雪卿","'1","'2","'0450710","53","臺灣省","大專","Y","*"," "
"'03","'003","'10","'000","'0000","2","張肇良","'16","'1","'0530930","45","臺灣省","大專","Y","*"," "
"'03","'003","'10","'000","'0000","3","徐玉樹","'999","'1","'0531122","45","臺灣省","大專","N"," "," "
"'03","'003","'10","'000","'0000","4","𨶒中傑","'1","'1","'0450112","53","臺灣省","大專","Y","*"," "
"'03","'003","'11","'000","'0000","1","謝浩來","'999","'1","'0480302","50","臺灣省","高中","N"," "," "
"'03","'003","'11","'000","'0000","2","邱佳亮","'999","'1","'0570427","41","臺灣省","大專","N","*"," "
"'03","'003","'11","'000","'0000","3","許國楣","'999","'1","'0481203","50","臺灣省","大專","N"," "," "
"'03","'003","'12","'000","'0000","1","莊阿松","'999","'1","'0370112","61","臺灣省","其他","N"," "," "
"'03","'003","'12","'000","'0000","2","吳宗憲","'1","'1","'0480117","50","臺灣省","高中","Y","*"," "
"'03","'003","'12","'000","'0000","3","郭蔡美英","'16","'2","'0420215","56","臺灣省","高中","N","*"," "
"'03","'004","'01","'000","'0000","1","陳凱榮","'1","'1","'0511224","47","臺灣省","大專","N"," "," "
"'03","'004","'01","'000","'0000","2","徐欣瑩","'1","'2","'0610423","37","臺灣省","博士","Y","*"," "
"'03","'004","'01","'000","'0000","3","蔡志環","'1","'2","'0480801","50","臺灣省","高中","N"," "," "
"'03","'004","'01","'000","'0000","4","蘇明輝","'999","'1","'0420425","56","臺灣省","高中","Y","*"," "
"'03","'004","'01","'000","'0000","5","鄭美琴","'999","'2","'0430401","55","臺灣省","高中","Y","*"," "
"'03","'004","'01","'000","'0000","6","高偉凱","'33","'1","'0601230","38","臺北市","碩士","N","*"," "
"'03","'004","'01","'000","'0000","7","林為洲","'999","'1","'0500725","48","臺灣省","大專","N","*"," "
"'03","'004","'01","'000","'0000","8","陳見賢","'1","'1","'0491212","49","臺灣省","大專","N","*"," "
"'03","'004","'01","'000","'0000","9","張葉芬英","'16","'2","'0520730","46","臺灣省","高中","N","*"," "
"'03","'004","'01","'000","'0000","10","杜文中","'1","'1","'0560505","42","臺灣省","大專","N"," "," "
"'03","'004","'01","'000","'0000","11","何淦銘","'999","'1","'0480711","50","臺灣省","大專","N","*"," "
"'03","'004","'01","'000","'0000","12","林保光","'1","'1","'0501010","48","臺灣省","大專","N","*"," "
"'03","'004","'01","'000","'0000","13","黃齡慧","'999","'2","'0410111","57","臺灣省","大專","Y"," "," "
"'03","'004","'01","'000","'0000","14","陳榮燦","'1","'1","'0450828","53","臺灣省","高中","Y"," "," "
"'03","'004","'02","'000","'0000","1","吳菊花","'1","'2","'0491011","49","臺灣省","大專","N","*"," "
"'03","'004","'02","'000","'0000","2","甄克堅","'1","'1","'0591018","39","臺灣省","大專","Y"," "," "
"'03","'004","'02","'000","'0000","3","林志華","'1","'1","'0540317","44","臺灣省","碩士","N","*"," "
"'03","'004","'02","'000","'0000","4","吳淑君","'1","'2","'0601207","38","臺灣省","大專","Y","*"," "
"'03","'004","'02","'000","'0000","5","黃永傳","'1","'1","'0341123","64","臺灣省","高中","N","*"," "
"'03","'004","'02","'000","'0000","6","陳栢維","'999","'1","'0540908","44","臺灣省","大專","Y","*"," "
"'03","'004","'03","'000","'0000","1","吳寀璇","'999","'2","'0500305","48","臺灣省","高中","N"," "," "
"'03","'004","'03","'000","'0000","2","羅春蘭","'999","'2","'0510201","47","臺灣省","高中","N"," "," "
"'03","'004","'03","'000","'0000","3","黃金樓","'1","'1","'0540831","44","臺灣省","大專","N","*"," "
"'03","'004","'03","'000","'0000","4","蘇雯英","'999","'2","'0510610","47","臺灣省","高中","N"," "," "
"'03","'004","'03","'000","'0000","5","吳淑女","'1","'2","'0420704","56","臺灣省","其他","N","*"," "
"'03","'004","'03","'000","'0000","6","鄭清漢","'999","'1","'0480221","50","臺灣省","高中","N","*"," "
"'03","'004","'03","'000","'0000","7","史金象","'16","'1","'0470824","51","臺灣省","高中","Y","*"," "
"'03","'004","'04","'000","'0000","1","嚴永秋","'999","'1","'0381006","60","臺灣省","高中","N","*"," "
"'03","'004","'04","'000","'0000","2","羅吉坤","'1","'1","'0421118","56","臺灣省","高中","N"," "," "
"'03","'004","'04","'000","'0000","3","劉良彬","'1","'1","'0491105","49","臺灣省","大專","N","*"," "
"'03","'004","'05","'000","'0000","1","陳英樓","'1","'1","'0450908","53","臺灣省","高中","Y","*"," "
"'03","'004","'05","'000","'0000","2","林保祿","'999","'1","'0460302","52","臺灣省","大專","Y","*"," "
"'03","'004","'05","'000","'0000","3","陳英西","'999","'1","'0450502","53","臺灣省","高中","N"," "," "
"'03","'004","'05","'000","'0000","4","范曰富","'1","'1","'0491221","49","臺灣省","大專","Y"," "," "
"'03","'004","'06","'000","'0000","1","張志弘","'1","'1","'0481010","50","臺灣省","碩士","Y","*"," "
"'03","'004","'07","'000","'0000","1","林政良","'1","'1","'0411018","57","臺灣省","大專","N","*"," "
"'03","'004","'07","'000","'0000","2","林礽俊","'1","'1","'0340914","64","臺灣省","高中","Y"," "," "
"'03","'004","'08","'000","'0000","1","盧東文","'1","'1","'0390304","59","臺灣省","大專","Y","*"," "
"'03","'004","'08","'000","'0000","2","上官秋燕","'999","'2","'0461028","52","臺灣省","高中","N"," "," "
"'03","'004","'08","'000","'0000","3","林思銘","'1","'1","'0550316","43","臺灣省","大專","N","*"," "
"'03","'004","'08","'000","'0000","4","羅吉祥","'1","'1","'0460820","52","臺灣省","大專","Y","*"," "
"'03","'004","'08","'000","'0000","6","鄭朝鐘","'999","'1","'0670222","31","臺灣省","大專","N"," "," "
"'03","'004","'08","'000","'0000","7","郭遠彰","'1","'1","'0481202","50","臺灣省","碩士","Y","*"," "
"'03","'004","'08","'000","'0000","8","吳勝松","'1","'1","'0461022","52","臺灣省","高中","Y","*"," "
"'03","'004","'08","'000","'0000","9","彭余美玲","'1","'2","'0520505","46","臺灣省","大專","Y","*"," "
"'03","'004","'09","'000","'0000","1","徐振烽","'1","'1","'0490522","49","臺灣省","大專","N"," "," "
"'03","'004","'09","'000","'0000","2","邱振瑋","'999","'1","'0631226","35","臺灣省","碩士","N","*"," "
"'03","'004","'10","'000","'0000","1","陳正順","'1","'1","'0431228","55","臺灣省","高中","N","*"," "
"'03","'004","'10","'000","'0000","2","劉國貞","'999","'1","'0330309","65","臺灣省","其他","N"," "," "
"'03","'004","'10","'000","'0000","3","彭德照","'1","'1","'0420620","56","臺灣省","高中","N"," "," "
"'03","'005","'01","'000","'0000","1","胡忠勇","'999","'1","'0321110","66","臺灣省","其他","Y","*"," "
"'03","'005","'01","'000","'0000","2","謝文禓","'1","'1","'0641120","34","臺灣省","大專","N"," "," "
"'03","'005","'01","'000","'0000","3","孫素娥","'1","'2","'0430718","55","臺灣省","高中","Y","*"," "
"'03","'005","'01","'000","'0000","4","詹運喜","'16","'1","'0510910","47","臺灣省","大專","Y","*"," "
"'03","'005","'01","'000","'0000","5","楊燕梅","'1","'2","'0430901","55","臺灣省","高中","N"," "," "
"'03","'005","'01","'000","'0000","6","徐集明","'1","'1","'0591102","39","臺灣省","高中","N","*"," "
"'03","'005","'01","'000","'0000","7","涂春榮","'1","'1","'0340331","64","臺灣省","高中","N","*"," "
"'03","'005","'01","'000","'0000","8","禹耀東","'1","'1","'0471205","51","臺灣省","大專","Y","*"," "
"'03","'005","'01","'000","'0000","9","賴源順","'999","'1","'0421119","56","臺灣省","大專","Y","*"," "
"'03","'005","'01","'000","'0000","10","王培珠","'1","'2","'0450709","53","臺灣省","大專","N"," "," "
"'03","'005","'01","'000","'0000","11","鄭碧玉","'1","'2","'0450315","53","臺灣省","高中","N","!"," "
"'03","'005","'01","'000","'0000","12","湯范秀妃","'999","'2","'0470210","51","臺灣省","高中","N"," "," "
"'03","'005","'01","'000","'0000","13","湯維岳","'999","'1","'0370212","61","臺灣省","高中","N"," "," "
"'03","'005","'01","'000","'0000","14","傅學煥","'1","'1","'0460418","52","臺灣省","大專","N","-"," "
"'03","'005","'01","'000","'0000","15","王士毅","'1","'1","'0370801","61","臺灣省","大專","Y","*"," "
"'03","'005","'01","'000","'0000","16","陳富興","'1","'1","'0580516","40","臺灣省","大專","N"," "," "
"'03","'005","'02","'000","'0000","1","黎旭欽","'1","'1","'0320817","66","臺灣省","高中","Y"," "," "
"'03","'005","'02","'000","'0000","2","韓茂賢","'1","'1","'0420301","56","臺灣省","高中","Y","*"," "
"'03","'005","'02","'000","'0000","3","吳昌運","'999","'1","'0531122","45","臺灣省","高中","N","*"," "
"'03","'005","'02","'000","'0000","4","張家靜","'1","'2","'0481225","50","臺灣省","高中","N","*"," "
"'03","'005","'03","'000","'0000","1","張太陽","'999","'1","'0421221","56","臺灣省","其他","Y","*"," "
"'03","'005","'03","'000","'0000","2","劉秋東","'1","'1","'0530520","45","臺灣省","高中","Y","*"," "
"'03","'005","'03","'000","'0000","3","李聰祥","'16","'1","'0481021","50","臺灣省","其他","Y","*"," "
"'03","'005","'03","'000","'0000","4","葉益男","'999","'1","'0540123","44","臺灣省","大專","N"," "," "
"'03","'005","'03","'000","'0000","5","邱紹俊","'999","'1","'0331216","65","臺灣省","高中","Y","-"," "
"'03","'005","'03","'000","'0000","6","林淑惠","'999","'2","'0570616","41","臺灣省","大專","N"," "," "
"'03","'005","'03","'000","'0000","7","巫恒昭","'999","'1","'0520219","46","臺灣省","大專","N","*"," "
"'03","'005","'03","'000","'0000","8","劉寶鈴","'999","'2","'0580102","40","臺灣省","高中","N","!"," "
"'03","'005","'03","'000","'0000","9","呂木鈿","'1","'1","'0411112","57","臺灣省","高中","Y","*"," "
"'03","'005","'04","'000","'0000","1","林寶珠","'1","'2","'0400214","58","臺灣省","高中","Y","*"," "
"'03","'005","'04","'000","'0000","2","洪水桔","'1","'1","'0440910","54","臺灣省","其他","N"," "," "
"'03","'005","'04","'000","'0000","3","鄭秋風","'1","'1","'0471118","51","臺灣省","大專","Y","*"," "
"'03","'005","'04","'000","'0000","4","謝芳紋","'16","'2","'0640820","34","臺北市","大專","N","*"," "
"'03","'005","'04","'000","'0000","5","林清錦","'999","'1","'0520210","46","臺灣省","大專","N"," "," "
"'03","'005","'04","'000","'0000","6","解萬安","'999","'1","'0440821","54","臺灣省","大專","N"," "," "
"'03","'005","'04","'000","'0000","7","林樹文","'1","'1","'0361115","62","臺灣省","大專","N"," "," "
"'03","'005","'04","'000","'0000","8","陳明朝","'1","'1","'0410413","57","臺灣省","高中","Y","*"," "
"'03","'005","'04","'000","'0000","9","李文斌","'1","'1","'0620216","36","臺灣省","大專","Y","*"," "
"'03","'005","'04","'000","'0000","10","陳志平","'999","'1","'0520303","46","臺灣省","大專","N"," "," "
"'03","'005","'04","'000","'0000","11","陳碧華","'1","'2","'0430518","55","臺灣省","大專","N","*"," "
"'03","'005","'04","'000","'0000","12","謝端容","'999","'2","'0460710","52","臺灣省","大專","N","*"," "
"'03","'005","'04","'000","'0000","13","蔡平偉","'999","'1","'0610927","37","臺灣省","高中","N","*"," "
"'03","'005","'05","'000","'0000","1","羅雪珠","'999","'2","'0470208","51","臺灣省","大專","N","*"," "
"'03","'005","'05","'000","'0000","2","劉福明","'1","'1","'0440920","54","臺灣省","高中","N"," "," "
"'03","'005","'05","'000","'0000","3","陳月娥","'999","'2","'0470801","51","臺灣省","其他","N"," "," "
"'03","'005","'05","'000","'0000","4","陳永賢","'1","'1","'0450726","53","臺灣省","高中","N","*"," "
"'03","'005","'05","'000","'0000","5","陳秀龍","'999","'1","'0260117","72","臺灣省","大專","N"," "," "
"'03","'005","'05","'000","'0000","6","李清枝","'1","'1","'0450513","53","臺灣省","其他","N"," "," "
"'03","'005","'05","'000","'0000","7","邱秋琴","'999","'2","'0470919","51","臺灣省","高中","Y","*"," "
"'03","'005","'05","'000","'0000","8","饒鴻奇","'999","'1","'0261020","72","臺灣省","其他","Y"," "," "
"'03","'005","'05","'000","'0000","9","游忠鈿","'1","'1","'0431126","55","臺灣省","高中","Y","*"," "
"'03","'005","'05","'000","'0000","10","練錫忠","'1","'1","'0430820","55","臺灣省","大專","N"," "," "
"'03","'005","'05","'000","'0000","11","溫志強","'1","'1","'0590602","39","臺灣省","大專","Y","*"," "
"'03","'005","'05","'000","'0000","12","鍾福貴","'1","'1","'0511006","46","臺灣省","碩士","N","*"," "
"'03","'005","'05","'000","'0000","13","李貴富","'16","'1","'0590617","39","臺灣省","大專","N","*"," "
"'03","'005","'06","'000","'0000","1","楊恭林","'999","'1","'0500628","48","臺灣省","高中","Y","*"," "
"'03","'005","'06","'000","'0000","2","朱泰平","'999","'1","'0440616","54","臺灣省","其他","N"," "," "
"'03","'005","'06","'000","'0000","3","徐欽鴻","'999","'1","'0450606","53","臺灣省","高中","Y","*"," "
"'03","'005","'06","'000","'0000","4","陳春暖","'999","'2","'0530309","45","臺灣省","高中","N"," "," "
"'03","'005","'06","'000","'0000","5","楊慶汶","'999","'1","'0401125","58","臺灣省","其他","N","*"," "
"'03","'007","'01","'000","'0000","1","白閔傑","'999","'1","'0651208","33","臺灣省","大專","N","*"," "
"'03","'007","'01","'000","'0000","2","陳慧敏","'999","'2","'0530123","45","臺灣省","高中","N"," "," "
"'03","'007","'01","'000","'0000","3","涂元生","'1","'1","'0440813","54","臺灣省","碩士","N"," "," "
"'03","'007","'01","'000","'0000","4","許原龍","'999","'1","'0510328","47","臺灣省","其他","Y","*"," "
"'03","'007","'01","'000","'0000","5","黃秀芳","'16","'2","'0601110","38","臺灣省","大專","Y","*"," "
"'03","'007","'01","'000","'0000","6","張東正","'999","'1","'0580513","40","臺灣省","碩士","Y"," "," "
"'03","'007","'01","'000","'0000","7","曾世勇","'1","'1","'0490318","49","臺灣省","大專","Y","*"," "
"'03","'007","'01","'000","'0000","8","唐鎮林","'999","'1","'0310811","67","臺灣省","高中","N"," "," "
"'03","'007","'01","'000","'0000","9","白玉如","'1","'2","'0570630","41","臺灣省","高中","N","*"," "
"'03","'007","'01","'000","'0000","10","黃千宴","'1","'2","'0611226","37","臺灣省","大專","N","*"," "
"'03","'007","'01","'000","'0000","11","顧黃水花","'1","'2","'0420120","56","臺灣省","其他","Y","*"," "
"'03","'007","'01","'000","'0000","12","盧盈宏","'999","'1","'0520901","46","臺灣省","其他","Y","*"," "
"'03","'007","'01","'000","'0000","13","施淑珍","'999","'2","'0490503","49","臺灣省","碩士","N"," "," "
"'03","'007","'01","'000","'0000","14","黃健彰","'999","'1","'0740818","24","臺灣省","高中","N","*"," "
"'03","'007","'01","'000","'0000","15","賴岸璋","'16","'1","'0531127","45","臺灣省","碩士","Y","*"," "
"'03","'007","'01","'000","'0000","16","許加慧","'999","'2","'0671008","31","臺灣省","大專","N"," "," "
"'03","'007","'01","'000","'0000","17","黃育寬","'16","'1","'0450202","53","臺灣省","高中","N","*"," "
"'03","'007","'01","'000","'0000","18","林維浩","'16","'1","'0580718","40","臺灣省","碩士","N"," "," "
"'03","'007","'01","'000","'0000","19","林滄喜","'999","'1","'0361125","62","臺灣省","高中","N","*"," "
"'03","'007","'01","'000","'0000","20","林茂明","'999","'1","'0470725","51","臺灣省","高中","Y","*"," "
"'03","'007","'01","'000","'0000","21","林招膨","'95","'1","'0480514","50","臺灣省","博士","N"," "," "
"'03","'007","'02","'000","'0000","1","林聖哲","'1","'1","'0420310","56","臺灣省","高中","Y","*"," "
"'03","'007","'02","'000","'0000","2","梁禎祥","'16","'1","'0360106","62","臺灣省","高中","Y","*"," "
"'03","'007","'02","'000","'0000","3","葉寧鋒","'999","'1","'0401128","58","臺灣省","高中","N","*"," "
"'03","'007","'02","'000","'0000","4","施性鍾","'1","'1","'0410717","57","臺灣省","其他","Y"," "," "
"'03","'007","'02","'000","'0000","5","凃淑媚","'1","'2","'0530405","45","臺灣省","大專","Y","*"," "
"'03","'007","'02","'000","'0000","6","楊竣程","'1","'1","'0641201","34","臺灣省","高中","Y","*"," "
"'03","'007","'02","'000","'0000","7","陳益昌","'999","'1","'0490620","49","臺灣省","大專","N"," "," "
"'03","'007","'02","'000","'0000","8","黃振彥","'16","'1","'0541219","44","臺灣省","大專","Y","*"," "
"'03","'007","'02","'000","'0000","9","陳秀寶","'999","'2","'0611011","37","臺灣省","大專","N","*"," "
"'03","'007","'03","'000","'0000","1","柯振杯","'1","'1","'0490121","49","臺灣省","其他","N","*"," "
"'03","'007","'03","'000","'0000","2","阮厚爵","'1","'1","'0591106","39","臺灣省","大專","Y","*"," "
"'03","'007","'03","'000","'0000","3","王文東","'95","'1","'0471125","51","臺灣省","高中","N"," "," "
"'03","'007","'03","'000","'0000","4","王國忠","'999","'1","'0510606","47","臺灣省","高中","N"," "," "
"'03","'007","'03","'000","'0000","5","黃寶隆","'999","'1","'0500626","48","臺灣省","其他","N","*"," "
"'03","'007","'03","'000","'0000","6","蔡端欉","'1","'1","'0371103","61","臺灣省","其他","Y"," "," "
"'03","'007","'03","'000","'0000","7","賴清美","'16","'2","'0501220","48","臺灣省","其他","Y","*"," "
"'03","'007","'03","'000","'0000","8","陳錦玉","'1","'2","'0420829","56","臺灣省","其他","Y","*"," "
"'03","'007","'03","'000","'0000","9","羅文保","'999","'1","'0490127","49","臺灣省","其他","N"," "," "
"'03","'007","'03","'000","'0000","10","尤瑞春","'16","'2","'0510505","47","臺灣省","大專","Y","*"," "
"'03","'007","'04","'000","'0000","1","黃正盛","'999","'1","'0670919","31","臺灣省","高中","N","*"," "
"'03","'007","'04","'000","'0000","2","陳素月","'16","'2","'0550118","43","臺灣省","碩士","Y","*"," "
"'03","'007","'04","'000","'0000","3","張錦昆","'1","'1","'0540302","44","臺灣省","大專","Y","*"," "
"'03","'007","'04","'000","'0000","4","黃建彰","'999","'1","'0480212","50","臺灣省","大專","N"," "," "
"'03","'007","'04","'000","'0000","5","江瑞演","'16","'1","'0421017","56","臺灣省","其他","N","*"," "
"'03","'007","'04","'000","'0000","6","張雪如","'1","'2","'0550513","43","臺灣省","大專","Y","*"," "
"'03","'007","'04","'000","'0000","7","游振雄","'1","'1","'0510208","47","臺灣省","大專","Y","*"," "
"'03","'007","'04","'000","'0000","8","賴炳輝","'1","'1","'0510120","47","臺灣省","高中","N","*"," "
"'03","'007","'04","'000","'0000","9","張仁城","'1","'1","'0500602","48","臺灣省","大專","N"," "," "
"'03","'007","'04","'000","'0000","10","葉麗娟","'1","'2","'0431219","55","臺灣省","高中","Y"," "," "
"'03","'007","'04","'000","'0000","11","曹明正","'1","'1","'0421112","56","臺灣省","高中","Y","*"," "
"'03","'007","'05","'000","'0000","1","陳玉姬","'999","'2","'0521210","46","臺灣省","碩士","N","*"," "
"'03","'007","'05","'000","'0000","2","楊鴻振","'999","'1","'0501019","48","臺灣省","其他","N"," "," "
"'03","'007","'05","'000","'0000","3","楊福建","'16","'1","'0440404","54","臺灣省","其他","Y","*"," "
"'03","'007","'05","'000","'0000","4","張永泉","'1","'1","'0450325","53","臺灣省","其他","Y","*"," "
"'03","'007","'05","'000","'0000","5","歐陽蓁珠","'16","'2","'0441210","54","臺灣省","高中","N"," "," "
"'03","'007","'05","'000","'0000","6","楊淑鳳","'1","'2","'0470329","51","臺灣省","高中","Y","*"," "
"'03","'007","'05","'000","'0000","7","黃錦滄","'1","'1","'0450326","53","臺灣省","高中","Y"," "," "
"'03","'007","'05","'000","'0000","8","陳重嘉","'999","'1","'0700119","28","臺灣省","其他","N","*"," "
"'03","'007","'06","'000","'0000","1","劉錦昌","'16","'1","'0480412","50","臺灣省","高中","Y","*"," "
"'03","'007","'06","'000","'0000","2","蕭淑芬","'999","'2","'0570515","41","臺灣省","大專","Y","*"," "
"'03","'007","'06","'000","'0000","3","洪麗娜","'1","'2","'0441016","54","臺灣省","大專","Y","*"," "
"'03","'007","'06","'000","'0000","4","劉景滄","'1","'1","'0590225","39","臺灣省","高中","N"," "," "
"'03","'007","'06","'000","'0000","5","蕭永源","'999","'1","'0520223","46","臺灣省","高中","N"," "," "
"'03","'007","'06","'000","'0000","6","蕭延青","'1","'1","'0710213","27","臺灣省","高中","N","*"," "
"'03","'007","'06","'000","'0000","7","陳奭堯","'1","'1","'0470125","51","臺灣省","大專","Y"," "," "
"'03","'007","'07","'000","'0000","1","劉淑芳","'1","'2","'0480802","50","臺灣省","碩士","Y","*"," "
"'03","'007","'07","'000","'0000","2","謝成家","'1","'1","'0380413","60","臺灣省","其他","Y"," "," "
"'03","'007","'07","'000","'0000","3","謝典霖","'1","'1","'0680816","30","臺灣省","碩士","Y","*"," "
"'03","'007","'07","'000","'0000","4","李俊諭","'16","'1","'0470523","51","臺灣省","大專","Y","*"," "
"'03","'007","'07","'000","'0000","5","蘇逸凱","'1","'1","'0680519","30","臺灣省","高中","N"," "," "
"'03","'007","'07","'000","'0000","6","李浩誠","'1","'1","'0620925","36","臺灣省","大專","N","*"," "
"'03","'007","'07","'000","'0000","7","江熊一楓","'16","'2","'0410611","57","臺灣省","高中","N","*"," "
"'03","'007","'08","'000","'0000","1","洪文程","'1","'1","'0491002","49","臺灣省","高中","N"," "," "
"'03","'007","'08","'000","'0000","2","林柱","'999","'1","'0400324","58","臺灣省","其他","N"," "," "
"'03","'007","'08","'000","'0000","3","洪和炉","'1","'1","'0461101","52","臺灣省","其他","Y","*"," "
"'03","'007","'08","'000","'0000","4","洪進南","'1","'1","'0400819","58","臺灣省","高中","Y","*"," "
"'03","'007","'08","'000","'0000","5","陳一惇","'1","'1","'0631130","35","臺灣省","高中","N","*"," "
"'03","'007","'08","'000","'0000","6","洪宗熠","'16","'1","'0580127","40","臺灣省","碩士","Y","*"," "
"'03","'007","'08","'000","'0000","7","吳淑娟","'999","'2","'0441110","54","臺灣省","高中","Y","*"," "
"'03","'008","'01","'000","'0000","1","游宏達","'999","'1","'0580623","40","臺灣省","高中","Y","*"," "
"'03","'008","'01","'000","'0000","2","曾芳春","'999","'1","'0450116","53","臺灣省","高中","Y"," "," "
"'03","'008","'01","'000","'0000","3","莊文斌","'1","'1","'0450526","53","臺灣省","高中","Y","*"," "
"'03","'008","'01","'000","'0000","4","于秀英","'999","'2","'0540717","44","臺灣省","其他","N","*"," "
"'03","'008","'01","'000","'0000","5","宋懷琳","'1","'2","'0441104","54","臺灣省","碩士","Y","*"," "
"'03","'008","'01","'000","'0000","6","吳正行","'999","'1","'0320501","66","臺灣省","高中","N"," "," "
"'03","'008","'01","'000","'0000","7","蔡明源","'1","'1","'0360923","62","臺灣省","高中","Y","*"," "
"'03","'008","'01","'000","'0000","8","吳棋祥","'1","'1","'0560105","42","臺灣省","碩士","Y","*"," "
"'03","'008","'01","'000","'0000","9","林憶如","'1","'2","'0650220","33","臺灣省","碩士","Y","*"," "
"'03","'008","'01","'000","'0000","10","李添興","'999","'1","'0440320","54","臺灣省","其他","Y","*"," "
"'03","'008","'01","'000","'0000","11","曾錦韓","'999","'1","'0510410","47","臺灣省","大專","N"," "," "
"'03","'008","'01","'000","'0000","12","謝明憲","'999","'1","'0660104","32","臺灣省","高中","N"," "," "
"'03","'008","'01","'000","'0000","13","賴燕雪","'16","'2","'0530418","45","臺灣省","大專","Y","*"," "
"'03","'008","'01","'000","'0000","14","史祝賢","'999","'1","'0560114","42","臺灣省","大專","N"," "," "
"'03","'008","'01","'000","'0000","15","陳翰立","'999","'1","'0680829","30","臺灣省","其他","N","*"," "
"'03","'008","'02","'000","'0000","1","林昆熠","'999","'1","'0570107","41","臺灣省","大專","N","*"," "
"'03","'008","'02","'000","'0000","2","張經魁","'1","'1","'0300416","68","其他","高中","N","*"," "
"'03","'008","'02","'000","'0000","3","洪盛雄","'1","'1","'0310804","67","臺灣省","其他","Y"," "," "
"'03","'008","'02","'000","'0000","4","許粧","'1","'2","'0520908","46","臺灣省","大專","N","*"," "
"'03","'008","'02","'000","'0000","5","簡景賢","'999","'1","'0481223","50","臺灣省","高中","N","*"," "
"'03","'008","'02","'000","'0000","6","林永鴻","'999","'1","'0590701","39","臺灣省","碩士","Y","*"," "
"'03","'008","'02","'000","'0000","7","簡沛霖","'999","'1","'0360115","62","臺灣省","其他","Y","*"," "
"'03","'008","'02","'000","'0000","8","廖宜賢","'999","'1","'0390822","59","臺灣省","其他","N","*"," "
"'03","'008","'02","'000","'0000","9","廖梓佑","'16","'2","'0471130","51","臺灣省","大專","Y","*"," "
"'03","'008","'02","'000","'0000","10","黃秀女","'16","'2","'0450325","53","臺灣省","高中","Y"," "," "
"'03","'008","'03","'000","'0000","1","黃順昱","'999","'1","'0650822","33","臺灣省","大專","N"," "," "
"'03","'008","'03","'000","'0000","2","陳昭煜","'16","'1","'0511114","47","臺灣省","大專","N","*"," "
"'03","'008","'03","'000","'0000","3","陳淑惠","'1","'2","'0461225","52","臺灣省","大專","Y","*"," "
"'03","'008","'03","'000","'0000","4","林儒彬","'1","'1","'0680120","30","臺灣省","大專","N"," "," "
"'03","'008","'03","'000","'0000","5","謝明謀","'1","'1","'0390415","59","臺灣省","高中","N","*"," "
"'03","'008","'03","'000","'0000","6","陳倩月","'999","'2","'0610725","37","高雄市","其他","N","*"," "
"'03","'008","'03","'000","'0000","7","李素紅","'1","'2","'0470909","51","臺灣省","高中","N"," "," "
"'03","'008","'04","'000","'0000","1","曾萬定","'999","'1","'0500516","48","臺灣省","高中","N"," "," "
"'03","'008","'04","'000","'0000","2","林宗立","'999","'1","'0421210","56","臺灣省","其他","N"," "," "
"'03","'008","'04","'000","'0000","3","蔡宜助","'1","'1","'0680530","30","臺灣省","大專","Y","*"," "
"'03","'008","'04","'000","'0000","4","林本立","'999","'1","'0421113","56","臺灣省","高中","N","*"," "
"'03","'008","'04","'000","'0000","5","何勝豐","'999","'1","'0460312","52","臺灣省","其他","Y","*"," "
"'03","'008","'04","'000","'0000","6","劉一平","'16","'1","'0470910","51","臺灣省","高中","Y"," "," "
"'03","'008","'04","'000","'0000","7","許素霞","'1","'2","'0530310","45","臺灣省","大專","Y","*"," "
"'03","'008","'04","'000","'0000","8","吳瑞芳","'999","'2","'0460108","52","臺灣省","高中","N","*"," "
"'03","'008","'04","'000","'0000","9","康誌合","'16","'1","'0520110","46","臺灣省","高中","Y"," "," "
"'03","'008","'05","'000","'0000","1","黃志學","'1","'1","'0351130","63","臺灣省","高中","N","*"," "
"'03","'008","'05","'000","'0000","2","陳永來","'999","'1","'0501115","48","臺灣省","高中","N"," "," "
"'03","'008","'05","'000","'0000","3","潘一全","'999","'1","'0591126","39","臺灣省","高中","Y","*"," "
"'03","'008","'05","'000","'0000","4","林芳伃","'1","'2","'0510528","47","臺灣省","大專","N"," "," "
"'03","'008","'05","'000","'0000","5","王彩雲","'1","'2","'0510930","47","臺灣省","高中","Y","*"," "
"'03","'008","'05","'000","'0000","6","戴世詮","'999","'1","'0570523","41","臺灣省","高中","Y","*"," "
"'03","'008","'05","'000","'0000","7","廖志城","'16","'1","'0511111","47","臺灣省","高中","Y","*"," "
"'03","'008","'05","'000","'0000","8","吳翰賢","'999","'1","'0540416","44","臺灣省","其他","N"," "," "
"'03","'008","'05","'000","'0000","9","許阿甘","'16","'2","'0350201","63","臺灣省","高中","Y","*"," "
"'03","'008","'05","'000","'0000","10","李增全","'1","'1","'0440914","54","臺灣省","高中","Y","*"," "
"'03","'008","'05","'000","'0000","11","吳國昌","'999","'1","'0440129","54","臺灣省","其他","Y","*"," "
"'03","'009","'01","'000","'0000","1","黃耀煌","'16","'1","'0510107","47","臺灣省","大專","Y","*"," "
"'03","'009","'01","'000","'0000","2","周秀月","'1","'2","'0450915","53","臺灣省","碩士","Y","!"," "
"'03","'009","'01","'000","'0000","3","蔡玉霜","'999","'2","'0310831","67","臺灣省","大專","Y"," "," "
"'03","'009","'01","'000","'0000","4","林琨富","'999","'1","'0670831","31","臺灣省","其他","N","*"," "
"'03","'009","'01","'000","'0000","5","李建昇","'16","'1","'0490219","49","臺灣省","大專","Y","*"," "
"'03","'009","'01","'000","'0000","6","張振成","'999","'1","'0560904","42","臺灣省","其他","N"," "," "
"'03","'009","'01","'000","'0000","7","蔡孟岳","'999","'1","'0590426","39","臺灣省","大專","N"," "," "
"'03","'009","'01","'000","'0000","8","陳河山","'1","'1","'0440205","54","臺灣省","高中","N","*"," "
"'03","'009","'01","'000","'0000","9","李建志","'999","'1","'0580526","40","臺灣省","碩士","Y","*"," "
"'03","'009","'01","'000","'0000","10","林聖爵","'999","'1","'0651125","33","臺灣省","大專","N","*"," "
"'03","'009","'01","'000","'0000","11","張和平","'1","'1","'0350401","63","臺灣省","其他","N","-"," "
"'03","'009","'01","'000","'0000","12","王又民","'1","'1","'0630124","35","臺灣省","大專","N"," "," "
"'03","'009","'01","'000","'0000","13","江文登","'16","'1","'0600130","38","臺灣省","高中","N","*"," "
"'03","'009","'01","'000","'0000","14","賴淑娞","'1","'2","'0510622","47","臺灣省","碩士","N","*"," "
"'03","'009","'02","'000","'0000","1","李長發","'1","'1","'0401211","58","臺灣省","大專","Y"," "," "
"'03","'009","'02","'000","'0000","2","簡慈坊","'999","'2","'0700712","28","臺灣省","大專","N","*"," "
"'03","'009","'02","'000","'0000","3","陳文山","'999","'1","'0470318","51","臺灣省","其他","N"," "," "
"'03","'009","'02","'000","'0000","4","蔡東富","'999","'1","'0480513","50","臺灣省","其他","N","*"," "
"'03","'009","'02","'000","'0000","5","沈銘恭","'16","'1","'0550310","43","臺灣省","大專","Y","*"," "
"'03","'009","'02","'000","'0000","6","鐘俊興","'1","'1","'0391101","59","臺灣省","其他","Y","*"," "
"'03","'009","'02","'000","'0000","7","黃淑芬","'999","'2","'0660104","32","高雄市","高中","N"," "," "
"'03","'009","'02","'000","'0000","8","王秋足","'1","'2","'0431023","55","臺灣省","高中","Y","*"," "
"'03","'009","'02","'000","'0000","9","陳樹吉","'999","'1","'0441210","54","臺灣省","高中","N"," "," "
"'03","'009","'02","'000","'0000","10","林朝寶","'16","'1","'0590517","39","臺灣省","大專","N","*"," "
"'03","'009","'02","'000","'0000","11","廖文瑞","'999","'1","'0510510","47","臺灣省","高中","N"," "," "
"'03","'009","'03","'000","'0000","1","許維修","'999","'1","'0650316","33","臺灣省","大專","N"," "," "
"'03","'009","'03","'000","'0000","2","陳瑞雄","'1","'1","'0491208","49","臺灣省","高中","Y","*"," "
"'03","'009","'03","'000","'0000","3","黃進一","'999","'1","'0550110","43","臺灣省","高中","Y","*"," "
"'03","'009","'03","'000","'0000","4","林明添","'999","'1","'0460425","52","臺灣省","其他","N"," "," "
"'03","'009","'03","'000","'0000","5","謝翠蓮","'1","'2","'0370921","61","臺灣省","高中","Y","!"," "
"'03","'009","'03","'000","'0000","6","沈宗隆","'1","'1","'0480427","50","臺灣省","其他","Y","*"," "
"'03","'009","'03","'000","'0000","7","王士壬","'95","'1","'0401213","58","臺灣省","其他","Y","*"," "
"'03","'009","'03","'000","'0000","8","林新丁","'16","'1","'0410522","57","臺灣省","其他","N","*"," "
"'03","'009","'03","'000","'0000","9","陳俊龍","'999","'1","'0580704","40","臺灣省","碩士","N","-"," "
"'03","'009","'03","'000","'0000","10","李健福","'16","'1","'0401020","58","臺灣省","高中","Y","*"," "
"'03","'009","'03","'000","'0000","11","黃凱","'999","'1","'0630209","35","臺灣省","其他","N","*"," "
"'03","'009","'03","'000","'0000","12","蔡桓生","'999","'1","'0531012","45","臺灣省","其他","N"," "," "
"'03","'009","'03","'000","'0000","13","陳敏華","'1","'2","'0590218","39","臺灣省","高中","Y"," "," "
"'03","'009","'03","'000","'0000","14","蔡秋敏","'16","'2","'0500206","48","臺灣省","高中","N","*"," "
"'03","'009","'04","'000","'0000","1","廖錦珠","'1","'2","'0460110","52","臺灣省","高中","Y","*"," "
"'03","'009","'04","'000","'0000","2","廖偉博","'1","'1","'0560707","42","臺灣省","高中","Y"," "," "
"'03","'009","'04","'000","'0000","3","詹㨗凱","'999","'1","'0430920","55","臺灣省","高中","Y"," "," "
"'03","'009","'04","'000","'0000","4","王鐵道","'999","'1","'0400208","58","臺灣省","高中","Y","*"," "
"'03","'009","'04","'000","'0000","5","廖秋萍","'16","'2","'0660530","32","臺灣省","高中","N","*"," "
"'03","'009","'04","'000","'0000","6","廖清祥","'16","'1","'0550301","43","臺灣省","碩士","Y","*"," "
"'03","'009","'04","'000","'0000","7","鄭玲惠","'999","'2","'0501017","48","臺灣省","高中","Y","*"," "
"'03","'009","'04","'000","'0000","8","李合同","'999","'1","'0461220","52","臺灣省","其他","N","*"," "
"'03","'009","'04","'000","'0000","9","李明哲","'1","'1","'0571031","41","臺灣省","大專","N","*"," "
"'03","'009","'05","'000","'0000","1","黃淑鈴","'999","'2","'0500720","48","臺灣省","高中","N"," "," "
"'03","'009","'05","'000","'0000","2","林易徵","'999","'1","'0650920","33","臺灣省","大專","N"," "," "
"'03","'009","'05","'000","'0000","3","鄭東來","'16","'1","'0441002","54","臺灣省","大專","Y","*"," "
"'03","'009","'05","'000","'0000","4","林建鴻","'999","'1","'0540318","44","臺灣省","大專","N","*"," "
"'03","'009","'05","'000","'0000","5","張素蘭","'1","'2","'0450516","53","臺灣省","高中","Y","*"," "
"'03","'009","'05","'000","'0000","6","王清貴","'1","'1","'0290109","69","臺灣省","其他","Y","*"," "
"'03","'009","'05","'000","'0000","7","林深","'999","'1","'0470227","51","臺灣省","大專","N","*"," "
"'03","'009","'05","'000","'0000","8","丁麗秋","'999","'2","'0541217","44","臺灣省","其他","N"," "," "
"'03","'009","'05","'000","'0000","9","蘇金煌","'1","'1","'0340712","64","臺灣省","高中","Y","*"," "
"'03","'009","'05","'000","'0000","10","林宗弘","'999","'1","'0661211","32","臺灣省","大專","N"," "," "
"'03","'009","'06","'000","'0000","1","黃文祥","'999","'1","'0511210","47","臺灣省","高中","N","*"," "
"'03","'009","'06","'000","'0000","2","林逢錦","'999","'1","'0480928","50","臺灣省","高中","N","*"," "
"'03","'009","'06","'000","'0000","3","林哲凌","'16","'1","'0521203","46","臺灣省","大專","Y","*"," "
"'03","'009","'06","'000","'0000","4","蕭慧敏","'999","'2","'0490415","49","臺灣省","大專","Y"," "," "
"'03","'009","'06","'000","'0000","5","蔡孟真","'999","'2","'0660216","32","臺灣省","高中","N","*"," "
"'03","'009","'06","'000","'0000","6","王春環","'999","'2","'0450412","53","臺灣省","高中","N"," "," "
"'03","'009","'06","'000","'0000","7","翁水上","'999","'1","'0440320","54","臺灣省","其他","Y","*"," "
"'03","'009","'06","'000","'0000","8","蔡岳儒","'16","'1","'0640906","34","臺灣省","大專","Y","*"," "
"'03","'010","'01","'000","'0000","1","林寶瓶","'1","'1","'0421210","56","臺灣省","高中","Y","*"," "
"'03","'010","'01","'000","'0000","2","劉敬祥","'16","'1","'0531001","45","臺灣省","高中","Y","*"," "
"'03","'010","'01","'000","'0000","3","陳進文","'999","'1","'0440910","54","臺灣省","高中","N"," "," "
"'03","'010","'01","'000","'0000","4","黃傑","'16","'1","'0470512","51","臺灣省","其他","Y","*"," "
"'03","'010","'01","'000","'0000","5","賴瓊如","'999","'2","'0571114","41","臺灣省","高中","N","*"," "
"'03","'010","'01","'000","'0000","6","官文樹","'999","'1","'0400210","58","臺灣省","其他","Y","*"," "
"'03","'010","'01","'000","'0000","7","楊秀玉","'16","'2","'0360410","62","臺灣省","高中","Y","*"," "
"'03","'010","'01","'000","'0000","8","吳李綠","'16","'2","'0450702","53","臺灣省","高中","Y"," "," "
"'03","'010","'01","'000","'0000","9","詹家甄","'1","'2","'0670825","31","臺灣省","碩士","N","*"," "
"'03","'010","'02","'000","'0000","1","賴朝崙","'999","'1","'0440213","54","臺灣省","高中","Y","*"," "
"'03","'010","'02","'000","'0000","2","王幸悅","'16","'2","'0451113","53","臺灣省","高中","Y","*"," "
"'03","'010","'02","'000","'0000","3","許能通","'999","'1","'0420320","56","臺灣省","碩士","N"," "," "
"'03","'010","'02","'000","'0000","4","葉孟龍","'999","'1","'0701102","28","臺灣省","大專","N","*"," "
"'03","'010","'02","'000","'0000","5","張嘉瀧","'1","'1","'0370917","61","臺灣省","大專","N"," "," "
"'03","'010","'02","'000","'0000","6","黃嘉寬","'16","'1","'0440725","54","臺灣省","高中","N","*"," "
"'03","'010","'02","'000","'0000","7","林秀琴","'16","'2","'0421004","56","臺灣省","其他","Y","*"," "
"'03","'010","'02","'000","'0000","8","林于玲","'1","'2","'0520208","46","臺灣省","大專","Y","*"," "
"'03","'010","'02","'000","'0000","9","林明記","'1","'1","'0400727","58","臺灣省","其他","N"," "," "
"'03","'010","'02","'000","'0000","10","何旭昇","'999","'1","'0571007","41","臺灣省","其他","N","*"," "
"'03","'010","'03","'000","'0000","1","葉和平","'16","'1","'0371205","61","臺灣省","其他","N","*"," "
"'03","'010","'03","'000","'0000","2","詹金繪","'16","'2","'0461105","52","臺灣省","高中","Y","*"," "
"'03","'010","'03","'000","'0000","3","陳保仁","'1","'1","'0441224","54","臺灣省","高中","N","*"," "
"'03","'010","'03","'000","'0000","4","簡泰河","'1","'1","'0430701","55","臺灣省","大專","Y"," "," "
"'03","'010","'03","'000","'0000","5","江安邦","'999","'1","'0570404","41","臺灣省","大專","N"," "," "
"'03","'010","'03","'000","'0000","6","郭芳宜","'16","'1","'0480216","50","臺灣省","其他","N","*"," "
"'03","'010","'03","'000","'0000","7","吳思蓉","'1","'2","'0460824","52","臺灣省","大專","Y","*"," "
"'03","'010","'04","'000","'0000","1","陳永法","'1","'1","'0510721","47","臺灣省","大專","N"," "," "
"'03","'010","'04","'000","'0000","2","李國勝","'1","'1","'0531213","45","臺灣省","大專","Y","*"," "
"'03","'010","'04","'000","'0000","3","陳怡岳","'16","'1","'0630921","35","臺灣省","大專","N","*"," "
"'03","'010","'04","'000","'0000","4","蔡奇璋","'1","'1","'0490110","49","臺灣省","大專","N","*"," "
"'03","'010","'04","'000","'0000","5","蔡鼎三","'16","'1","'0501012","48","臺灣省","大專","N","*"," "
"'03","'010","'04","'000","'0000","6","雷其玫","'999","'2","'0660916","32","臺灣省","高中","N"," "," "
"'03","'010","'04","'000","'0000","7","余政達","'999","'1","'0500214","48","臺灣省","大專","Y","*"," "
"'03","'010","'04","'000","'0000","8","郭西川","'999","'1","'0410406","57","臺灣省","其他","N","*"," "
"'03","'010","'04","'000","'0000","9","侯明月","'999","'2","'0520410","46","臺灣省","其他","N"," "," "
"'03","'010","'04","'000","'0000","10","黃嫈珺","'16","'2","'0720405","26","臺灣省","大專","N","*"," "
"'03","'010","'05","'000","'0000","1","陳鳳梅","'16","'2","'0500924","48","臺灣省","高中","Y","*"," "
"'03","'010","'05","'000","'0000","2","陳俊宏","'1","'1","'0350215","63","臺灣省","高中","Y"," "," "
"'03","'010","'05","'000","'0000","3","翁聰賢","'16","'1","'0601129","38","臺灣省","大專","Y","*"," "
"'03","'010","'05","'000","'0000","4","顏蔡淑惠","'1","'2","'0430326","55","臺灣省","其他","Y","*"," "
"'03","'010","'06","'000","'0000","1","張明達","'16","'1","'0490801","49","臺灣省","大專","Y","*"," "
"'03","'010","'06","'000","'0000","2","詹黃素蓮","'1","'2","'0420517","56","臺灣省","大專","N","*"," "
"'03","'010","'06","'000","'0000","3","林劉玉嬌","'1","'2","'0401124","58","臺灣省","其他","Y"," "," "
"'03","'010","'06","'000","'0000","4","曾亮哲","'999","'1","'0581030","40","臺灣省","大專","N","*"," "
"'03","'010","'06","'000","'0000","5","何子凡","'95","'1","'0700818","51","臺灣省","大專","N"," "," "
"'03","'010","'06","'000","'0000","6","羅士洋","'16","'1","'0480725","50","臺灣省","高中","Y","*"," "
"'03","'010","'06","'000","'0000","7","陳柏麟","'999","'1","'0581130","40","臺灣省","碩士","Y","*"," "
"'03","'010","'06","'000","'0000","8","蔡文基","'16","'1","'0421211","56","臺灣省","高中","Y"," "," "
"'03","'010","'06","'000","'0000","9","連鳳齊","'999","'2","'0430905","55","臺灣省","其他","N","*"," "
"'03","'010","'06","'000","'0000","10","侯清河","'1","'1","'0370202","61","臺灣省","高中","Y","*"," "
"'03","'013","'01","'000","'0000","1","蔣月惠","'999","'2","'0480412","50","臺灣省","大專","N"," "," "
"'03","'013","'01","'000","'0000","2","蘇義峰","'16","'1","'0460130","52","臺灣省","高中","Y","*"," "
"'03","'013","'01","'000","'0000","3","黃國安","'1","'1","'0431201","55","臺灣省","高中","Y","*"," "
"'03","'013","'01","'000","'0000","4","王偉華","'1","'1","'0510107","47","臺北市","大專","N"," "," "
"'03","'013","'01","'000","'0000","5","曾義雄","'1","'1","'0500301","48","臺灣省","大專","Y","*"," "
"'03","'013","'01","'000","'0000","6","林亞蒓","'1","'2","'0570311","41","臺北市","大專","Y","*"," "
"'03","'013","'01","'000","'0000","7","李清聖","'16","'1","'0541225","44","臺灣省","大專","Y","*"," "
"'03","'013","'01","'000","'0000","8","施蘇貴美","'1","'2","'0271117","71","臺灣省","高中","Y","!"," "
"'03","'013","'01","'000","'0000","9","黃茂銘","'999","'1","'0500909","48","臺灣省","其他","N"," "," "
"'03","'013","'01","'000","'0000","10","陳玉蘭","'999","'2","'0420302","56","臺灣省","其他","N"," "," "
"'03","'013","'01","'000","'0000","11","劉育豪","'16","'1","'0560826","42","臺灣省","其他","N","-"," "
"'03","'013","'01","'000","'0000","12","蔣家煌","'999","'1","'0510106","47","臺灣省","高中","Y","*"," "
"'03","'013","'01","'000","'0000","13","陳美瓊","'1","'2","'0480916","50","臺灣省","高中","N"," "," "
"'03","'013","'01","'000","'0000","14","唐玉琴","'1","'2","'0441020","54","臺灣省","大專","Y","!"," "
"'03","'013","'01","'000","'0000","15","蔡豪","'999","'1","'0470801","51","臺灣省","其他","N","*"," "
"'03","'013","'01","'000","'0000","16","林淑香","'999","'2","'0531104","45","臺灣省","高中","N"," "," "
"'03","'013","'01","'000","'0000","17","邱名璋","'16","'1","'0630225","35","臺灣省","碩士","Y","*"," "
"'03","'013","'01","'000","'0000","18","林明順","'999","'1","'0430102","55","臺灣省","高中","N","-"," "
"'03","'013","'01","'000","'0000","19","張金文","'1","'1","'0480901","50","臺灣省","其他","Y","*"," "
"'03","'013","'01","'000","'0000","20","李世斌","'16","'1","'0510505","47","臺灣省","碩士","Y","*"," "
"'03","'013","'02","'000","'0000","1","許國華","'16","'1","'0441105","54","臺灣省","高中","Y","*"," "
"'03","'013","'02","'000","'0000","2","王景山","'999","'1","'0521014","46","臺灣省","大專","N"," "," "
"'03","'013","'02","'000","'0000","3","何春美","'1","'2","'0430208","55","臺灣省","大專","Y","*"," "
"'03","'013","'02","'000","'0000","4","尤慶賀","'999","'1","'0490819","49","臺灣省","大專","Y","*"," "
"'03","'013","'02","'000","'0000","5","江維屏","'999","'1","'0530330","45","臺灣省","高中","N","*"," "
"'03","'013","'02","'000","'0000","6","葉明博","'1","'1","'0450909","53","臺灣省","高中","Y","*"," "
"'03","'013","'02","'000","'0000","7","吳亮慶","'999","'1","'0430408","55","臺灣省","高中","Y","*"," "
"'03","'013","'02","'000","'0000","8","王樹圍","'999","'1","'0441101","54","臺灣省","碩士","N","*"," "
"'03","'013","'02","'000","'0000","9","張惠怡","'1","'2","'0590715","39","臺灣省","碩士","Y"," "," "
"'03","'013","'02","'000","'0000","10","盧靖雯","'999","'2","'0730427","25","臺灣省","高中","N"," "," "
"'03","'013","'02","'000","'0000","11","宋麗華","'1","'2","'0570413","41","臺北市","碩士","N","*"," "
"'03","'013","'03","'000","'0000","1","賴耀熙","'999","'1","'0411210","57","臺灣省","大專","Y"," "," "
"'03","'013","'03","'000","'0000","2","潘政治","'999","'1","'0470606","51","臺灣省","大專","N"," "," "
"'03","'013","'03","'000","'0000","3","徐榮耀","'1","'1","'0410126","57","高雄市","高中","Y","*"," "
"'03","'013","'03","'000","'0000","4","潘淑真","'16","'2","'0540915","44","臺灣省","大專","Y","*"," "
"'03","'013","'03","'000","'0000","5","潘長成","'999","'1","'0541008","44","臺灣省","高中","N","*"," "
"'03","'013","'03","'000","'0000","6","劉淼松","'1","'1","'0550812","43","臺灣省","高中","Y","*"," "
"'03","'013","'03","'000","'0000","7","徐統盛","'999","'1","'0360102","62","臺灣省","大專","N"," "," "
"'03","'013","'03","'000","'0000","8","許馨勻","'1","'2","'0680202","30","臺灣省","大專","N","*"," "
"'03","'013","'03","'000","'0000","9","曾勳任","'16","'1","'0251017","73","臺灣省","大專","Y","*"," "
"'03","'013","'03","'000","'0000","10","盧文信","'999","'1","'0621016","36","臺灣省","高中","Y","*"," "
"'03","'013","'03","'000","'0000","11","李世淦","'999","'1","'0641209","34","臺灣省","大專","N"," "," "
"'03","'013","'03","'000","'0000","12","王志豐","'1","'1","'0510311","47","臺灣省","大專","Y","*"," "
"'03","'013","'03","'000","'0000","13","潘連周","'999","'1","'0530817","45","臺灣省","大專","Y","*"," "
"'03","'013","'03","'000","'0000","14","黃明榮","'16","'1","'0410514","57","臺灣省","其他","Y","*"," "
"'03","'013","'03","'000","'0000","15","林郁虹","'1","'2","'0510319","47","臺灣省","大專","Y"," "," "
"'03","'013","'04","'000","'0000","1","何輝能","'16","'1","'0380911","60","臺灣省","其他","N"," "," "
"'03","'013","'04","'000","'0000","2","李香蘭","'1","'2","'0600715","38","臺灣省","大專","Y","*"," "
"'03","'013","'04","'000","'0000","3","黃纓桔","'16","'2","'0450909","53","臺灣省","其他","N"," "," "
"'03","'013","'04","'000","'0000","4","盧同恊","'16","'1","'0421220","56","臺灣省","其他","Y","*"," "
"'03","'013","'04","'000","'0000","5","郭美玉","'1","'2","'0340104","64","臺灣省","高中","Y","*"," "
"'03","'013","'04","'000","'0000","6","鄭寶川","'999","'1","'0400906","58","臺灣省","其他","N","*"," "
"'03","'013","'04","'000","'0000","7","洪合詳","'999","'1","'0430110","55","臺灣省","其他","N"," "," "
"'03","'013","'04","'000","'0000","8","劉水復","'999","'1","'0450318","53","臺灣省","其他","Y","*"," "
"'03","'013","'04","'000","'0000","9","劉新乎","'95","'1","'0400702","58","臺灣省","大專","N"," "," "
"'03","'013","'04","'000","'0000","10","黃斯平","'999","'2","'0731009","25","臺灣省","大專","N","*"," "
"'03","'013","'04","'000","'0000","11","林清都","'999","'1","'0420212","56","臺灣省","其他","Y","*"," "
"'03","'013","'04","'000","'0000","12","郭再添","'999","'1","'0620809","36","臺灣省","高中","N","*"," "
"'03","'013","'05","'000","'0000","1","楊嘉慶","'16","'1","'0400816","58","臺灣省","大專","Y","*"," "
"'03","'013","'05","'000","'0000","2","鄭文華","'999","'1","'0430305","55","臺灣省","大專","Y"," "," "
"'03","'013","'05","'000","'0000","3","王啟敏","'1","'1","'0441204","54","臺灣省","大專","Y","*"," "
"'03","'013","'05","'000","'0000","4","林玉花","'16","'2","'0530802","45","臺灣省","大專","N","*"," "
"'03","'013","'05","'000","'0000","5","周碧雲","'999","'2","'0610830","37","臺灣省","大專","Y","*"," "
"'03","'013","'06","'000","'0000","1","林顯水","'1","'1","'0480524","50","臺灣省","碩士","N","*"," "
"'03","'013","'06","'000","'0000","2","張榮志","'1","'1","'0480909","50","臺灣省","高中","Y","*"," "
"'03","'013","'06","'000","'0000","3","曾瓊慧","'999","'2","'0560308","42","臺灣省","高中","N"," "," "
"'03","'013","'06","'000","'0000","4","鍾乙豪","'95","'1","'0630708","35","臺灣省","大專","N"," "," "
"'03","'013","'06","'000","'0000","5","林亞相","'16","'1","'0480414","50","臺灣省","大專","Y","*"," "
"'03","'013","'07","'000","'0000","1","李慶裕","'999","'1","'0520307","46","臺灣省","高中","N"," "," "
"'03","'013","'07","'000","'0000","2","陳惠琴","'999","'2","'0440103","54","臺灣省","大專","Y"," "," "
"'03","'013","'07","'000","'0000","3","王薇茗","'999","'2","'0730404","25","臺灣省","大專","N","*"," "
"'03","'014","'01","'000","'0000","1","鄭安定","'1","'1","'0321210","66","臺灣省","其他","N"," "," "
"'03","'014","'01","'000","'0000","2","謝明珠","'999","'2","'0380701","60","臺灣省","大專","Y","*"," "
"'03","'014","'01","'000","'0000","3","黃秋","'999","'2","'0480817","50","臺灣省","大專","Y","*"," "
"'03","'014","'01","'000","'0000","4","陳顯興","'1","'1","'0450825","53","臺灣省","大專","Y","*"," "
"'03","'014","'01","'000","'0000","5","陳志峰","'999","'1","'0540728","44","臺灣省","其他","N","*"," "
"'03","'014","'01","'000","'0000","6","林參天","'16","'1","'0471120","51","臺灣省","高中","N","*"," "
"'03","'014","'01","'000","'0000","7","李建智","'1","'1","'0480115","50","臺灣省","高中","Y","*"," "
"'03","'014","'01","'000","'0000","8","饒慶鈴","'1","'2","'0581123","40","臺灣省","博士","Y","*"," "
"'03","'014","'01","'000","'0000","9","田石雄","'1","'1","'0371124","61","臺灣省","其他","Y","*"," "
"'03","'014","'01","'000","'0000","10","王飛龍","'999","'1","'0390823","59","臺灣省","高中","Y"," "," "
"'03","'014","'01","'000","'0000","11","彭權英","'999","'2","'0450920","53","臺灣省","大專","N"," "," "
"'03","'014","'01","'000","'0000","12","張國洲","'1","'1","'0460726","52","臺灣省","高中","Y","*"," "
"'03","'014","'01","'000","'0000","13","吳景槐","'1","'1","'0510212","47","臺灣省","大專","N","*"," "
"'03","'014","'01","'000","'0000","14","李榮福","'1","'1","'0471021","51","臺灣省","高中","N"," "," "
"'03","'014","'01","'000","'0000","15","林文隆","'1","'1","'0341027","64","臺北市","高中","N"," "," "
"'03","'014","'02","'000","'0000","1","張清忠","'1","'1","'0440404","54","臺灣省","大專","N","*"," "
"'03","'014","'02","'000","'0000","2","張卓然","'1","'1","'0360926","62","其他","高中","Y","*"," "
"'03","'014","'03","'000","'0000","1","許進榮","'999","'1","'0551218","43","臺灣省","其他","Y","*"," "
"'03","'014","'03","'000","'0000","2","林東滿","'1","'1","'0381015","60","臺灣省","高中","N","*"," "
"'03","'014","'03","'000","'0000","3","張順貴","'1","'1","'0420201","56","臺灣省","高中","Y"," "," "
"'03","'014","'04","'000","'0000","1","陳宏宗","'1","'1","'0471101","51","臺灣省","高中","N","*"," "
"'03","'014","'04","'000","'0000","2","葉寶山","'999","'1","'0470530","51","臺灣省","高中","N"," "," "
"'03","'014","'04","'000","'0000","3","徐良坤","'1","'1","'0421201","56","臺灣省","高中","Y"," "," "
"'03","'014","'04","'000","'0000","4","林惠就","'1","'2","'0470108","51","臺灣省","高中","N"," "," "
"'03","'014","'04","'000","'0000","5","李振源","'999","'1","'0490824","49","臺灣省","大專","Y","*"," "
"'03","'014","'05","'000","'0000","1","張順福","'16","'1","'0550315","43","臺灣省","高中","N"," "," "
"'03","'014","'05","'000","'0000","2","李錦慧","'1","'1","'0440711","54","臺灣省","大專","Y","*"," "
"'03","'015","'01","'000","'0000","1","陳瓊玉","'1","'2","'0441105","54","臺灣省","碩士","N"," "," "
"'03","'015","'01","'000","'0000","2","蔡啟塔","'1","'1","'0471009","51","臺灣省","高中","N","*"," "
"'03","'015","'01","'000","'0000","3","施金樹","'16","'1","'0470827","51","臺灣省","大專","Y","*"," "
"'03","'015","'01","'000","'0000","4","劉曉玫","'16","'2","'0621215","36","臺灣省","大專","Y","*"," "
"'03","'015","'01","'000","'0000","5","莊枝財","'16","'1","'0421006","56","臺灣省","高中","N","*"," "
"'03","'015","'01","'000","'0000","6","施慧萍","'1","'2","'0631101","35","臺灣省","大專","N","!"," "
"'03","'015","'01","'000","'0000","7","栗國軫","'1","'1","'0410528","57","臺灣省","大專","N"," "," "
"'03","'015","'01","'000","'0000","8","魏嘉賢","'1","'1","'0670713","31","臺灣省","大專","Y","*"," "
"'03","'015","'01","'000","'0000","9","楊文值","'1","'1","'0440116","54","臺灣省","大專","Y","*"," "
"'03","'015","'01","'000","'0000","10","李秋旺","'1","'1","'0441029","54","臺灣省","大專","Y","*"," "
"'03","'015","'01","'000","'0000","11","謝國榮","'1","'1","'0470720","51","臺灣省","其他","Y","*"," "
"'03","'015","'01","'000","'0000","12","林連明","'1","'1","'0390304","59","臺灣省","高中","N","-"," "
"'03","'015","'02","'000","'0000","1","林再川","'1","'1","'0300926","68","臺灣省","高中","N"," "," "
"'03","'015","'02","'000","'0000","2","賴進坤","'1","'1","'0481231","50","臺灣省","高中","N","*"," "
"'03","'015","'02","'000","'0000","3","何禮臺","'1","'1","'0510421","47","臺灣省","高中","N","*"," "
"'03","'015","'02","'000","'0000","4","鄧可平","'1","'2","'0540928","44","臺灣省","大專","N"," "," "
"'03","'015","'03","'000","'0000","1","邱美雲","'1","'2","'0471216","51","臺灣省","高中","N"," "," "
"'03","'015","'03","'000","'0000","2","葉鯤璟","'1","'1","'0430810","55","臺灣省","高中","N","*"," "
"'03","'015","'03","'000","'0000","3","張峻","'999","'1","'0630303","35","臺灣省","高中","N","*"," "
"'03","'015","'03","'000","'0000","4","蕭文龍","'1","'1","'0410415","57","臺灣省","其他","Y","*"," "
"'03","'015","'03","'000","'0000","5","吳建志","'1","'1","'0691216","29","臺灣省","高中","N"," "," "
"'03","'015","'03","'000","'0000","6","游美雲","'16","'2","'0490131","49","臺灣省","高中","Y","!"," "
"'03","'015","'03","'000","'0000","7","邱永双","'1","'1","'0410818","57","臺灣省","高中","N","*"," "
"'03","'015","'03","'000","'0000","8","徐雪玉","'1","'2","'0500108","48","臺灣省","高中","Y","*"," "
"'03","'015","'03","'000","'0000","9","黃振富","'16","'1","'0560726","42","臺灣省","碩士","N","*"," "
"'03","'015","'03","'000","'0000","10","陳泰州","'1","'1","'0311010","67","臺灣省","其他","Y"," "," "
"'03","'015","'03","'000","'0000","11","楊添丁","'999","'1","'0450608","53","臺灣省","高中","N"," "," "
"'03","'015","'03","'000","'0000","12","黃聖庭","'999","'1","'0611216","37","臺灣省","大專","N"," "," "
"'03","'015","'03","'000","'0000","13","張正治","'1","'1","'0550317","43","臺灣省","其他","N","*"," "
"'03","'015","'03","'000","'0000","14","鄭乾龍","'999","'1","'0531024","45","臺灣省","高中","N","-"," "
"'03","'015","'03","'000","'0000","15","趙世源","'1","'1","'0470623","51","臺灣省","大專","Y"," "," "
"'03","'015","'03","'000","'0000","16","林春生","'1","'1","'0400328","58","臺灣省","高中","Y","*"," "
"'03","'015","'03","'000","'0000","17","簡妙芬","'1","'2","'0630526","35","臺灣省","大專","N"," "," "
"'03","'015","'04","'000","'0000","1","潘富民","'1","'1","'0471207","51","臺灣省","高中","Y","*"," "
"'03","'015","'04","'000","'0000","2","鄧國祥","'1","'1","'0360523","62","臺灣省","高中","N"," "," "
"'03","'015","'04","'000","'0000","3","龔文俊","'1","'1","'0510810","47","臺灣省","高中","N","*"," "
"'03","'015","'04","'000","'0000","4","王燕美","'999","'2","'0441126","54","臺灣省","碩士","Y","*"," "
"'03","'016","'01","'000","'0000","1","林長興","'79","'1","'0381023","60","臺灣省","碩士","N"," "," "
"'03","'016","'01","'000","'0000","2","陳雙全","'1","'1","'0501115","48","臺灣省","高中","Y","*"," "
"'03","'016","'01","'000","'0000","3","譚蘭芬","'1","'2","'0571021","41","臺灣省","大專","N"," "," "
"'03","'016","'01","'000","'0000","4","黃春燕","'16","'2","'0460221","52","臺灣省","高中","N","!"," "
"'03","'016","'01","'000","'0000","5","陳海山","'999","'1","'0391110","59","臺灣省","其他","Y","*"," "
"'03","'016","'01","'000","'0000","6","楊曜","'16","'1","'0551206","43","臺灣省","大專","Y","*"," "
"'03","'016","'01","'000","'0000","7","蘇文佐","'999","'1","'0440715","54","臺灣省","其他","Y","*"," "
"'03","'016","'01","'000","'0000","8","胡松榮","'1","'1","'0351001","63","臺灣省","高中","Y","*"," "
"'03","'016","'01","'000","'0000","9","王建傑","'999","'1","'0540117","44","臺灣省","大專","N"," "," "
"'03","'016","'01","'000","'0000","10","藍俊逸","'1","'1","'0351016","63","臺灣省","其他","Y","*"," "
"'03","'016","'01","'000","'0000","11","吳文相","'1","'1","'0370215","61","臺灣省","高中","Y","-"," "
"'03","'016","'01","'000","'0000","12","劉陳昭玲","'1","'2","'0450618","53","臺灣省","碩士","Y","*"," "
"'03","'016","'01","'000","'0000","13","葉竹林","'1","'1","'0510106","47","臺灣省","高中","Y","*"," "
"'03","'016","'01","'000","'0000","14","鄭清發","'1","'1","'0471204","51","臺灣省","高中","Y","*"," "
"'03","'016","'01","'000","'0000","15","歐中慨","'1","'1","'0471010","51","臺灣省","大專","N","*"," "
"'03","'016","'02","'000","'0000","1","歐陽洲","'999","'1","'0610209","37","臺灣省","大專","Y","*"," "
"'03","'016","'02","'000","'0000","2","成萬貫","'999","'1","'0500225","48","臺灣省","其他","N","*"," "
"'03","'016","'02","'000","'0000","3","陳進兩","'999","'1","'0421116","56","臺灣省","高中","Y"," "," "
"'03","'016","'03","'000","'0000","1","鄭來得","'16","'1","'0400622","58","臺灣省","其他","N"," "," "
"'03","'016","'03","'000","'0000","2","宋國進","'1","'1","'0421031","56","臺灣省","高中","N","*"," "
"'03","'016","'03","'000","'0000","3","魏長源","'1","'1","'0400120","58","臺灣省","高中","Y","*"," "
"'03","'016","'04","'000","'0000","1","李添進","'999","'1","'0550917","43","臺灣省","其他","Y","*"," "
"'03","'016","'04","'000","'0000","2","許月里","'999","'2","'0421004","56","臺灣省","其他","Y","*"," "
"'03","'016","'05","'000","'0000","1","俞寶貴","'999","'1","'0660310","32","臺灣省","高中","N"," "," "
"'03","'016","'05","'000","'0000","2","葉明縣","'999","'1","'0440623","54","臺灣省","其他","Y","*"," "
"'03","'016","'06","'000","'0000","1","呂明廣","'999","'1","'0500522","48","臺灣省","高中","N"," "," "
"'03","'016","'06","'000","'0000","2","夏晨榮","'1","'1","'0490106","49","臺灣省","其他","Y","*"," "
"'03","'017","'01","'000","'0000","1","呂美玲","'1","'2","'0530620","45","臺灣省","碩士","Y","*"," "
"'03","'017","'01","'000","'0000","2","羅富友","'1","'1","'0460523","52","臺灣省","高中","N"," "," "
"'03","'017","'01","'000","'0000","3","簡曉東","'1","'1","'0420510","56","臺灣省","高中","N"," "," "
"'03","'017","'01","'000","'0000","4","詹春陽","'16","'1","'0361223","62","臺灣省","高中","Y","*"," "
"'03","'017","'01","'000","'0000","5","謝守男","'1","'1","'0330406","65","臺灣省","高中","Y","*"," "
"'03","'017","'01","'000","'0000","6","藍敏煌","'1","'1","'0560224","42","臺灣省","大專","Y","*"," "
"'03","'017","'01","'000","'0000","7","丁玉玲","'95","'2","'0431120","55","臺灣省","高中","N"," "," "
"'03","'017","'02","'000","'0000","1","韓良圻","'1","'1","'0451202","53","臺灣省","碩士","Y","*"," "
"'03","'017","'02","'000","'0000","2","張漢土","'1","'1","'0411016","57","臺灣省","高中","Y","*"," "
"'03","'017","'02","'000","'0000","3","陳東財","'16","'1","'0401205","58","臺灣省","高中","Y","*"," "
"'03","'017","'02","'000","'0000","4","江鑒育","'1","'1","'0490311","49","其他","高中","N","-"," "
"'03","'017","'02","'000","'0000","5","何淑萍","'1","'2","'0600726","38","臺灣省","碩士","Y","!"," "
"'03","'017","'03","'000","'0000","1","邱三元","'95","'1","'0360104","62","高雄市","其他","N"," "," "
"'03","'017","'03","'000","'0000","2","駱智仁","'1","'1","'0580201","40","臺灣省","大專","N"," "," "
"'03","'017","'03","'000","'0000","3","曾水源","'1","'1","'0380825","60","臺灣省","大專","Y","*"," "
"'03","'017","'03","'000","'0000","4","張芳麗","'1","'2","'0410307","57","臺灣省","大專","Y","*"," "
"'03","'017","'03","'000","'0000","5","莊榮欽","'1","'1","'0460202","52","臺灣省","高中","Y","*"," "
"'03","'017","'03","'000","'0000","6","游祥耀","'16","'1","'0411018","57","臺灣省","大專","Y","*"," "
"'03","'017","'04","'000","'0000","1","林毅","'1","'1","'0560401","42","臺灣省","碩士","N","-"," "
"'03","'017","'04","'000","'0000","2","宋瑋莉","'1","'2","'0460729","52","臺灣省","大專","Y","!"," "
"'03","'017","'04","'000","'0000","3","游秋臨","'1","'1","'0361020","62","臺灣省","高中","N"," "," "
"'03","'017","'04","'000","'0000","4","施世明","'16","'1","'0411102","57","臺灣省","大專","Y","*"," "
"'03","'017","'04","'000","'0000","5","馬嘉鴻","'1","'1","'0600107","38","臺灣省","大專","N"," "," "
"'03","'017","'04","'000","'0000","6","張錦煌","'16","'1","'0440704","54","臺灣省","大專","Y","*"," "
"'03","'017","'04","'000","'0000","7","楊石城","'1","'1","'0510802","47","臺灣省","大專","Y","*"," "
"'03","'017","'05","'000","'0000","1","張保吉","'1","'1","'0520102","46","臺灣省","高中","N"," "," "
"'03","'017","'05","'000","'0000","2","秦鉦","'1","'1","'0420812","56","臺灣省","大專","Y","*"," "
"'03","'017","'05","'000","'0000","3","洪森永","'16","'1","'0541108","44","臺灣省","大專","N","*"," "
"'03","'017","'05","'000","'0000","4","俞叁發","'1","'1","'0540304","44","臺灣省","高中","Y","-"," "
"'03","'017","'05","'000","'0000","5","郭光能","'999","'1","'0410302","57","臺灣省","其他","N"," "," "
"'03","'017","'05","'000","'0000","6","顏厚廣","'999","'1","'0510125","47","臺灣省","碩士","N"," "," "
"'03","'017","'05","'000","'0000","7","莊錦田","'90","'1","'0420513","56","臺灣省","大專","Y","*"," "
"'03","'017","'05","'000","'0000","8","林弘和","'1","'1","'0330410","65","臺灣省","其他","Y"," "," "
"'03","'017","'05","'000","'0000","9","蔡適應","'16","'1","'0620614","36","臺北市","碩士","Y","*"," "
"'03","'017","'05","'000","'0000","10","沈義傳","'1","'1","'0380408","60","臺灣省","其他","Y","*"," "
"'03","'017","'05","'000","'0000","11","陳志成","'16","'1","'0390825","59","臺灣省","大專","N","*"," "
"'03","'017","'05","'000","'0000","12","鄭林清良","'1","'2","'0370502","61","臺灣省","大專","Y","!"," "
"'03","'017","'05","'000","'0000","13","李振銘","'1","'1","'0570324","41","臺灣省","大專","N"," "," "
"'03","'017","'05","'000","'0000","14","杜家輝","'999","'1","'0690423","29","臺北市","大專","N"," "," "
"'03","'017","'05","'000","'0000","15","張銘傑","'1","'1","'0390412","59","臺灣省","高中","N"," "," "
"'03","'017","'06","'000","'0000","1","陳江山","'1","'1","'0481221","50","臺灣省","高中","Y","*"," "
"'03","'017","'06","'000","'0000","2","鄭可熙","'999","'1","'0440202","54","臺灣省","大專","N","*"," "
"'03","'017","'06","'000","'0000","3","鄭怡信","'1","'1","'0441226","54","臺灣省","大專","Y"," "," "
"'03","'017","'06","'000","'0000","4","黃景泰","'1","'1","'0541105","44","臺灣省","碩士","Y","*"," "
"'03","'017","'07","'000","'0000","1","張耿輝","'1","'1","'0500624","48","臺灣省","高中","Y","*"," "
"'03","'017","'07","'000","'0000","2","高辜惠珍","'1","'2","'0470509","51","臺灣省","大專","Y","!"," "
"'03","'017","'07","'000","'0000","3","蘇仁和","'16","'1","'0431005","55","臺灣省","大專","N","*"," "
"'03","'017","'07","'000","'0000","4","陳金樹","'1","'1","'0450601","53","臺灣省","大專","Y","-"," "
"'03","'017","'07","'000","'0000","5","蔡旺璉","'1","'1","'0430301","55","臺灣省","大專","Y","*"," "
"'03","'017","'07","'000","'0000","6","蘇財發","'1","'1","'0380301","60","臺灣省","高中","N","*"," "
"'03","'018","'01","'000","'0000","1","鄭貴元","'999","'1","'0411004","57","臺灣省","碩士","N"," "," "
"'03","'018","'01","'000","'0000","2","陳文正","'999","'1","'0350607","63","臺灣省","其他","Y","*"," "
"'03","'018","'01","'000","'0000","3","曾浿茹","'1","'2","'0710607","27","臺灣省","大專","N"," "," "
"'03","'018","'01","'000","'0000","4","謝希誠","'1","'1","'0510306","47","臺灣省","碩士","Y","*"," "
"'03","'018","'01","'000","'0000","5","羅文熾","'999","'1","'0430930","55","臺灣省","大專","Y","*"," "
"'03","'018","'01","'000","'0000","6","段孝芳","'1","'2","'0490922","49","臺灣省","高中","Y","*"," "
"'03","'018","'01","'000","'0000","7","李國璋","'1","'1","'0590928","39","臺灣省","碩士","Y"," "," "
"'03","'018","'01","'000","'0000","8","黃源甫","'999","'1","'0430526","55","臺灣省","博士","N"," "," "
"'03","'018","'01","'000","'0000","9","鄭宏輝","'16","'1","'0580816","40","臺灣省","碩士","Y","*"," "
"'03","'018","'01","'000","'0000","10","陳世明","'999","'1","'0470322","51","臺灣省","大專","N"," "," "
"'03","'018","'01","'000","'0000","11","林志雅","'999","'1","'0510905","47","臺灣省","高中","N"," "," "
"'03","'018","'01","'000","'0000","12","鍾淑英","'1","'2","'0451012","53","臺灣省","高中","Y","*"," "
"'03","'018","'01","'000","'0000","13","楊玉斌","'999","'1","'0481211","50","臺灣省","高中","N"," "," "
"'03","'018","'01","'000","'0000","14","余邦彥","'1","'1","'0601225","38","臺灣省","大專","N","*"," "
"'03","'018","'01","'000","'0000","15","余旺財","'999","'1","'0410622","57","臺灣省","其他","N"," "," "
"'03","'018","'01","'000","'0000","16","林智堅","'16","'1","'0640527","34","臺灣省","碩士","N","*"," "
"'03","'018","'01","'000","'0000","17","張祖琰","'1","'2","'0401103","58","臺灣省","博士","Y","*"," "
"'03","'018","'01","'000","'0000","18","鄭劉淑妹","'1","'2","'0360401","62","臺灣省","其他","Y"," "," "
"'03","'018","'01","'000","'0000","19","曾資程","'16","'1","'0551231","43","臺灣省","大專","N","*"," "
"'03","'018","'01","'000","'0000","20","鄭正鈐","'1","'1","'0580531","40","臺灣省","博士","Y","*"," "
"'03","'018","'02","'000","'0000","1","林建宏","'999","'1","'0390302","59","臺灣省","其他","N"," "," "
"'03","'018","'02","'000","'0000","2","曾蘭香","'999","'2","'0291005","69","臺灣省","大專","N"," "," "
"'03","'018","'02","'000","'0000","3","許修睿","'999","'1","'0550711","43","臺灣省","碩士","N","*"," "
"'03","'018","'02","'000","'0000","4","許文棟","'999","'1","'0440204","54","臺灣省","其他","Y","*"," "
"'03","'018","'02","'000","'0000","5","魏秀珍","'16","'2","'0291013","69","臺灣省","大專","Y","*"," "
"'03","'018","'02","'000","'0000","6","徐信芳","'1","'1","'0371124","61","臺灣省","大專","Y"," "," "
"'03","'018","'02","'000","'0000","7","田雅芳","'999","'2","'0740126","24","臺灣省","大專","N","*"," "
"'03","'018","'03","'000","'0000","1","杜德弘","'999","'1","'0600130","38","臺灣省","大專","N"," "," "
"'03","'018","'03","'000","'0000","2","陳治雄","'999","'1","'0480423","50","臺灣省","大專","N"," "," "
"'03","'018","'03","'000","'0000","3","鄭正宗","'16","'1","'0370110","61","臺灣省","大專","Y","*"," "
"'03","'018","'03","'000","'0000","4","呂於台","'1","'1","'0401125","58","臺灣省","大專","Y","*"," "
"'03","'018","'03","'000","'0000","5","駱克銘","'1","'1","'0350613","63","臺灣省","高中","Y","*"," "
"'03","'018","'04","'000","'0000","1","蕭志潔","'999","'2","'0490730","49","臺北市","大專","N","*"," "
"'03","'018","'04","'000","'0000","2","謝文進","'999","'1","'0431019","55","臺灣省","高中","Y","*"," "
"'03","'018","'04","'000","'0000","3","蔡錕鈺","'999","'1","'0570618","41","臺灣省","高中","Y","*"," "
"'03","'018","'04","'000","'0000","4","彭昆耀","'999","'1","'0400909","58","臺灣省","高中","N","*"," "
"'03","'018","'04","'000","'0000","5","彭憲忠","'1","'1","'0570402","41","臺灣省","大專","Y"," "," "
"'03","'018","'04","'000","'0000","6","江福湘","'999","'1","'0461015","52","臺灣省","大專","N"," "," "
"'03","'018","'04","'000","'0000","7","李妍慧","'999","'2","'0650710","33","臺北市","碩士","Y","*"," "
"'03","'018","'04","'000","'0000","8","吳秋穀","'16","'1","'0390921","59","臺灣省","大專","N","*"," "
"'03","'018","'04","'000","'0000","9","陳清全","'999","'1","'0380128","60","臺灣省","其他","N","*"," "
"'03","'018","'04","'000","'0000","10","吳青山","'1","'1","'0450312","53","臺灣省","大專","Y","*"," "
"'03","'018","'04","'000","'0000","11","顏政德","'999","'1","'0541111","44","臺灣省","碩士","N"," "," "
"'03","'018","'04","'000","'0000","12","孫鍚洲","'1","'1","'0450819","53","臺灣省","大專","Y","*"," "
"'03","'018","'04","'000","'0000","13","李黃錦燕","'1","'2","'0370102","61","臺灣省","大專","Y"," "," "
"'03","'018","'05","'000","'0000","1","黃燦麟","'999","'1","'0510220","47","臺灣省","高中","N"," "," "
"'03","'018","'05","'000","'0000","2","鄭成光","'1","'1","'0380405","60","臺灣省","其他","Y","*"," "
"'03","'018","'05","'000","'0000","3","陳文彬","'999","'1","'0481030","50","臺灣省","其他","N"," "," "
"'03","'018","'05","'000","'0000","4","林梅華","'999","'2","'0550101","43","臺灣省","高中","Y","*"," "
"'03","'018","'05","'000","'0000","5","王寶文","'999","'2","'0571020","41","臺灣省","大專","N"," "," "
"'03","'018","'05","'000","'0000","6","陳啟源","'999","'1","'0550826","43","臺灣省","大專","N","*"," "
"'03","'018","'05","'000","'0000","7","張憲堂","'999","'1","'0340908","64","臺灣省","其他","N"," "," "
"'03","'018","'05","'000","'0000","8","林耕仁","'1","'1","'0491130","49","臺灣省","碩士","Y","*"," "
"'03","'018","'05","'000","'0000","9","胡獻忠","'999","'1","'0660201","32","臺灣省","高中","N"," "," "
"'03","'018","'05","'000","'0000","10","林漢淇","'16","'1","'0430913","55","臺灣省","高中","Y","*"," "
"'03","'018","'05","'000","'0000","11","賀玉燕","'1","'2","'0420608","56","臺灣省","大專","Y"," "," "
"'03","'018","'05","'000","'0000","12","吳國寶","'999","'1","'0590206","39","臺灣省","碩士","N","*"," "
"'03","'020","'01","'000","'0000","1","傅大偉","'1","'1","'0520429","46","臺灣省","大專","Y","*"," "
"'03","'020","'01","'000","'0000","2","洪有仁","'999","'1","'0491017","49","臺灣省","其他","Y"," "," "
"'03","'020","'01","'000","'0000","3","黃秋澤","'999","'1","'0470810","51","臺灣省","高中","Y","*"," "
"'03","'020","'01","'000","'0000","4","郭美玲","'1","'2","'0510215","47","臺灣省","大專","Y"," "," "
"'03","'020","'01","'000","'0000","5","戴寧","'999","'2","'0710223","27","臺灣省","大專","N","*"," "
"'03","'020","'01","'000","'0000","6","黃露慧","'16","'2","'0560113","42","臺灣省","大專","Y","*"," "
"'03","'020","'01","'000","'0000","7","黃盈智","'16","'1","'0610125","37","臺灣省","碩士","N","*"," "
"'03","'020","'01","'000","'0000","8","張榮藏","'999","'1","'0310705","67","臺灣省","大專","Y","*"," "
"'03","'020","'01","'000","'0000","9","邱芳欽","'999","'1","'0440802","54","臺灣省","高中","Y","*"," "
"'03","'020","'01","'000","'0000","10","郭明賓","'1","'1","'0480318","50","臺灣省","大專","Y","*"," "
"'03","'020","'01","'000","'0000","11","張敏琪","'1","'2","'0620427","36","高雄市","其他","Y","*"," "
"'03","'020","'01","'000","'0000","12","蔡永泉","'95","'1","'0410121","57","臺灣省","大專","Y","*"," "
"'03","'020","'01","'000","'0000","13","林瑞霞","'999","'2","'0430505","55","臺灣省","碩士","N"," "," "
"'03","'020","'01","'000","'0000","14","黃國村","'1","'1","'0320711","66","臺灣省","大專","N","*"," "
"'03","'020","'02","'000","'0000","1","王美惠","'16","'2","'0540415","44","臺灣省","高中","Y","*"," "
"'03","'020","'02","'000","'0000","2","張志成","'1","'1","'0570913","41","臺灣省","碩士","N"," "," "
"'03","'020","'02","'000","'0000","3","鄭俊亨","'1","'1","'0350601","63","臺灣省","大專","Y","*"," "
"'03","'020","'02","'000","'0000","4","譚國華","'1","'1","'0610613","37","臺灣省","高中","N"," "," "
"'03","'020","'02","'000","'0000","5","廖天隆","'999","'1","'0351228","63","臺灣省","高中","Y","*"," "
"'03","'020","'02","'000","'0000","6","陳幸枝","'16","'2","'0490606","49","臺灣省","高中","Y","*"," "
"'03","'020","'02","'000","'0000","7","吳上明","'999","'1","'0361123","62","臺灣省","高中","Y","*"," "
"'03","'020","'02","'000","'0000","8","李忠曆","'999","'1","'0540530","44","臺灣省","高中","N","*"," "
"'03","'020","'02","'000","'0000","9","蔡文旭","'16","'1","'0520702","46","臺灣省","大專","Y","*"," "
"'03","'020","'02","'000","'0000","10","蔡坤龍","'999","'1","'0540312","44","臺灣省","大專","N"," "," "
"'03","'020","'02","'000","'0000","11","黃正男","'16","'1","'0300117","68","臺灣省","大專","Y","*"," "
"'03","'020","'02","'000","'0000","12","蔡榮豐","'999","'1","'0450410","53","臺灣省","大專","Y","*"," "
"'03","'020","'02","'000","'0000","13","林承勳","'999","'1","'0501003","48","臺灣省","碩士","Y","*"," "
"'03","'020","'02","'000","'0000","14","張秀華","'1","'2","'0460926","52","臺灣省","大專","Y","*"," "
"'03","'020","'02","'000","'0000","15","陳文齡","'1","'1","'0320421","66","其他","大專","Y","*"," "
"'03","'020","'02","'000","'0000","16","蔡貴絲","'1","'2","'0450301","53","臺灣省","大專","Y","*"," "
"'04","'001","'01","'000","'0000","1","洪麗萍","'1","'2","'0570830","41","金馬地區","高中","Y","*"," "
"'04","'001","'01","'000","'0000","2","李誠智","'1","'1","'0650617","33","金馬地區","大專","Y","*"," "
"'04","'001","'01","'000","'0000","3","胡偉生","'1","'1","'0460206","52","金馬地區","高中","N"," "," "
"'04","'001","'01","'000","'0000","4","陳滄江","'16","'1","'0440610","54","金馬地區","碩士","N"," "," "
"'04","'001","'01","'000","'0000","5","洪篤全","'999","'1","'0470420","51","金馬地區","大專","N"," "," "
"'04","'001","'01","'000","'0000","6","王碧珍","'999","'2","'0480108","50","金馬地區","大專","N","*"," "
"'04","'001","'01","'000","'0000","7","楊永立","'999","'1","'0480404","50","金馬地區","高中","Y","*"," "
"'04","'001","'01","'000","'0000","8","許燕道","'999","'1","'0500116","48","金馬地區","高中","Y","*"," "
"'04","'001","'01","'000","'0000","9","許玉昭","'1","'2","'0540814","44","金馬地區","碩士","Y","*"," "
"'04","'001","'01","'000","'0000","10","李錫添","'1","'1","'0550920","43","金馬地區","大專","N"," "," "
"'04","'001","'01","'000","'0000","11","唐麗輝","'999","'2","'0460507","52","金馬地區","碩士","N","*"," "
"'04","'001","'01","'000","'0000","12","許華玉","'1","'2","'0431203","55","金馬地區","高中","Y"," "," "
"'04","'001","'01","'000","'0000","13","歐陽儀雄","'999","'1","'0620403","36","臺北市","大專","N","*"," "
"'04","'001","'01","'000","'0000","14","許建中","'1","'1","'0511208","47","金馬地區","其他","Y","*"," "
"'04","'001","'01","'000","'0000","15","洪允典","'1","'1","'0410903","57","金馬地區","高中","Y","*"," "
"'04","'001","'01","'000","'0000","16","林金量","'1","'1","'0431112","55","金馬地區","大專","N","*"," "
"'04","'001","'01","'000","'0000","17","林孫全","'1","'1","'0411210","57","金馬地區","其他","N","*"," "
"'04","'001","'02","'000","'0000","1","李麗貌","'1","'2","'0441116","54","金馬地區","高中","Y","*"," "
"'04","'001","'02","'000","'0000","2","王再生","'999","'1","'0350630","63","金馬地區","其他","Y","*"," "
"'04","'001","'02","'000","'0000","3","楊應雄","'1","'1","'0460608","52","金馬地區","大專","Y","*"," "
"'04","'001","'02","'000","'0000","4","陳向鑫","'1","'1","'0660624","32","金馬地區","碩士","N"," "," "
"'04","'001","'02","'000","'0000","5","蔡春生","'999","'1","'0430427","55","金馬地區","高中","N","*"," "
"'04","'001","'02","'000","'0000","6","鄭根本","'999","'1","'0490806","49","金馬地區","高中","N"," "," "
"'04","'001","'02","'000","'0000","7","李應文","'1","'1","'0680412","30","金馬地區","碩士","N"," "," "
"'04","'001","'02","'000","'0000","8","周子傑","'999","'1","'0620118","36","金馬地區","高中","N"," "," "
"'04","'001","'02","'000","'0000","9","謝東龍","'999","'1","'0590314","39","金馬地區","高中","N","*"," "
"'04","'001","'02","'000","'0000","10","張志凱","'999","'1","'0580819","40","金馬地區","高中","N"," "," "
"'04","'001","'02","'000","'0000","11","陳玉珍","'999","'2","'0621029","36","金馬地區","碩士","Y"," "," "
"'04","'001","'02","'000","'0000","12","李成義","'999","'1","'0490602","49","金馬地區","大專","N","*"," "
"'04","'001","'02","'000","'0000","13","蔡水游","'999","'1","'0461215","52","金馬地區","高中","Y","*"," "
"'04","'002","'01","'000","'0000","1","曹丞君","'999","'2","'0650723","33","金馬地區","高中","N","*"," "
"'04","'002","'01","'000","'0000","2","李金梅","'1","'2","'0450203","53","金馬地區","高中","Y","*"," "
"'04","'002","'01","'000","'0000","3","曹爾章","'1","'1","'0591213","39","金馬地區","大專","N","*"," "
"'04","'002","'01","'000","'0000","4","林惠萍","'1","'2","'0620808","36","臺灣省","大專","N","*"," "
"'04","'002","'01","'000","'0000","5","陳書建","'1","'1","'0461220","52","金馬地區","高中","Y"," "," "
"'04","'002","'01","'000","'0000","6","曹以標","'999","'1","'0521005","46","金馬地區","高中","Y","*"," "
"'04","'002","'01","'000","'0000","7","林貽祥","'1","'1","'0481027","50","金馬地區","大專","Y"," "," "
"'04","'002","'02","'000","'0000","1","謝承春","'999","'1","'0500120","48","金馬地區","高中","Y","*"," "
"'04","'002","'02","'000","'0000","2","王長明","'999","'1","'0470222","51","金馬地區","其他","N"," "," "
"'04","'002","'02","'000","'0000","3","陳貴忠","'999","'1","'0500310","48","金馬地區","大專","Y","*"," "
"'04","'002","'03","'000","'0000","1","陳建光","'1","'1","'0411224","57","金馬地區","大專","Y","*"," "
"'04","'002","'04","'000","'0000","1","張永江","'999","'1","'0490623","49","金馬地區","其他","Y","*"," "
